time,enrolled,available,waitlisted,total
2024-04-10T16:59:15,0,25,0,25
2024-04-10T17:06:08,0,25,0,25
2024-04-10T17:13:02,0,25,0,25
2024-04-10T17:20:14,0,25,0,25
2024-04-10T17:27:08,0,25,0,25
2024-04-10T17:34:01,0,25,0,25
2024-04-10T17:40:54,0,25,0,25
2024-04-10T17:47:48,0,25,0,25
2024-04-10T17:54:41,0,25,0,25
2024-04-10T18:01:34,0,25,0,25
2024-04-10T18:08:27,0,25,0,25
2024-04-10T18:15:21,0,25,0,25
2024-04-10T18:22:14,0,25,0,25
2024-04-10T18:29:07,0,25,0,25
2024-04-10T18:36:00,0,25,0,25
2024-04-10T18:42:54,0,25,0,25
2024-04-10T18:49:59,0,25,0,25
2024-04-10T18:56:52,0,25,0,25
2024-04-10T19:03:45,0,25,0,25
2024-04-10T19:10:38,0,25,0,25
2024-04-10T19:17:32,0,25,0,25
2024-04-10T19:24:25,0,25,0,25
2024-04-10T19:31:18,0,25,0,25
2024-04-10T19:38:11,0,25,0,25
2024-04-10T19:45:04,0,25,0,25
2024-04-10T19:51:58,0,25,0,25
2024-04-10T19:58:51,0,25,0,25
2024-04-10T20:05:50,0,25,0,25
2024-04-10T20:12:43,0,25,0,25
2024-04-10T20:19:36,0,25,0,25
2024-04-10T20:26:40,0,25,0,25
2024-04-10T20:33:33,0,25,0,25
2024-04-10T20:40:29,0,25,0,25
2024-04-10T20:47:22,0,25,0,25
2024-04-10T20:54:15,0,25,0,25
2024-04-10T21:01:08,0,25,0,25
2024-04-10T21:08:01,0,25,0,25
2024-04-10T21:14:55,0,25,0,25
2024-04-10T21:21:49,0,25,0,25
2024-04-10T21:28:42,0,25,0,25
2024-04-10T21:35:35,0,25,0,25
2024-04-10T21:42:29,0,25,0,25
2024-04-10T21:49:22,0,25,0,25
2024-04-10T21:56:16,0,25,0,25
2024-04-10T22:03:29,0,25,0,25
2024-04-10T22:10:23,0,25,0,25
2024-04-10T22:17:16,0,25,0,25
2024-04-10T22:24:09,0,25,0,25
2024-04-10T22:31:03,0,25,0,25
2024-04-10T22:37:56,0,25,0,25
2024-04-10T22:44:49,0,25,0,25
2024-04-10T22:51:42,0,25,0,25
2024-04-10T22:58:36,0,25,0,25
2024-04-10T23:05:29,0,25,0,25
2024-04-10T23:12:23,0,25,0,25
2024-04-10T23:19:17,0,25,0,25
2024-04-10T23:26:10,0,25,0,25
2024-04-10T23:33:04,0,25,0,25
2024-04-10T23:39:57,0,25,0,25
2024-04-10T23:46:51,0,25,0,25
2024-04-10T23:53:54,0,25,0,25
2024-04-11T00:00:48,0,25,0,25
2024-04-11T00:07:42,0,25,0,25
2024-04-11T00:14:38,0,25,0,25
2024-04-11T00:21:34,0,25,0,25
2024-04-11T00:28:28,0,25,0,25
2024-04-11T00:35:22,0,25,0,25
2024-04-11T00:42:17,0,25,0,25
2024-04-11T00:49:13,0,25,0,25
2024-04-11T00:56:07,0,25,0,25
2024-04-11T01:03:01,0,25,0,25
2024-04-11T01:09:55,0,25,0,25
2024-04-11T01:16:50,0,25,0,25
2024-04-11T01:23:44,0,25,0,25
2024-04-11T01:30:37,0,25,0,25
2024-04-11T01:37:31,0,25,0,25
2024-04-11T01:44:35,0,25,0,25
2024-04-11T01:51:29,0,25,0,25
2024-04-11T01:58:22,0,25,0,25
2024-04-11T02:05:16,0,25,0,25
2024-04-11T02:12:09,0,25,0,25
2024-04-11T02:19:08,0,25,0,25
2024-04-11T02:26:02,0,25,0,25
2024-04-11T02:32:56,0,25,0,25
2024-04-11T02:39:49,0,25,0,25
2024-04-11T02:46:42,0,25,0,25
2024-04-11T02:53:36,0,25,0,25
2024-04-11T03:00:29,0,25,0,25
2024-04-11T03:07:23,0,25,0,25
2024-04-11T03:14:16,0,25,0,25
2024-04-11T03:21:10,0,25,0,25
2024-04-11T03:28:03,0,25,0,25
2024-04-11T03:34:56,0,25,0,25
2024-04-11T03:41:50,0,25,0,25
2024-04-11T03:48:43,0,25,0,25
2024-04-11T03:55:37,0,25,0,25
2024-04-11T04:02:31,0,25,0,25
2024-04-11T04:09:25,0,25,0,25
2024-04-12T23:59:40,0,25,0,25
2024-04-13T00:06:38,0,25,0,25
2024-04-13T00:13:36,0,25,0,25
2024-04-13T00:20:34,0,25,0,25
2024-04-13T00:27:34,0,25,0,25
2024-04-13T00:34:31,0,25,0,25
2024-04-13T00:41:29,0,25,0,25
2024-04-13T00:48:26,0,25,0,25
2024-04-13T00:55:23,0,25,0,25
2024-04-13T01:02:22,0,25,0,25
2024-04-13T01:09:18,0,25,0,25
2024-04-13T01:16:15,0,25,0,25
2024-04-13T01:23:12,0,25,0,25
2024-04-13T01:30:08,0,25,0,25
2024-04-13T01:37:05,0,25,0,25
2024-04-13T01:44:02,0,25,0,25
2024-04-13T01:50:59,0,25,0,25
2024-04-13T01:57:55,0,25,0,25
2024-04-13T02:04:52,0,25,0,25
2024-04-13T02:11:49,0,25,0,25
2024-04-13T02:18:46,0,25,0,25
2024-04-13T02:25:51,0,25,0,25
2024-04-13T02:32:47,0,25,0,25
2024-04-13T02:39:44,0,25,0,25
2024-04-13T02:46:40,0,25,0,25
2024-04-13T02:53:36,0,25,0,25
2024-04-13T03:00:33,0,25,0,25
2024-04-13T03:07:29,0,25,0,25
2024-04-13T03:14:26,0,25,0,25
2024-04-13T03:21:22,0,25,0,25
2024-04-13T03:28:19,0,25,0,25
2024-04-13T03:35:15,0,25,0,25
2024-04-13T03:42:12,0,25,0,25
2024-04-13T03:49:09,0,25,0,25
2024-04-13T03:56:05,0,25,0,25
2024-04-13T04:03:01,0,25,0,25
2024-04-13T04:09:58,0,25,0,25
2024-04-13T04:16:54,0,25,0,25
2024-04-13T09:56:40,0,25,0,25
2024-04-13T10:01:37,0,25,0,25
2024-04-13T10:09:52,0,25,0,25
2024-04-13T10:16:49,0,25,0,25
2024-04-13T10:23:46,0,25,0,25
2024-04-13T10:30:43,0,25,0,25
2024-04-13T10:37:40,0,25,0,25
2024-04-13T10:44:36,0,25,0,25
2024-04-13T10:51:33,0,25,0,25
2024-04-13T10:58:30,0,25,0,25
2024-04-13T11:05:26,0,25,0,25
2024-04-13T11:12:23,0,25,0,25
2024-04-13T11:19:19,0,25,0,25
2024-04-13T11:26:16,0,25,0,25
2024-04-13T11:33:12,0,25,0,25
2024-04-13T11:40:18,0,25,0,25
2024-04-13T11:47:15,0,25,0,25
2024-04-13T11:54:11,0,25,0,25
2024-04-13T12:01:08,0,25,0,25
2024-04-13T12:08:05,0,25,0,25
2024-04-13T12:15:01,0,25,0,25
2024-04-13T12:21:58,0,25,0,25
2024-04-13T12:28:54,0,25,0,25
2024-04-13T12:35:51,0,25,0,25
2024-04-13T12:42:48,0,25,0,25
2024-04-13T12:49:44,0,25,0,25
2024-04-13T12:56:41,0,25,0,25
2024-04-13T13:03:37,0,25,0,25
2024-04-13T13:10:34,0,25,0,25
2024-04-13T13:17:30,0,25,0,25
2024-04-13T13:24:27,0,25,0,25
2024-04-13T13:31:23,0,25,0,25
2024-04-13T13:38:20,0,25,0,25
2024-04-13T13:45:16,0,25,0,25
2024-04-13T13:52:13,0,25,0,25
2024-04-13T13:59:09,0,25,0,25
2024-04-13T14:06:06,0,25,0,25
2024-04-13T14:13:19,0,25,0,25
2024-04-13T14:20:15,0,25,0,25
2024-04-13T14:27:12,0,25,0,25
2024-04-13T14:34:08,0,25,0,25
2024-04-13T14:41:04,0,25,0,25
2024-04-13T14:48:00,0,25,0,25
2024-04-13T14:54:56,0,25,0,25
2024-04-13T15:01:53,0,25,0,25
2024-04-13T15:08:49,0,25,0,25
2024-04-13T15:15:45,0,25,0,25
2024-04-13T15:22:41,0,25,0,25
2024-04-13T15:29:38,0,25,0,25
2024-04-13T15:36:34,0,25,0,25
2024-04-13T15:43:30,0,25,0,25
2024-04-13T15:50:27,0,25,0,25
2024-04-13T15:57:23,0,25,0,25
2024-04-13T16:04:19,0,25,0,25
2024-04-13T16:11:15,0,25,0,25
2024-04-13T16:18:12,0,25,0,25
2024-04-13T16:25:08,0,25,0,25
2024-04-13T16:32:05,0,25,0,25
2024-04-13T16:39:01,0,25,0,25
2024-04-13T16:45:58,0,25,0,25
2024-04-13T16:52:55,0,25,0,25
2024-04-13T16:59:51,0,25,0,25
2024-04-13T17:06:58,0,25,0,25
2024-04-13T17:13:55,0,25,0,25
2024-04-13T17:20:52,0,25,0,25
2024-04-13T17:27:48,0,25,0,25
2024-04-13T17:34:44,0,25,0,25
2024-04-13T17:41:41,0,25,0,25
2024-04-13T17:48:37,0,25,0,25
2024-04-13T17:55:34,0,25,0,25
2024-04-13T18:02:30,0,25,0,25
2024-04-13T18:09:26,0,25,0,25
2024-04-13T18:16:23,0,25,0,25
2024-04-13T18:23:19,0,25,0,25
2024-04-13T18:30:15,0,25,0,25
2024-04-13T18:37:12,0,25,0,25
2024-04-13T18:44:08,0,25,0,25
2024-04-13T18:51:04,0,25,0,25
2024-04-13T18:58:00,0,25,0,25
2024-04-13T19:04:57,0,25,0,25
2024-04-13T19:11:53,0,25,0,25
2024-04-13T19:18:49,0,25,0,25
2024-04-13T19:25:45,0,25,0,25
2024-04-13T19:32:42,0,25,0,25
2024-04-13T19:39:39,0,25,0,25
2024-04-13T19:46:35,0,25,0,25
2024-04-13T19:53:31,0,25,0,25
2024-04-13T20:00:27,0,25,0,25
2024-04-13T20:07:24,0,25,0,25
2024-04-13T20:14:20,0,25,0,25
2024-04-13T20:21:33,0,25,0,25
2024-04-13T20:28:29,0,25,0,25
2024-04-13T20:35:26,0,25,0,25
2024-04-13T20:42:22,0,25,0,25
2024-04-13T20:49:18,0,25,0,25
2024-04-13T20:56:15,0,25,0,25
2024-04-13T21:03:11,0,25,0,25
2024-04-13T21:10:08,0,25,0,25
2024-04-13T21:17:05,0,25,0,25
2024-04-13T21:24:02,0,25,0,25
2024-04-13T21:31:01,0,25,0,25
2024-04-13T21:37:58,0,25,0,25
2024-04-13T21:44:54,0,25,0,25
2024-04-13T21:51:51,0,25,0,25
2024-04-13T21:58:47,0,25,0,25
2024-04-13T22:05:44,0,25,0,25
2024-04-13T22:12:40,0,25,0,25
2024-04-13T22:19:37,0,25,0,25
2024-04-13T22:26:33,0,25,0,25
2024-04-13T22:33:30,0,25,0,25
2024-04-13T22:40:27,0,25,0,25
2024-04-13T22:47:23,0,25,0,25
2024-04-13T22:54:20,0,25,0,25
2024-04-13T23:01:16,0,25,0,25
2024-04-13T23:08:13,0,25,0,25
2024-04-13T23:15:09,0,25,0,25
2024-04-13T23:22:06,0,25,0,25
2024-04-13T23:29:02,0,25,0,25
2024-04-13T23:36:09,0,25,0,25
2024-04-13T23:43:05,0,25,0,25
2024-04-13T23:50:02,0,25,0,25
2024-04-13T23:56:58,0,25,0,25
2024-04-14T00:03:55,0,25,0,25
2024-04-14T00:10:52,0,25,0,25
2024-04-14T00:17:51,0,25,0,25
2024-04-14T00:24:49,0,25,0,25
2024-04-14T00:31:46,0,25,0,25
2024-04-14T00:38:44,0,25,0,25
2024-04-14T00:45:41,0,25,0,25
2024-04-14T00:52:39,0,25,0,25
2024-04-14T00:59:36,0,25,0,25
2024-04-14T01:06:33,0,25,0,25
2024-04-14T01:13:29,0,25,0,25
2024-04-14T01:20:26,0,25,0,25
2024-04-14T01:27:22,0,25,0,25
2024-04-14T01:34:19,0,25,0,25
2024-04-14T01:41:16,0,25,0,25
2024-04-14T01:48:12,0,25,0,25
2024-04-14T01:55:09,0,25,0,25
2024-04-14T02:02:06,0,25,0,25
2024-04-14T02:09:03,0,25,0,25
2024-04-14T02:16:00,0,25,0,25
2024-04-14T02:22:57,0,25,0,25
2024-04-14T02:29:54,0,25,0,25
2024-04-14T02:36:51,0,25,0,25
2024-04-14T02:43:48,0,25,0,25
2024-04-14T02:50:44,0,25,0,25
2024-04-14T02:57:41,0,25,0,25
2024-04-14T03:04:38,0,25,0,25
2024-04-14T03:11:35,0,25,0,25
2024-04-14T03:18:32,0,25,0,25
2024-04-14T03:25:29,0,25,0,25
2024-04-14T03:32:25,0,25,0,25
2024-04-14T03:39:22,0,25,0,25
2024-04-14T03:46:19,0,25,0,25
2024-04-14T03:53:15,0,25,0,25
2024-04-14T04:00:12,0,25,0,25
2024-04-14T12:38:03,0,25,0,25
2024-04-14T12:45:00,0,25,0,25
2024-04-14T12:51:56,0,25,0,25
2024-04-14T12:58:52,0,25,0,25
2024-04-14T13:05:48,0,25,0,25
2024-04-14T13:12:45,0,25,0,25
2024-04-14T13:19:41,0,25,0,25
2024-04-14T13:26:38,0,25,0,25
2024-04-14T13:33:35,0,25,0,25
2024-04-14T13:40:31,0,25,0,25
2024-04-14T13:47:27,0,25,0,25
2024-04-14T13:54:24,0,25,0,25
2024-04-14T14:01:20,0,25,0,25
2024-04-14T14:08:17,0,25,0,25
2024-04-14T14:15:13,0,25,0,25
2024-04-14T14:22:09,0,25,0,25
2024-04-14T14:29:05,0,25,0,25
2024-04-14T14:36:02,0,25,0,25
2024-04-14T14:42:58,0,25,0,25
2024-04-14T14:49:54,0,25,0,25
2024-04-14T14:57:10,0,25,0,25
2024-04-14T15:04:06,0,25,0,25
2024-04-14T15:11:02,0,25,0,25
2024-04-14T15:17:59,0,25,0,25
2024-04-14T15:24:55,0,25,0,25
2024-04-14T15:31:51,0,25,0,25
2024-04-14T15:38:47,0,25,0,25
2024-04-14T15:45:44,0,25,0,25
2024-04-14T15:52:40,0,25,0,25
2024-04-14T15:59:36,0,25,0,25
2024-04-14T16:06:33,0,25,0,25
2024-04-14T16:13:30,0,25,0,25
2024-04-14T16:20:26,0,25,0,25
2024-04-14T16:27:24,0,25,0,25
2024-04-14T16:34:20,0,25,0,25
2024-04-14T16:41:17,0,25,0,25
2024-04-14T16:48:13,0,25,0,25
2024-04-14T16:55:19,0,25,0,25
2024-04-14T17:02:16,0,25,0,25
2024-04-14T17:09:12,0,25,0,25
2024-04-14T17:16:09,0,25,0,25
2024-04-14T17:23:05,0,25,0,25
2024-04-14T17:30:01,0,25,0,25
2024-04-14T17:36:58,0,25,0,25
2024-04-14T17:43:54,0,25,0,25
2024-04-14T17:50:50,0,25,0,25
2024-04-14T17:57:47,0,25,0,25
2024-04-14T18:04:44,0,25,0,25
2024-04-14T18:11:40,0,25,0,25
2024-04-14T18:18:37,0,25,0,25
2024-04-14T18:25:34,0,25,0,25
2024-04-14T18:32:31,0,25,0,25
2024-04-14T18:39:28,0,25,0,25
2024-04-14T18:46:25,0,25,0,25
2024-04-14T18:53:22,0,25,0,25
2024-04-14T19:00:19,0,25,0,25
2024-04-14T19:07:16,0,25,0,25
2024-04-14T19:14:13,0,25,0,25
2024-04-14T19:21:20,0,25,0,25
2024-04-14T19:28:17,0,25,0,25
2024-04-14T19:35:13,0,25,0,25
2024-04-14T19:42:10,0,25,0,25
2024-04-14T19:49:07,0,25,0,25
2024-04-14T19:56:04,0,25,0,25
2024-04-14T20:03:01,0,25,0,25
2024-04-14T20:09:58,0,25,0,25
2024-04-14T20:16:55,0,25,0,25
2024-04-14T20:23:51,0,25,0,25
2024-04-14T20:30:48,0,25,0,25
2024-04-14T20:37:44,0,25,0,25
2024-04-14T20:44:41,0,25,0,25
2024-04-14T20:51:37,0,25,0,25
2024-04-14T20:58:34,0,25,0,25
2024-04-14T21:05:30,0,25,0,25
2024-04-14T21:12:27,0,25,0,25
2024-04-14T21:19:24,0,25,0,25
2024-04-14T21:26:21,0,25,0,25
2024-04-14T21:33:35,0,25,0,25
2024-04-14T21:40:32,0,25,0,25
2024-04-14T21:47:28,0,25,0,25
2024-04-14T21:54:25,0,25,0,25
2024-04-14T22:01:22,0,25,0,25
2024-04-14T22:08:19,0,25,0,25
2024-04-14T22:15:16,0,25,0,25
2024-04-14T22:22:13,0,25,0,25
2024-04-14T22:29:09,0,25,0,25
2024-04-14T22:36:08,0,25,0,25
2024-04-14T22:43:05,0,25,0,25
2024-04-14T22:50:02,0,25,0,25
2024-04-14T22:56:59,0,25,0,25
2024-04-14T23:03:55,0,25,0,25
2024-04-14T23:10:52,0,25,0,25
2024-04-14T23:17:49,0,25,0,25
2024-04-14T23:24:46,0,25,0,25
2024-04-14T23:31:43,0,25,0,25
2024-04-14T23:38:40,0,25,0,25
2024-04-14T23:45:36,0,25,0,25
2024-04-14T23:52:33,0,25,0,25
2024-04-14T23:59:29,0,25,0,25
2024-04-15T00:06:37,0,25,0,25
2024-04-15T00:13:34,0,25,0,25
2024-04-15T00:20:32,0,25,0,25
2024-04-15T00:27:31,0,25,0,25
2024-04-15T00:34:28,0,25,0,25
2024-04-15T00:41:27,0,25,0,25
2024-04-15T00:48:25,0,25,0,25
2024-04-15T00:55:21,0,25,0,25
2024-04-15T01:02:20,0,25,0,25
2024-04-15T01:09:18,0,25,0,25
2024-04-15T01:16:15,0,25,0,25
2024-04-15T01:23:12,0,25,0,25
2024-04-15T01:30:09,0,25,0,25
2024-04-15T01:37:06,0,25,0,25
2024-04-15T01:44:02,0,25,0,25
2024-04-15T01:50:59,0,25,0,25
2024-04-15T01:57:56,0,25,0,25
2024-04-15T02:04:52,0,25,0,25
2024-04-15T02:11:49,0,25,0,25
2024-04-15T02:18:46,0,25,0,25
2024-04-15T02:25:43,0,25,0,25
2024-04-15T02:33:05,0,25,0,25
2024-04-15T02:40:02,0,25,0,25
2024-04-15T02:46:58,0,25,0,25
2024-04-15T02:53:55,0,25,0,25
2024-04-15T03:00:52,0,25,0,25
2024-04-15T03:07:49,0,25,0,25
2024-04-15T03:14:45,0,25,0,25
2024-04-15T03:21:42,0,25,0,25
2024-04-15T03:28:39,0,25,0,25
2024-04-15T03:35:36,0,25,0,25
2024-04-15T03:42:33,0,25,0,25
2024-04-15T03:49:29,0,25,0,25
2024-04-15T03:56:26,0,25,0,25
2024-04-15T04:03:23,0,25,0,25
2024-04-15T04:17:28,0,25,0,25
2024-04-15T04:24:26,0,25,0,25
2024-04-15T04:31:23,0,25,0,25
2024-04-15T04:39:42,0,25,0,25
2024-04-15T04:46:57,0,25,0,25
2024-04-15T04:53:55,0,25,0,25
2024-04-15T05:00:51,0,25,0,25
2024-04-15T05:07:50,0,25,0,25
2024-04-15T05:14:47,0,25,0,25
2024-04-15T05:21:44,0,25,0,25
2024-04-15T05:28:41,0,25,0,25
2024-04-15T05:35:39,0,25,0,25
2024-04-15T05:42:36,0,25,0,25
2024-04-15T05:49:32,0,25,0,25
2024-04-15T05:56:29,0,25,0,25
2024-04-15T06:03:30,0,25,0,25
2024-04-15T06:10:26,0,25,0,25
2024-04-15T06:17:23,0,25,0,25
2024-04-15T06:24:20,0,25,0,25
2024-04-15T06:31:17,0,25,0,25
2024-04-15T06:38:13,0,25,0,25
2024-04-15T06:45:10,0,25,0,25
2024-04-15T06:52:08,0,25,0,25
2024-04-15T06:59:07,0,25,0,25
2024-04-15T07:06:05,0,25,0,25
2024-04-15T07:13:01,0,25,0,25
2024-04-15T07:20:00,0,25,0,25
2024-04-15T07:26:56,0,25,0,25
2024-04-15T07:33:53,0,25,0,25
2024-04-15T07:40:49,0,25,0,25
2024-04-15T07:47:46,0,25,0,25
2024-04-15T07:54:52,0,25,0,25
2024-04-15T08:01:49,0,25,0,25
2024-04-15T08:08:46,0,25,0,25
2024-04-15T08:15:44,0,25,0,25
2024-04-15T08:22:40,0,25,0,25
2024-04-15T08:29:37,0,25,0,25
2024-04-15T08:36:34,0,25,0,25
2024-04-15T08:43:31,0,25,0,25
2024-04-15T08:50:28,0,25,0,25
2024-04-15T08:57:25,0,25,0,25
2024-04-15T09:04:22,0,25,0,25
2024-04-15T09:11:19,0,25,0,25
2024-04-15T09:18:15,0,25,0,25
2024-04-15T09:25:12,0,25,0,25
2024-04-15T09:31:53,0,25,0,25
2024-04-15T09:38:49,0,25,0,25
2024-04-15T09:45:46,0,25,0,25
2024-04-15T09:52:42,0,25,0,25
2024-04-15T09:59:47,0,25,0,25
2024-04-15T10:06:44,0,25,0,25
2024-04-15T10:13:41,0,25,0,25
2024-04-15T10:20:37,0,25,0,25
2024-04-15T10:27:34,0,25,0,25
2024-04-15T10:34:30,0,25,0,25
2024-04-15T10:41:26,0,25,0,25
2024-04-15T10:48:23,0,25,0,25
2024-04-15T10:55:19,0,25,0,25
2024-04-15T11:02:16,0,25,0,25
2024-04-15T11:09:13,0,25,0,25
2024-04-15T11:16:09,0,25,0,25
2024-04-15T11:23:17,0,25,0,25
2024-04-15T11:30:13,0,25,0,25
2024-04-15T11:37:10,0,25,0,25
2024-04-15T11:44:06,0,25,0,25
2024-04-15T11:51:02,0,25,0,25
2024-04-15T11:57:59,0,25,0,25
2024-04-15T12:04:56,0,25,0,25
2024-04-15T12:12:02,0,25,0,25
2024-04-15T12:18:59,0,25,0,25
2024-04-15T12:25:55,0,25,0,25
2024-04-15T12:32:52,0,25,0,25
2024-04-15T12:39:48,0,25,0,25
2024-04-15T12:46:44,0,25,0,25
2024-04-15T12:53:40,0,25,0,25
2024-04-15T13:00:37,0,25,0,25
2024-04-15T13:07:33,0,25,0,25
2024-04-15T13:14:29,0,25,0,25
2024-04-15T13:21:26,0,25,0,25
2024-04-15T13:28:33,0,25,0,25
2024-04-15T13:35:31,0,25,0,25
2024-04-15T13:42:30,0,25,0,25
2024-04-15T13:49:29,0,25,0,25
2024-04-15T13:56:28,0,25,0,25
2024-04-15T14:03:27,0,25,0,25
2024-04-15T14:10:25,0,25,0,25
2024-04-15T14:17:23,0,25,0,25
2024-04-15T14:24:20,0,25,0,25
2024-04-15T14:31:18,0,25,0,25
2024-04-15T14:38:16,0,25,0,25
2024-04-15T14:45:13,0,25,0,25
2024-04-15T14:52:21,0,25,0,25
2024-04-15T14:59:19,0,25,0,25
2024-04-15T15:06:21,0,25,0,25
2024-04-15T15:13:18,0,25,0,25
2024-04-15T15:20:16,0,25,0,25
2024-04-15T15:27:14,0,25,0,25
2024-04-15T15:34:12,0,25,0,25
2024-04-15T15:41:09,0,25,0,25
2024-04-15T15:48:06,0,25,0,25
2024-04-15T15:55:04,0,25,0,25
2024-04-15T16:02:12,0,25,0,25
2024-04-15T16:09:09,0,25,0,25
2024-04-15T16:16:07,0,25,0,25
2024-04-15T16:23:05,0,25,0,25
2024-04-15T16:30:03,0,25,0,25
2024-04-15T16:37:00,0,25,0,25
2024-04-15T16:43:58,0,25,0,25
2024-04-15T16:50:55,0,25,0,25
2024-04-15T16:57:53,0,25,0,25
2024-04-15T17:04:50,0,25,0,25
2024-04-15T17:11:48,0,25,0,25
2024-04-15T17:18:47,0,25,0,25
2024-04-15T17:25:56,0,25,0,25
2024-04-15T17:32:54,0,25,0,25
2024-04-15T17:39:52,0,25,0,25
2024-04-15T17:46:49,0,25,0,25
2024-04-15T17:53:46,0,25,0,25
2024-04-15T18:00:43,0,25,0,25
2024-04-15T18:07:41,0,25,0,25
2024-04-15T18:14:38,0,25,0,25
2024-04-15T18:21:36,0,25,0,25
2024-04-15T18:28:33,0,25,0,25
2024-04-15T18:35:31,0,25,0,25
2024-04-15T18:42:29,0,25,0,25
2024-04-15T18:49:26,0,25,0,25
2024-04-15T18:56:23,0,25,0,25
2024-04-15T19:03:21,0,25,0,25
2024-04-15T19:10:29,0,25,0,25
2024-04-15T19:17:26,0,25,0,25
2024-04-15T19:24:23,0,25,0,25
2024-04-15T19:31:21,0,25,0,25
2024-04-15T19:38:18,0,25,0,25
2024-04-15T19:45:15,0,25,0,25
2024-04-15T19:52:13,0,25,0,25
2024-04-15T19:59:10,0,25,0,25
2024-04-15T20:06:08,0,25,0,25
2024-04-15T20:13:05,0,25,0,25
2024-04-15T20:20:02,0,25,0,25
2024-04-15T20:27:00,0,25,0,25
2024-04-15T20:33:58,0,25,0,25
2024-04-15T20:40:55,0,25,0,25
2024-04-15T20:47:52,0,25,0,25
2024-04-15T20:54:50,0,25,0,25
2024-04-15T21:01:47,0,25,0,25
2024-04-15T21:08:55,0,25,0,25
2024-04-15T21:15:53,0,25,0,25
2024-04-15T21:22:51,0,25,0,25
2024-04-15T21:29:48,0,25,0,25
2024-04-15T21:36:46,0,25,0,25
2024-04-15T21:43:43,0,25,0,25
2024-04-15T21:50:42,0,25,0,25
2024-04-15T21:57:40,0,25,0,25
2024-04-15T22:04:38,0,25,0,25
2024-04-15T22:11:35,0,25,0,25
2024-04-15T22:18:33,0,25,0,25
2024-04-15T22:25:31,0,25,0,25
2024-04-15T22:32:28,0,25,0,25
2024-04-15T22:39:26,0,25,0,25
2024-04-15T22:46:23,0,25,0,25
2024-04-15T22:53:21,0,25,0,25
2024-04-15T23:00:18,0,25,0,25
2024-04-15T23:07:26,0,25,0,25
2024-04-15T23:14:24,0,25,0,25
2024-04-15T23:21:21,0,25,0,25
2024-04-15T23:28:19,0,25,0,25
2024-04-15T23:35:17,0,25,0,25
2024-04-15T23:42:14,0,25,0,25
2024-04-15T23:49:11,0,25,0,25
2024-04-15T23:56:09,0,25,0,25
2024-04-16T00:03:09,0,25,0,25
2024-04-16T00:10:07,0,25,0,25
2024-04-16T00:17:08,0,25,0,25
2024-04-16T00:24:07,0,25,0,25
2024-04-16T00:31:05,0,25,0,25
2024-04-16T00:38:04,0,25,0,25
2024-04-16T00:45:03,0,25,0,25
2024-04-16T00:52:01,0,25,0,25
2024-04-16T00:58:59,0,25,0,25
2024-04-16T01:05:57,0,25,0,25
2024-04-16T01:12:54,0,25,0,25
2024-04-16T01:19:53,0,25,0,25
2024-04-16T01:26:50,0,25,0,25
2024-04-16T01:33:48,0,25,0,25
2024-04-16T01:40:46,0,25,0,25
2024-04-16T01:47:51,0,25,0,25
2024-04-16T01:54:49,0,25,0,25
2024-04-16T02:01:56,0,25,0,25
2024-04-16T02:08:54,0,25,0,25
2024-04-16T02:15:52,0,25,0,25
2024-04-16T02:22:50,0,25,0,25
2024-04-16T02:29:47,0,25,0,25
2024-04-16T02:36:45,0,25,0,25
2024-04-16T02:43:43,0,25,0,25
2024-04-16T02:50:40,0,25,0,25
2024-04-16T02:57:38,0,25,0,25
2024-04-16T03:04:36,0,25,0,25
2024-04-16T03:11:34,0,25,0,25
2024-04-16T03:18:32,0,25,0,25
2024-04-16T03:25:29,0,25,0,25
2024-04-16T03:32:27,0,25,0,25
2024-04-16T03:39:25,0,25,0,25
2024-04-16T03:46:22,0,25,0,25
2024-04-16T03:53:19,0,25,0,25
2024-04-16T04:00:20,0,25,0,25
2024-04-16T14:00:12,0,25,0,25
2024-04-16T14:07:12,0,25,0,25
2024-04-16T14:14:23,0,25,0,25
2024-04-16T14:21:22,0,25,0,25
2024-04-16T14:28:22,0,25,0,25
2024-04-16T14:35:21,0,25,0,25
2024-04-16T14:42:22,0,25,0,25
2024-04-16T14:49:23,0,25,0,25
2024-04-16T14:56:23,0,25,0,25
2024-04-16T15:03:24,0,25,0,25
2024-04-16T15:10:37,0,25,0,25
2024-04-16T15:17:39,0,25,0,25
2024-04-16T15:24:43,0,25,0,25
2024-04-16T15:31:45,0,25,0,25
2024-04-16T15:38:46,0,25,0,25
2024-04-16T15:45:48,0,25,0,25
2024-04-16T15:52:50,0,25,0,25
2024-04-16T15:59:52,0,25,0,25
2024-04-16T16:06:54,0,25,0,25
2024-04-16T16:13:55,0,25,0,25
2024-04-16T16:20:57,0,25,0,25
2024-04-16T16:27:58,0,25,0,25
2024-04-16T16:35:10,0,25,0,25
2024-04-16T16:42:12,0,25,0,25
2024-04-16T16:49:15,0,25,0,25
2024-04-16T16:56:16,0,25,0,25
2024-04-16T17:03:18,0,25,0,25
2024-04-16T17:10:20,0,25,0,25
2024-04-16T17:17:22,0,25,0,25
2024-04-16T17:24:24,0,25,0,25
2024-04-16T17:31:26,0,25,0,25
2024-04-16T17:38:28,0,25,0,25
2024-04-16T17:45:30,0,25,0,25
2024-04-16T17:52:31,0,25,0,25
2024-04-16T17:59:33,0,25,0,25
2024-04-16T18:06:45,0,25,0,25
2024-04-16T18:13:47,0,25,0,25
2024-04-16T18:20:48,0,25,0,25
2024-04-16T18:27:50,0,25,0,25
2024-04-16T18:34:52,0,25,0,25
2024-04-16T18:41:54,0,25,0,25
2024-04-16T18:48:56,0,25,0,25
2024-04-16T18:55:57,0,25,0,25
2024-04-16T19:02:59,0,25,0,25
2024-04-16T19:10:02,0,25,0,25
2024-04-16T19:17:03,0,25,0,25
2024-04-16T19:24:05,0,25,0,25
2024-04-16T19:31:06,0,25,0,25
2024-04-16T19:38:07,0,25,0,25
2024-04-16T19:45:08,0,25,0,25
2024-04-16T19:52:10,0,25,0,25
2024-04-16T19:59:22,0,25,0,25
2024-04-16T20:06:23,0,25,0,25
2024-04-16T20:13:25,0,25,0,25
2024-04-16T20:20:26,0,25,0,25
2024-04-16T20:27:27,0,25,0,25
2024-04-16T20:34:28,0,25,0,25
2024-04-16T20:41:29,0,25,0,25
2024-04-16T20:48:30,0,25,0,25
2024-04-16T20:55:31,0,25,0,25
2024-04-16T21:02:33,0,25,0,25
2024-04-16T21:09:34,0,25,0,25
2024-04-16T21:16:35,0,25,0,25
2024-04-16T21:23:36,0,25,0,25
2024-04-16T21:30:38,0,25,0,25
2024-04-16T21:37:40,0,25,0,25
2024-04-16T21:44:42,0,25,0,25
2024-04-16T21:51:56,0,25,0,25
2024-04-16T21:58:57,0,25,0,25
2024-04-16T22:05:59,0,25,0,25
2024-04-16T22:13:01,0,25,0,25
2024-04-16T22:20:02,0,25,0,25
2024-04-16T22:27:04,0,25,0,25
2024-04-16T22:34:06,0,25,0,25
2024-04-16T22:41:07,0,25,0,25
2024-04-16T22:48:09,0,25,0,25
2024-04-16T22:55:10,0,25,0,25
2024-04-16T23:02:12,0,25,0,25
2024-04-16T23:09:14,0,25,0,25
2024-04-16T23:16:16,0,25,0,25
2024-04-16T23:23:18,0,25,0,25
2024-04-16T23:30:20,0,25,0,25
2024-04-16T23:37:22,0,25,0,25
2024-04-16T23:44:24,0,25,0,25
2024-04-16T23:51:25,0,25,0,25
2024-04-16T23:58:38,0,25,0,25
2024-04-17T00:05:41,0,25,0,25
2024-04-17T00:12:44,0,25,0,25
2024-04-17T00:19:48,0,25,0,25
2024-04-17T00:26:51,0,25,0,25
2024-04-17T00:33:53,0,25,0,25
2024-04-17T00:40:56,0,25,0,25
2024-04-17T00:47:59,0,25,0,25
2024-04-17T00:55:02,0,25,0,25
2024-04-17T01:02:04,0,25,0,25
2024-04-17T01:09:06,0,25,0,25
2024-04-17T01:16:08,0,25,0,25
2024-04-17T01:23:10,0,25,0,25
2024-04-17T01:30:13,0,25,0,25
2024-04-17T01:37:15,0,25,0,25
2024-04-17T01:44:18,0,25,0,25
2024-04-17T01:51:20,0,25,0,25
2024-04-17T01:58:22,0,25,0,25
2024-04-17T02:05:26,0,25,0,25
2024-04-17T02:12:28,0,25,0,25
2024-04-17T02:19:29,0,25,0,25
2024-04-17T02:26:31,0,25,0,25
2024-04-17T02:33:33,0,25,0,25
2024-04-17T02:40:35,0,25,0,25
2024-04-17T02:47:38,0,25,0,25
2024-04-17T02:54:39,0,25,0,25
2024-04-17T03:01:41,0,25,0,25
2024-04-17T03:08:44,0,25,0,25
2024-04-17T03:15:47,0,25,0,25
2024-04-17T03:22:50,0,25,0,25
2024-04-17T03:29:52,0,25,0,25
2024-04-17T03:37:03,0,25,0,25
2024-04-17T03:44:05,0,25,0,25
2024-04-17T03:51:07,0,25,0,25
2024-04-17T03:58:09,0,25,0,25
2024-04-17T04:05:11,0,25,0,25
2024-04-17T04:12:15,0,25,0,25
2024-04-17T11:59:47,0,25,0,25
2024-04-17T12:02:37,1,24,0,25
2024-04-17T12:09:39,1,24,0,25
2024-04-17T12:16:40,1,24,0,25
2024-04-17T12:23:42,1,24,0,25
2024-04-17T12:30:44,1,24,0,25
2024-04-17T12:37:46,1,24,0,25
2024-04-17T12:44:47,1,24,0,25
2024-04-17T12:52:00,1,24,0,25
2024-04-17T12:59:02,1,24,0,25
2024-04-17T13:06:03,1,24,0,25
2024-04-17T13:13:05,1,24,0,25
2024-04-17T13:20:08,1,24,0,25
2024-04-17T13:27:09,1,24,0,25
2024-04-17T13:34:11,1,24,0,25
2024-04-17T13:41:13,1,24,0,25
2024-04-17T13:48:15,1,24,0,25
2024-04-17T13:55:16,1,24,0,25
2024-04-17T14:02:18,1,24,0,25
2024-04-17T14:09:20,1,24,0,25
2024-04-17T14:16:22,1,24,0,25
2024-04-17T14:23:35,1,24,0,25
2024-04-17T14:30:37,1,24,0,25
2024-04-17T14:37:38,1,24,0,25
2024-04-17T14:44:40,1,24,0,25
2024-04-17T14:51:41,1,24,0,25
2024-04-17T14:58:43,1,24,0,25
2024-04-17T15:05:45,1,24,0,25
2024-04-17T15:12:47,1,24,0,25
2024-04-17T15:19:48,1,24,0,25
2024-04-17T15:26:51,1,24,0,25
2024-04-17T15:34:04,1,24,0,25
2024-04-17T15:41:06,1,24,0,25
2024-04-17T15:48:07,1,24,0,25
2024-04-17T15:55:09,1,24,0,25
2024-04-17T16:02:11,1,24,0,25
2024-04-17T16:09:12,1,24,0,25
2024-04-17T16:16:14,1,24,0,25
2024-04-17T16:23:16,1,24,0,25
2024-04-17T16:30:17,1,24,0,25
2024-04-17T16:37:19,1,24,0,25
2024-04-17T16:44:21,1,24,0,25
2024-04-17T16:51:23,1,24,0,25
2024-04-17T16:58:25,1,24,0,25
2024-04-17T17:05:38,1,24,0,25
2024-04-17T17:12:40,1,24,0,25
2024-04-17T17:19:43,1,24,0,25
2024-04-17T17:26:44,1,24,0,25
2024-04-17T17:33:46,1,24,0,25
2024-04-17T17:40:48,1,24,0,25
2024-04-17T17:47:50,1,24,0,25
2024-04-17T17:54:51,1,24,0,25
2024-04-17T18:01:53,1,24,0,25
2024-04-17T18:08:55,1,24,0,25
2024-04-17T18:15:57,1,24,0,25
2024-04-17T18:22:59,1,24,0,25
2024-04-17T18:30:01,1,24,0,25
2024-04-17T18:37:03,1,24,0,25
2024-04-17T18:44:16,1,24,0,25
2024-04-17T18:51:17,1,24,0,25
2024-04-17T18:58:19,1,24,0,25
2024-04-17T19:05:21,1,24,0,25
2024-04-17T19:12:23,1,24,0,25
2024-04-17T19:19:24,1,24,0,25
2024-04-17T19:26:26,1,24,0,25
2024-04-17T19:33:28,1,24,0,25
2024-04-17T19:40:30,1,24,0,25
2024-04-17T19:47:31,1,24,0,25
2024-04-17T19:54:33,1,24,0,25
2024-04-17T20:01:35,1,24,0,25
2024-04-17T20:08:36,1,24,0,25
2024-04-17T20:15:38,1,24,0,25
2024-04-17T20:22:40,1,24,0,25
2024-04-17T20:29:42,1,24,0,25
2024-04-17T20:36:43,1,24,0,25
2024-04-17T20:43:58,1,24,0,25
2024-04-17T20:50:59,1,24,0,25
2024-04-17T20:58:01,1,24,0,25
2024-04-17T21:05:03,1,24,0,25
2024-04-17T21:12:04,1,24,0,25
2024-04-17T21:19:06,1,24,0,25
2024-04-17T21:26:09,1,24,0,25
2024-04-17T21:33:11,1,24,0,25
2024-04-17T21:40:13,1,24,0,25
2024-04-17T21:47:15,1,24,0,25
2024-04-17T21:54:16,1,24,0,25
2024-04-17T22:01:18,1,24,0,25
2024-04-17T22:08:21,1,24,0,25
2024-04-17T22:15:22,1,24,0,25
2024-04-17T22:22:24,1,24,0,25
2024-04-17T22:29:26,1,24,0,25
2024-04-17T22:36:27,1,24,0,25
2024-04-17T22:43:39,1,24,0,25
2024-04-17T22:50:40,1,24,0,25
2024-04-17T22:57:43,1,24,0,25
2024-04-17T23:04:45,1,24,0,25
2024-04-17T23:11:47,1,24,0,25
2024-04-17T23:18:48,1,24,0,25
2024-04-17T23:25:51,1,24,0,25
2024-04-17T23:32:52,1,24,0,25
2024-04-17T23:39:54,1,24,0,25
2024-04-17T23:46:56,1,24,0,25
2024-04-17T23:53:57,1,24,0,25
2024-04-18T00:00:59,1,24,0,25
2024-04-18T00:08:02,1,24,0,25
2024-04-18T00:15:05,1,24,0,25
2024-04-18T00:22:08,1,24,0,25
2024-04-18T00:29:11,1,24,0,25
2024-04-18T00:36:14,1,24,0,25
2024-04-18T00:43:17,1,24,0,25
2024-04-18T00:50:20,1,24,0,25
2024-04-18T00:57:22,1,24,0,25
2024-04-18T01:04:36,1,24,0,25
2024-04-18T01:11:38,1,24,0,25
2024-04-18T01:18:41,1,24,0,25
2024-04-18T01:25:43,1,24,0,25
2024-04-18T01:32:45,1,24,0,25
2024-04-18T01:39:48,1,24,0,25
2024-04-18T01:46:50,1,24,0,25
2024-04-18T01:53:52,1,24,0,25
2024-04-18T02:00:54,1,24,0,25
2024-04-18T02:07:56,1,24,0,25
2024-04-18T02:14:59,1,24,0,25
2024-04-18T02:22:01,1,24,0,25
2024-04-18T02:29:03,1,24,0,25
2024-04-18T02:36:04,1,24,0,25
2024-04-18T02:43:06,1,24,0,25
2024-04-18T02:50:08,1,24,0,25
2024-04-18T02:57:11,1,24,0,25
2024-04-18T03:04:13,1,24,0,25
2024-04-18T03:11:15,1,24,0,25
2024-04-18T03:18:19,1,24,0,25
2024-04-18T03:25:22,1,24,0,25
2024-04-18T03:32:25,1,24,0,25
2024-04-18T03:39:27,1,24,0,25
2024-04-18T03:46:29,1,24,0,25
2024-04-18T03:53:31,1,24,0,25
2024-04-18T04:00:35,1,24,0,25
2024-04-18T04:07:37,1,24,0,25
2024-04-18T04:14:39,1,24,0,25
2024-04-18T04:29:12,1,24,0,25
2024-04-18T04:36:35,1,24,0,25
2024-04-18T04:43:37,1,24,0,25
2024-04-18T04:50:40,1,24,0,25
2024-04-18T04:57:42,1,24,0,25
2024-04-18T05:04:46,1,24,0,25
2024-04-18T05:11:49,1,24,0,25
2024-04-18T05:18:51,1,24,0,25
2024-04-18T05:25:54,1,24,0,25
2024-04-18T05:32:56,1,24,0,25
2024-04-18T05:39:59,1,24,0,25
2024-04-18T05:47:01,1,24,0,25
2024-04-18T05:54:04,1,24,0,25
2024-04-18T06:01:10,1,24,0,25
2024-04-18T06:08:12,1,24,0,25
2024-04-18T06:15:14,1,24,0,25
2024-04-18T06:22:16,1,24,0,25
2024-04-18T06:29:18,1,24,0,25
2024-04-18T06:36:19,1,24,0,25
2024-04-18T06:43:22,1,24,0,25
2024-04-18T06:50:24,1,24,0,25
2024-04-18T06:57:26,1,24,0,25
2024-04-18T07:04:31,1,24,0,25
2024-04-18T07:11:33,1,24,0,25
2024-04-18T07:18:35,1,24,0,25
2024-04-18T07:25:37,1,24,0,25
2024-04-18T07:32:38,1,24,0,25
2024-04-18T07:39:40,1,24,0,25
2024-04-18T07:46:42,1,24,0,25
2024-04-18T07:53:44,1,24,0,25
2024-04-18T08:00:45,1,24,0,25
2024-04-18T08:07:47,1,24,0,25
2024-04-18T08:14:59,1,24,0,25
2024-04-18T08:22:01,1,24,0,25
2024-04-18T08:29:02,1,24,0,25
2024-04-18T08:36:04,1,24,0,25
2024-04-18T08:43:07,1,24,0,25
2024-04-18T08:50:09,1,24,0,25
2024-04-18T08:57:11,1,24,0,25
2024-04-18T09:04:13,1,24,0,25
2024-04-18T09:11:15,1,24,0,25
2024-04-18T09:18:17,1,24,0,25
2024-04-18T09:25:18,1,24,0,25
2024-04-18T09:32:29,1,24,0,25
2024-04-18T09:39:31,1,24,0,25
2024-04-18T09:46:32,1,24,0,25
2024-04-18T09:53:34,1,24,0,25
2024-04-18T10:00:36,1,24,0,25
2024-04-18T10:07:38,1,24,0,25
2024-04-18T10:14:40,1,24,0,25
2024-04-18T10:21:42,1,24,0,25
2024-04-18T10:28:44,1,24,0,25
2024-04-18T10:35:45,1,24,0,25
2024-04-18T10:42:50,1,24,0,25
2024-04-18T10:49:51,1,24,0,25
2024-04-18T10:56:53,1,24,0,25
2024-04-18T11:04:07,1,24,0,25
2024-04-18T11:11:09,1,24,0,25
2024-04-18T11:18:10,1,24,0,25
2024-04-18T11:25:12,1,24,0,25
2024-04-18T11:32:13,1,24,0,25
2024-04-18T11:39:15,1,24,0,25
2024-04-18T11:46:17,1,24,0,25
2024-04-18T11:53:18,1,24,0,25
2024-04-18T12:00:19,1,24,0,25
2024-04-18T12:07:23,1,24,0,25
2024-04-18T12:14:35,1,24,0,25
2024-04-18T12:21:37,1,24,0,25
2024-04-18T12:28:38,1,24,0,25
2024-04-18T12:35:40,1,24,0,25
2024-04-18T12:42:42,1,24,0,25
2024-04-18T12:49:43,1,24,0,25
2024-04-18T12:56:45,1,24,0,25
2024-04-18T13:03:46,1,24,0,25
2024-04-18T13:10:48,1,24,0,25
2024-04-18T13:17:49,1,24,0,25
2024-04-18T13:24:51,1,24,0,25
2024-04-18T13:32:03,1,24,0,25
2024-04-18T13:39:05,1,24,0,25
2024-04-18T13:46:06,1,24,0,25
2024-04-18T13:53:08,1,24,0,25
2024-04-18T14:00:09,1,24,0,25
2024-04-18T14:07:11,1,24,0,25
2024-04-18T14:14:12,1,24,0,25
2024-04-18T14:21:14,1,24,0,25
2024-04-18T14:28:16,1,24,0,25
2024-04-18T14:35:17,1,24,0,25
2024-04-18T14:42:19,1,24,0,25
2024-04-18T14:49:20,1,24,0,25
2024-04-18T14:56:32,1,24,0,25
2024-04-18T15:03:35,1,24,0,25
2024-04-18T15:10:36,1,24,0,25
2024-04-18T15:17:39,1,24,0,25
2024-04-18T15:24:40,1,24,0,25
2024-04-18T15:31:42,1,24,0,25
2024-04-18T15:38:43,1,24,0,25
2024-04-18T15:45:45,1,24,0,25
2024-04-18T15:52:47,1,24,0,25
2024-04-18T15:59:58,1,24,0,25
2024-04-18T16:07:00,1,24,0,25
2024-04-18T16:14:02,1,24,0,25
2024-04-18T16:21:04,1,24,0,25
2024-04-18T16:28:06,1,24,0,25
2024-04-18T16:35:08,1,24,0,25
2024-04-18T16:42:09,1,24,0,25
2024-04-18T16:49:11,1,24,0,25
2024-04-18T16:56:12,1,24,0,25
2024-04-18T17:03:13,1,24,0,25
2024-04-18T17:10:16,1,24,0,25
2024-04-18T17:17:19,1,24,0,25
2024-04-18T17:24:30,1,24,0,25
2024-04-18T17:31:32,1,24,0,25
2024-04-18T17:38:33,1,24,0,25
2024-04-18T17:45:35,1,24,0,25
2024-04-18T17:52:37,1,24,0,25
2024-04-18T17:59:38,1,24,0,25
2024-04-18T18:06:40,1,24,0,25
2024-04-18T18:13:41,1,24,0,25
2024-04-18T18:20:44,1,24,0,25
2024-04-18T18:27:45,1,24,0,25
2024-04-18T18:34:47,1,24,0,25
2024-04-18T18:41:48,1,24,0,25
2024-04-18T18:48:49,1,24,0,25
2024-04-18T18:56:01,1,24,0,25
2024-04-18T19:03:03,1,24,0,25
2024-04-18T19:10:04,1,24,0,25
2024-04-18T19:17:05,1,24,0,25
2024-04-18T19:24:06,1,24,0,25
2024-04-18T19:31:08,1,24,0,25
2024-04-18T19:38:09,1,24,0,25
2024-04-18T19:45:10,1,24,0,25
2024-04-18T19:52:12,1,24,0,25
2024-04-18T19:59:13,1,24,0,25
2024-04-18T20:06:14,1,24,0,25
2024-04-18T20:13:16,1,24,0,25
2024-04-18T20:20:17,1,24,0,25
2024-04-18T20:27:18,1,24,0,25
2024-04-18T20:34:20,1,24,0,25
2024-04-18T20:41:21,1,24,0,25
2024-04-18T20:48:22,1,24,0,25
2024-04-18T20:55:24,1,24,0,25
2024-04-18T21:02:25,1,24,0,25
2024-04-18T21:09:26,1,24,0,25
2024-04-18T21:16:29,1,24,0,25
2024-04-18T21:23:39,1,24,0,25
2024-04-18T21:30:40,1,24,0,25
2024-04-18T21:37:42,1,24,0,25
2024-04-18T21:44:44,1,24,0,25
2024-04-18T21:51:45,1,24,0,25
2024-04-18T21:58:47,1,24,0,25
2024-04-18T22:05:49,1,24,0,25
2024-04-18T22:12:50,1,24,0,25
2024-04-18T22:19:52,1,24,0,25
2024-04-18T22:26:53,1,24,0,25
2024-04-18T22:33:54,1,24,0,25
2024-04-18T22:40:56,1,24,0,25
2024-04-18T22:47:57,1,24,0,25
2024-04-18T22:54:59,1,24,0,25
2024-04-18T23:02:00,1,24,0,25
2024-04-18T23:09:02,1,24,0,25
2024-04-18T23:16:03,1,24,0,25
2024-04-18T23:23:05,1,24,0,25
2024-04-18T23:30:07,1,24,0,25
2024-04-18T23:37:09,1,24,0,25
2024-04-18T23:44:11,1,24,0,25
2024-04-18T23:51:12,1,24,0,25
2024-04-18T23:58:14,1,24,0,25
2024-04-19T00:05:28,1,24,0,25
2024-04-19T00:12:31,1,24,0,25
2024-04-19T00:19:35,1,24,0,25
2024-04-19T00:26:38,1,24,0,25
2024-04-19T00:33:40,1,24,0,25
2024-04-19T00:40:42,1,24,0,25
2024-04-19T00:47:45,1,24,0,25
2024-04-19T00:54:47,1,24,0,25
2024-04-19T01:01:49,1,24,0,25
2024-04-19T01:08:51,1,24,0,25
2024-04-19T01:15:53,1,24,0,25
2024-04-19T01:22:56,1,24,0,25
2024-04-19T01:29:58,1,24,0,25
2024-04-19T01:37:00,1,24,0,25
2024-04-19T01:44:02,1,24,0,25
2024-04-19T01:51:04,1,24,0,25
2024-04-19T01:58:06,1,24,0,25
2024-04-19T02:05:08,1,24,0,25
2024-04-19T02:12:09,1,24,0,25
2024-04-19T02:19:11,1,24,0,25
2024-04-19T02:26:13,1,24,0,25
2024-04-19T02:33:14,1,24,0,25
2024-04-19T02:40:16,1,24,0,25
2024-04-19T02:47:18,1,24,0,25
2024-04-19T02:54:19,1,24,0,25
2024-04-19T03:01:30,1,24,0,25
2024-04-19T03:08:32,1,24,0,25
2024-04-19T03:15:35,1,24,0,25
2024-04-19T03:22:39,1,24,0,25
2024-04-19T03:29:40,1,24,0,25
2024-04-19T03:36:42,1,24,0,25
2024-04-19T03:43:44,1,24,0,25
2024-04-19T03:50:46,1,24,0,25
2024-04-19T03:57:49,1,24,0,25
2024-04-19T04:04:51,1,24,0,25
2024-04-19T04:11:53,1,24,0,25
2024-04-19T14:55:49,1,24,0,25
2024-04-19T15:02:50,1,24,0,25
2024-04-19T15:09:52,1,24,0,25
2024-04-19T15:16:54,1,24,0,25
2024-04-19T15:23:56,1,24,0,25
2024-04-19T15:30:57,1,24,0,25
2024-04-19T15:37:59,1,24,0,25
2024-04-19T15:45:00,1,24,0,25
2024-04-19T15:52:02,2,23,0,25
2024-04-19T15:59:03,2,23,0,25
2024-04-19T16:06:05,2,23,0,25
2024-04-19T16:13:07,2,23,0,25
2024-04-19T16:20:08,2,23,0,25
2024-04-19T16:27:12,2,23,0,25
2024-04-19T16:34:23,2,23,0,25
2024-04-19T16:41:25,2,23,0,25
2024-04-19T16:48:26,2,23,0,25
2024-04-19T16:55:28,2,23,0,25
2024-04-19T17:02:29,2,23,0,25
2024-04-19T17:09:31,2,23,0,25
2024-04-19T17:16:33,2,23,0,25
2024-04-19T17:23:35,2,23,0,25
2024-04-19T17:30:37,2,23,0,25
2024-04-19T17:37:39,2,23,0,25
2024-04-19T17:44:41,2,23,0,25
2024-04-19T17:51:43,2,23,0,25
2024-04-19T17:58:44,2,23,0,25
2024-04-19T18:05:46,2,23,0,25
2024-04-19T18:12:48,2,23,0,25
2024-04-19T18:19:49,2,23,0,25
2024-04-19T18:26:51,2,23,0,25
2024-04-19T18:33:53,2,23,0,25
2024-04-19T18:40:55,2,23,0,25
2024-04-19T18:47:57,2,23,0,25
2024-04-19T18:54:59,2,23,0,25
2024-04-19T19:02:00,2,23,0,25
2024-04-19T19:09:12,2,23,0,25
2024-04-19T19:16:14,2,23,0,25
2024-04-19T19:23:15,2,23,0,25
2024-04-19T19:30:17,2,23,0,25
2024-04-19T19:37:19,2,23,0,25
2024-04-19T19:44:20,2,23,0,25
2024-04-19T19:51:22,2,23,0,25
2024-04-19T19:58:24,2,23,0,25
2024-04-19T20:05:31,2,23,0,25
2024-04-19T20:12:33,2,23,0,25
2024-04-19T20:19:35,2,23,0,25
2024-04-19T20:26:36,2,23,0,25
2024-04-19T20:33:38,2,23,0,25
2024-04-19T20:40:40,2,23,0,25
2024-04-19T20:47:42,2,23,0,25
2024-04-19T20:54:43,2,23,0,25
2024-04-19T21:01:45,2,23,0,25
2024-04-19T21:08:47,2,23,0,25
2024-04-19T21:15:49,2,23,0,25
2024-04-19T21:22:51,2,23,0,25
2024-04-19T21:29:52,2,23,0,25
2024-04-19T21:36:54,2,23,0,25
2024-04-19T21:43:56,2,23,0,25
2024-04-19T21:50:58,2,23,0,25
2024-04-19T21:58:00,2,23,0,25
2024-04-19T22:05:02,2,23,0,25
2024-04-19T22:12:03,2,23,0,25
2024-04-19T22:19:05,2,23,0,25
2024-04-19T22:26:17,2,23,0,25
2024-04-19T22:33:19,2,23,0,25
2024-04-19T22:40:20,2,23,0,25
2024-04-19T22:47:22,2,23,0,25
2024-04-19T22:54:23,2,23,0,25
2024-04-19T23:01:25,2,23,0,25
2024-04-19T23:08:27,2,23,0,25
2024-04-19T23:15:29,2,23,0,25
2024-04-19T23:22:31,2,23,0,25
2024-04-19T23:29:33,2,23,0,25
2024-04-19T23:36:34,2,23,0,25
2024-04-19T23:43:36,2,23,0,25
2024-04-19T23:50:38,2,23,0,25
2024-04-19T23:57:40,2,23,0,25
2024-04-20T00:04:42,2,23,0,25
2024-04-20T00:11:45,2,23,0,25
2024-04-20T00:18:49,2,23,0,25
2024-04-20T00:25:51,2,23,0,25
2024-04-20T00:32:54,2,23,0,25
2024-04-20T00:39:56,2,23,0,25
2024-04-20T00:47:00,2,23,0,25
2024-04-20T00:54:02,2,23,0,25
2024-04-20T01:01:04,2,23,0,25
2024-04-20T01:08:06,2,23,0,25
2024-04-20T01:15:08,2,23,0,25
2024-04-20T01:22:11,2,23,0,25
2024-04-20T01:29:12,2,23,0,25
2024-04-20T01:36:14,2,23,0,25
2024-04-20T01:43:17,2,23,0,25
2024-04-20T01:50:19,2,23,0,25
2024-04-20T01:57:21,2,23,0,25
2024-04-20T02:04:23,2,23,0,25
2024-04-20T02:11:24,2,23,0,25
2024-04-20T02:18:27,2,23,0,25
2024-04-20T02:25:40,2,23,0,25
2024-04-20T02:32:42,2,23,0,25
2024-04-20T02:39:44,2,23,0,25
2024-04-20T02:46:46,2,23,0,25
2024-04-20T02:53:48,2,23,0,25
2024-04-20T03:00:50,2,23,0,25
2024-04-20T03:07:52,2,23,0,25
2024-04-20T03:14:54,2,23,0,25
2024-04-20T03:21:57,2,23,0,25
2024-04-20T03:28:59,2,23,0,25
2024-04-20T03:36:01,2,23,0,25
2024-04-20T03:43:03,2,23,0,25
2024-04-20T03:50:05,2,23,0,25
2024-04-20T03:57:08,2,23,0,25
2024-04-20T04:04:10,2,23,0,25
2024-04-20T04:11:12,2,23,0,25
2024-04-29T01:15:14,3,22,0,25
2024-04-29T01:22:17,3,22,0,25
2024-04-29T01:29:19,3,22,0,25
2024-04-29T01:36:23,3,22,0,25
2024-04-29T01:43:26,3,22,0,25
2024-04-29T01:50:29,3,22,0,25
2024-04-29T01:57:31,3,22,0,25
2024-04-29T02:04:34,3,22,0,25
2024-04-29T02:11:37,3,22,0,25
2024-04-29T02:18:40,3,22,0,25
2024-04-29T02:25:51,3,22,0,25
2024-04-29T02:32:54,3,22,0,25
2024-04-29T02:39:56,3,22,0,25
2024-04-29T02:46:59,3,22,0,25
2024-04-29T02:54:01,3,22,0,25
2024-04-29T03:01:04,3,22,0,25
2024-04-29T03:08:07,3,22,0,25
2024-04-29T03:15:10,3,22,0,25
2024-04-29T03:22:13,3,22,0,25
2024-04-29T03:29:16,3,22,0,25
2024-04-29T03:36:19,3,22,0,25
2024-04-29T03:43:22,3,22,0,25
2024-04-29T03:50:26,3,22,0,25
2024-04-29T03:57:29,3,22,0,25
2024-04-29T04:04:32,3,22,0,25
2024-04-29T04:11:35,3,22,0,25
2024-04-29T04:28:11,3,22,0,25
2024-04-29T04:35:15,3,22,0,25
2024-04-29T04:42:18,3,22,0,25
2024-04-29T04:50:33,3,22,0,25
2024-04-29T04:57:52,3,22,0,25
2024-04-29T05:04:58,3,22,0,25
2024-04-29T05:12:01,3,22,0,25
2024-04-29T05:19:05,3,22,0,25
2024-04-29T05:26:08,3,22,0,25
2024-04-29T05:33:11,3,22,0,25
2024-04-29T05:40:15,3,22,0,25
2024-04-29T05:47:19,3,22,0,25
2024-04-29T05:54:22,3,22,0,25
2024-04-29T06:01:25,3,22,0,25
2024-04-29T06:08:28,3,22,0,25
2024-04-29T06:15:34,3,22,0,25
2024-04-29T06:22:36,3,22,0,25
2024-04-29T06:29:39,3,22,0,25
2024-04-29T06:36:42,3,22,0,25
2024-04-29T06:43:44,3,22,0,25
2024-04-29T06:50:47,3,22,0,25
2024-04-29T06:57:51,3,22,0,25
2024-04-29T07:04:54,3,22,0,25
2024-04-29T07:11:57,3,22,0,25
2024-04-29T07:18:59,3,22,0,25
2024-04-29T07:26:01,3,22,0,25
2024-04-29T07:33:04,3,22,0,25
2024-04-29T07:40:06,3,22,0,25
2024-04-29T07:47:08,3,22,0,25
2024-04-29T07:54:11,3,22,0,25
2024-04-29T08:01:14,3,22,0,25
2024-04-29T08:08:17,3,22,0,25
2024-04-29T08:15:19,3,22,0,25
2024-04-29T08:22:22,3,22,0,25
2024-04-29T08:29:25,3,22,0,25
2024-04-29T08:36:28,3,22,0,25
2024-04-29T08:43:30,3,22,0,25
2024-04-29T08:50:33,3,22,0,25
2024-04-29T08:57:36,3,22,0,25
2024-04-29T09:04:39,3,22,0,25
2024-04-29T09:11:43,3,22,0,25
2024-04-29T09:18:56,3,22,0,25
2024-04-29T09:25:59,3,22,0,25
2024-04-29T09:33:02,3,22,0,25
2024-04-29T09:40:05,3,22,0,25
2024-04-29T09:47:08,3,22,0,25
2024-04-29T09:54:10,3,22,0,25
2024-04-29T10:01:13,3,22,0,25
2024-04-29T10:08:15,3,22,0,25
2024-04-29T10:15:18,3,22,0,25
2024-04-29T10:22:21,3,22,0,25
2024-04-29T10:29:23,3,22,0,25
2024-04-29T10:36:26,3,22,0,25
2024-04-29T10:43:29,3,22,0,25
2024-04-29T10:50:32,3,22,0,25
2024-04-29T10:57:34,3,22,0,25
2024-04-29T11:04:37,3,22,0,25
2024-04-29T11:11:40,3,22,0,25
2024-04-29T11:18:42,3,22,0,25
2024-04-29T11:25:45,3,22,0,25
2024-04-29T11:32:58,3,22,0,25
2024-04-29T11:40:04,3,22,0,25
2024-04-29T11:47:07,3,22,0,25
2024-04-29T11:54:09,3,22,0,25
2024-04-29T12:01:12,3,22,0,25
2024-04-29T12:08:14,3,22,0,25
2024-04-29T12:15:19,3,22,0,25
2024-04-29T12:22:22,3,22,0,25
2024-04-29T12:29:24,3,22,0,25
2024-04-29T12:36:36,3,22,0,25
2024-04-29T12:43:39,3,22,0,25
2024-04-29T12:50:41,3,22,0,25
2024-04-29T12:57:44,3,22,0,25
2024-04-29T13:04:47,3,22,0,25
2024-04-29T13:11:49,3,22,0,25
2024-04-29T13:18:52,3,22,0,25
2024-04-29T13:25:54,3,22,0,25
2024-04-29T13:32:57,3,22,0,25
2024-04-29T13:39:59,3,22,0,25
2024-04-29T13:47:02,3,22,0,25
2024-04-29T13:54:15,3,22,0,25
2024-04-29T14:01:18,3,22,0,25
2024-04-29T14:08:20,3,22,0,25
2024-04-29T14:15:23,3,22,0,25
2024-04-29T14:22:26,3,22,0,25
2024-04-29T14:29:28,3,22,0,25
2024-04-29T14:36:30,3,22,0,25
2024-04-29T14:43:33,3,22,0,25
2024-04-29T14:50:35,3,22,0,25
2024-04-29T14:57:38,3,22,0,25
2024-04-29T15:04:41,3,22,0,25
2024-04-29T15:11:43,3,22,0,25
2024-04-29T15:18:47,3,22,0,25
2024-04-29T15:25:59,3,22,0,25
2024-04-29T15:33:02,3,22,0,25
2024-04-29T15:40:04,3,22,0,25
2024-04-29T15:47:07,3,22,0,25
2024-04-29T15:54:09,3,22,0,25
2024-04-29T16:01:11,3,22,0,25
2024-04-29T16:08:14,3,22,0,25
2024-04-29T16:15:16,3,22,0,25
2024-04-29T16:22:18,3,22,0,25
2024-04-29T16:29:21,3,22,0,25
2024-04-29T16:36:23,3,22,0,25
2024-04-29T16:43:26,3,22,0,25
2024-04-29T16:50:28,3,22,0,25
2024-04-29T16:57:30,3,22,0,25
2024-04-29T17:04:33,3,22,0,25
2024-04-29T17:11:36,3,22,0,25
2024-04-29T17:18:39,3,22,0,25
2024-04-29T17:25:52,3,22,0,25
2024-04-29T17:33:05,3,22,0,25
2024-04-29T17:40:09,3,22,0,25
2024-04-29T17:47:11,3,22,0,25
2024-04-29T17:54:13,3,22,0,25
2024-04-29T18:01:16,3,22,0,25
2024-04-29T18:08:19,3,22,0,25
2024-04-29T18:15:22,3,22,0,25
2024-04-29T18:22:24,3,22,0,25
2024-04-29T18:29:27,3,22,0,25
2024-04-29T18:36:29,3,22,0,25
2024-04-29T18:43:32,3,22,0,25
2024-04-29T18:50:34,3,22,0,25
2024-04-29T18:57:37,3,22,0,25
2024-04-29T19:04:40,3,22,0,25
2024-04-29T19:11:42,3,22,0,25
2024-04-29T19:18:45,3,22,0,25
2024-04-29T19:25:47,3,22,0,25
2024-04-29T19:32:50,3,22,0,25
2024-04-29T19:39:52,3,22,0,25
2024-04-29T19:46:55,3,22,0,25
2024-04-29T19:53:58,3,22,0,25
2024-04-29T20:01:00,3,22,0,25
2024-04-29T20:08:10,3,22,0,25
2024-04-29T20:15:24,3,22,0,25
2024-04-29T20:22:26,3,22,0,25
2024-04-29T20:29:29,3,22,0,25
2024-04-29T20:36:32,3,22,0,25
2024-04-29T20:43:34,3,22,0,25
2024-04-29T20:50:37,3,22,0,25
2024-04-29T20:57:39,3,22,0,25
2024-04-29T21:04:42,3,22,0,25
2024-04-29T21:11:47,3,22,0,25
2024-04-29T21:18:50,3,22,0,25
2024-04-29T21:25:53,3,22,0,25
2024-04-29T21:32:55,3,22,0,25
2024-04-29T21:39:59,3,22,0,25
2024-04-29T21:47:02,3,22,0,25
2024-04-29T21:54:04,3,22,0,25
2024-04-29T22:01:08,3,22,0,25
2024-04-29T22:08:11,3,22,0,25
2024-04-29T22:15:14,3,22,0,25
2024-04-29T22:22:16,3,22,0,25
2024-04-29T22:29:19,3,22,0,25
2024-04-29T22:36:22,3,22,0,25
2024-04-29T22:43:25,3,22,0,25
2024-04-29T22:50:27,3,22,0,25
2024-04-29T22:57:30,3,22,0,25
2024-04-29T23:04:33,3,22,0,25
2024-04-29T23:11:35,3,22,0,25
2024-04-29T23:18:38,3,22,0,25
2024-04-29T23:25:41,3,22,0,25
2024-04-29T23:32:53,3,22,0,25
2024-04-29T23:39:56,3,22,0,25
2024-04-29T23:46:59,3,22,0,25
2024-04-29T23:54:02,3,22,0,25
2024-04-30T00:01:04,3,22,0,25
2024-04-30T00:08:08,3,22,0,25
2024-04-30T00:15:12,3,22,0,25
2024-04-30T00:22:17,3,22,0,25
2024-04-30T00:29:22,3,22,0,25
2024-04-30T00:36:25,3,22,0,25
2024-04-30T00:43:30,3,22,0,25
2024-04-30T00:50:34,3,22,0,25
2024-04-30T00:57:37,3,22,0,25
2024-04-30T01:04:40,3,22,0,25
2024-04-30T01:11:44,3,22,0,25
2024-04-30T01:18:47,3,22,0,25
2024-04-30T01:25:50,3,22,0,25
2024-04-30T01:32:53,3,22,0,25
2024-04-30T01:39:55,3,22,0,25
2024-04-30T01:46:58,3,22,0,25
2024-04-30T01:54:02,3,22,0,25
2024-04-30T02:01:05,3,22,0,25
2024-04-30T02:08:08,3,22,0,25
2024-04-30T02:15:13,3,22,0,25
2024-04-30T02:22:16,3,22,0,25
2024-04-30T02:29:18,3,22,0,25
2024-04-30T02:36:21,3,22,0,25
2024-04-30T02:43:23,3,22,0,25
2024-04-30T02:50:26,3,22,0,25
2024-04-30T02:57:33,3,22,0,25
2024-04-30T03:04:36,3,22,0,25
2024-04-30T03:11:39,3,22,0,25
2024-04-30T03:18:42,3,22,0,25
2024-04-30T03:25:44,3,22,0,25
2024-04-30T03:32:48,3,22,0,25
2024-04-30T03:39:50,3,22,0,25
2024-04-30T03:46:54,3,22,0,25
2024-04-30T03:53:57,3,22,0,25
2024-04-30T04:01:00,3,22,0,25
2024-04-30T04:08:04,3,22,0,25
2024-04-30T10:07:32,3,22,0,25
2024-04-30T10:14:38,3,22,0,25
2024-05-01T14:35:52,3,22,0,25
2024-05-01T14:44:22,3,22,0,25
2024-05-01T14:49:06,3,22,0,25
2024-05-01T14:56:09,3,22,0,25
2024-05-01T15:03:11,3,22,0,25
2024-05-01T15:10:14,3,22,0,25
2024-05-01T15:17:20,3,22,0,25
2024-05-01T15:24:22,3,22,0,25
2024-05-01T15:31:25,3,22,0,25
2024-05-01T15:38:27,3,22,0,25
2024-05-01T15:45:42,3,22,0,25
2024-05-01T15:52:45,3,22,0,25
2024-05-01T15:59:47,3,22,0,25
2024-05-01T16:06:50,3,22,0,25
2024-05-01T16:13:52,3,22,0,25
2024-05-01T16:20:55,3,22,0,25
2024-05-01T16:27:57,3,22,0,25
2024-05-01T16:35:00,3,22,0,25
2024-05-01T16:42:02,3,22,0,25
2024-05-01T16:49:05,3,22,0,25
2024-05-01T16:56:07,3,22,0,25
2024-05-01T17:03:10,3,22,0,25
2024-05-01T17:10:13,3,22,0,25
2024-05-01T17:17:17,3,22,0,25
2024-05-01T17:24:20,3,22,0,25
2024-05-01T17:31:32,3,22,0,25
2024-05-01T17:38:35,3,22,0,25
2024-05-01T17:45:38,3,22,0,25
2024-05-01T17:52:40,3,22,0,25
2024-05-01T17:59:43,3,22,0,25
2024-05-01T18:06:45,3,22,0,25
2024-05-01T18:13:47,3,22,0,25
2024-05-01T18:20:51,3,22,0,25
2024-05-01T18:27:53,3,22,0,25
2024-05-01T18:34:56,3,22,0,25
2024-05-01T18:41:58,3,22,0,25
2024-05-01T18:49:00,3,22,0,25
2024-05-01T18:56:04,3,22,0,25
2024-05-01T19:03:06,3,22,0,25
2024-05-01T19:10:08,3,22,0,25
2024-05-01T19:17:11,3,22,0,25
2024-05-01T19:24:13,3,22,0,25
2024-05-01T19:31:16,3,22,0,25
2024-05-01T19:38:27,3,22,0,25
2024-05-01T19:45:30,3,22,0,25
2024-05-01T19:52:32,3,22,0,25
2024-05-01T19:59:35,3,22,0,25
2024-05-01T20:06:38,3,22,0,25
2024-05-01T20:13:41,3,22,0,25
2024-05-01T20:20:44,3,22,0,25
2024-05-01T20:27:47,3,22,0,25
2024-05-01T20:34:50,3,22,0,25
2024-05-01T20:41:52,3,22,0,25
2024-05-01T20:48:55,3,22,0,25
2024-05-01T20:55:58,3,22,0,25
2024-05-01T21:03:02,3,22,0,25
2024-05-01T21:10:05,3,22,0,25
2024-05-01T21:17:10,3,22,0,25
2024-05-01T21:24:13,3,22,0,25
2024-05-01T21:31:15,3,22,0,25
2024-05-01T21:38:18,3,22,0,25
2024-05-01T21:45:30,3,22,0,25
2024-05-01T21:52:33,3,22,0,25
2024-05-01T21:59:35,3,22,0,25
2024-05-01T22:06:39,3,22,0,25
2024-05-01T22:13:41,3,22,0,25
2024-05-01T22:20:44,3,22,0,25
2024-05-01T22:27:46,3,22,0,25
2024-05-01T22:34:49,3,22,0,25
2024-05-01T22:41:51,3,22,0,25
2024-05-01T22:48:53,3,22,0,25
2024-05-01T22:55:56,3,22,0,25
2024-05-01T23:02:58,3,22,0,25
2024-05-01T23:10:01,3,22,0,25
2024-05-01T23:17:04,3,22,0,25
2024-05-01T23:24:07,3,22,0,25
2024-05-01T23:31:10,3,22,0,25
2024-05-01T23:38:13,3,22,0,25
2024-05-01T23:45:15,3,22,0,25
2024-05-01T23:52:18,3,22,0,25
2024-05-01T23:59:21,3,22,0,25
2024-05-02T00:06:25,3,22,0,25
2024-05-02T00:13:38,3,22,0,25
2024-05-02T00:20:42,3,22,0,25
2024-05-02T00:27:46,3,22,0,25
2024-05-02T00:34:50,3,22,0,25
2024-05-02T00:41:54,3,22,0,25
2024-05-02T00:48:59,3,22,0,25
2024-05-02T00:56:03,3,22,0,25
2024-05-02T01:03:06,3,22,0,25
2024-05-02T01:10:09,3,22,0,25
2024-05-02T01:17:12,3,22,0,25
2024-05-02T01:24:15,3,22,0,25
2024-05-02T01:31:18,3,22,0,25
2024-05-02T01:38:22,3,22,0,25
2024-05-02T01:45:25,3,22,0,25
2024-05-02T01:52:28,3,22,0,25
2024-05-02T01:59:30,3,22,0,25
2024-05-02T02:06:33,3,22,0,25
2024-05-02T02:13:35,3,22,0,25
2024-05-02T02:20:38,3,22,0,25
2024-05-02T02:27:40,3,22,0,25
2024-05-02T02:34:43,3,22,0,25
2024-05-02T02:41:45,3,22,0,25
2024-05-02T02:48:48,3,22,0,25
2024-05-02T02:55:51,3,22,0,25
2024-05-02T03:02:54,3,22,0,25
2024-05-02T03:09:56,3,22,0,25
2024-05-02T03:16:59,3,22,0,25
2024-05-02T03:24:02,3,22,0,25
2024-05-02T03:31:04,3,22,0,25
2024-05-02T03:38:07,3,22,0,25
2024-05-02T03:45:09,3,22,0,25
2024-05-02T03:52:14,3,22,0,25
2024-05-02T03:59:17,3,22,0,25
2024-05-02T04:06:20,3,22,0,25
2024-05-02T04:13:34,3,22,0,25
2024-05-02T04:28:13,3,22,0,25
2024-05-02T04:35:16,3,22,0,25
2024-05-02T04:42:48,3,22,0,25
2024-05-02T04:50:32,3,22,0,25
2024-05-02T04:57:50,3,22,0,25
2024-05-02T05:04:52,3,22,0,25
2024-05-02T05:11:55,3,22,0,25
2024-05-02T05:18:57,3,22,0,25
2024-05-02T05:25:59,3,22,0,25
2024-05-02T05:33:02,3,22,0,25
2024-05-02T05:40:04,3,22,0,25
2024-05-02T05:47:06,3,22,0,25
2024-05-02T05:54:08,3,22,0,25
2024-05-02T06:01:10,3,22,0,25
2024-05-02T06:08:12,3,22,0,25
2024-05-02T06:15:18,3,22,0,25
2024-05-02T06:22:22,3,22,0,25
2024-05-02T06:29:24,3,22,0,25
2024-05-02T06:36:27,3,22,0,25
2024-05-02T06:43:30,3,22,0,25
2024-05-02T06:50:32,3,22,0,25
2024-05-02T06:57:35,3,22,0,25
2024-05-02T07:04:38,3,22,0,25
2024-05-02T07:11:43,3,22,0,25
2024-05-02T07:18:47,3,22,0,25
2024-05-02T07:25:50,3,22,0,25
2024-05-02T07:32:53,3,22,0,25
2024-05-02T07:39:56,3,22,0,25
2024-05-02T07:46:58,3,22,0,25
2024-05-02T07:54:00,3,22,0,25
2024-05-02T08:01:03,3,22,0,25
2024-05-02T08:08:06,3,22,0,25
2024-05-02T08:15:09,3,22,0,25
2024-05-02T08:22:27,3,22,0,25
2024-05-02T08:29:30,3,22,0,25
2024-05-02T08:36:32,3,22,0,25
2024-05-02T08:43:35,3,22,0,25
2024-05-02T08:50:37,3,22,0,25
2024-05-02T08:57:40,3,22,0,25
2024-05-02T09:04:42,3,22,0,25
2024-05-02T09:11:45,3,22,0,25
2024-05-02T09:18:47,3,22,0,25
2024-05-02T09:25:50,3,22,0,25
2024-05-02T09:32:52,3,22,0,25
2024-05-02T09:39:54,3,22,0,25
2024-05-02T09:46:57,3,22,0,25
2024-05-02T09:53:59,3,22,0,25
2024-05-02T10:01:01,3,22,0,25
2024-05-02T10:08:04,3,22,0,25
2024-05-02T10:15:06,3,22,0,25
2024-05-02T10:22:09,3,22,0,25
2024-05-02T10:29:11,3,22,0,25
2024-05-02T10:36:13,3,22,0,25
2024-05-02T10:43:16,3,22,0,25
2024-05-02T10:50:18,3,22,0,25
2024-05-02T10:57:33,3,22,0,25
2024-05-02T11:04:35,3,22,0,25
2024-05-02T11:11:37,3,22,0,25
2024-05-02T11:18:40,3,22,0,25
2024-05-02T11:25:42,3,22,0,25
2024-05-02T11:32:46,3,22,0,25
2024-05-02T11:39:48,3,22,0,25
2024-05-02T11:46:50,3,22,0,25
2024-05-02T11:53:52,3,22,0,25
2024-05-02T12:00:54,3,22,0,25
2024-05-02T12:07:56,3,22,0,25
2024-05-02T12:14:59,3,22,0,25
2024-05-02T12:22:12,3,22,0,25
2024-05-02T12:29:14,3,22,0,25
2024-05-02T12:36:17,3,22,0,25
2024-05-02T12:43:19,3,22,0,25
2024-05-02T12:50:22,3,22,0,25
2024-05-02T12:57:24,3,22,0,25
2024-05-02T13:04:26,3,22,0,25
2024-05-02T13:11:29,3,22,0,25
2024-05-02T13:18:31,3,22,0,25
2024-05-02T13:25:33,3,22,0,25
2024-05-02T13:32:35,3,22,0,25
2024-05-02T13:39:38,3,22,0,25
2024-05-02T13:46:44,3,22,0,25
2024-05-02T13:53:50,3,22,0,25
2024-05-02T14:01:02,3,22,0,25
2024-05-02T14:08:04,3,22,0,25
2024-05-02T14:15:07,3,22,0,25
2024-05-02T14:22:09,3,22,0,25
2024-05-02T14:29:11,3,22,0,25
2024-05-02T14:36:13,3,22,0,25
2024-05-02T14:43:16,3,22,0,25
2024-05-02T14:50:18,3,22,0,25
2024-05-02T14:57:20,3,22,0,25
2024-05-02T15:04:22,3,22,0,25
2024-05-02T15:11:24,3,22,0,25
2024-05-02T15:18:27,3,22,0,25
2024-05-02T15:25:39,3,22,0,25
2024-05-02T15:32:41,3,22,0,25
2024-05-02T15:39:43,3,22,0,25
2024-05-02T15:46:45,3,22,0,25
2024-05-02T15:53:47,3,22,0,25
2024-05-02T16:00:50,3,22,0,25
2024-05-02T16:07:52,3,22,0,25
2024-05-02T16:14:54,3,22,0,25
2024-05-02T16:21:56,3,22,0,25
2024-05-02T16:28:58,3,22,0,25
2024-05-02T16:36:01,3,22,0,25
2024-05-02T16:43:03,3,22,0,25
2024-05-02T16:50:05,3,22,0,25
2024-05-02T16:57:07,3,22,0,25
2024-05-02T17:04:09,3,22,0,25
2024-05-02T17:11:29,3,22,0,25
2024-05-02T17:18:31,3,22,0,25
2024-05-02T17:25:34,3,22,0,25
2024-05-02T17:32:36,3,22,0,25
2024-05-02T17:39:38,3,22,0,25
2024-05-02T17:46:40,3,22,0,25
2024-05-02T17:53:43,3,22,0,25
2024-05-02T18:00:45,3,22,0,25
2024-05-02T18:07:47,3,22,0,25
2024-05-02T18:14:49,3,22,0,25
2024-05-02T18:21:51,3,22,0,25
2024-05-02T18:28:53,3,22,0,25
2024-05-02T18:35:55,3,22,0,25
2024-05-02T18:42:57,3,22,0,25
2024-05-02T18:49:59,3,22,0,25
2024-05-02T18:57:01,3,22,0,25
2024-05-02T19:04:04,3,22,0,25
2024-05-02T19:11:07,3,22,0,25
2024-05-02T19:18:09,3,22,0,25
2024-05-02T19:25:11,3,22,0,25
2024-05-02T19:32:23,3,22,0,25
2024-05-02T19:39:26,3,22,0,25
2024-05-02T19:46:29,3,22,0,25
2024-05-02T19:53:34,3,22,0,25
2024-05-02T20:00:37,3,22,0,25
2024-05-02T20:07:41,3,22,0,25
2024-05-02T20:14:45,3,22,0,25
2024-05-02T20:21:49,3,22,0,25
2024-05-02T20:28:53,3,22,0,25
2024-05-02T20:35:56,3,22,0,25
2024-05-02T20:42:59,3,22,0,25
2024-05-02T20:50:02,3,22,0,25
2024-05-02T20:57:05,3,22,0,25
2024-05-02T21:04:08,3,22,0,25
2024-05-02T21:11:10,3,22,0,25
2024-05-02T21:18:15,3,22,0,25
2024-05-02T21:25:18,3,22,0,25
2024-05-02T21:32:21,3,22,0,25
2024-05-02T21:39:24,3,22,0,25
2024-05-02T21:46:27,3,22,0,25
2024-05-02T21:53:48,3,22,0,25
2024-05-02T22:00:50,3,22,0,25
2024-05-02T22:07:53,3,22,0,25
2024-05-02T22:14:56,3,22,0,25
2024-05-02T22:21:59,3,22,0,25
2024-05-02T22:29:02,3,22,0,25
2024-05-02T22:36:06,3,22,0,25
2024-05-02T22:43:09,3,22,0,25
2024-05-02T22:50:12,3,22,0,25
2024-05-02T22:57:15,3,22,0,25
2024-05-02T23:04:20,3,22,0,25
2024-05-02T23:11:23,3,22,0,25
2024-05-02T23:18:26,3,22,0,25
2024-05-02T23:25:29,3,22,0,25
2024-05-02T23:32:32,3,22,0,25
2024-05-02T23:39:36,3,22,0,25
2024-05-02T23:46:39,3,22,0,25
2024-05-02T23:53:42,3,22,0,25
2024-05-03T00:00:57,3,22,0,25
2024-05-03T00:08:01,3,22,0,25
2024-05-03T00:15:05,3,22,0,25
2024-05-03T00:22:10,3,22,0,25
2024-05-03T00:29:13,3,22,0,25
2024-05-03T00:36:17,3,22,0,25
2024-05-03T00:43:21,3,22,0,25
2024-05-03T00:50:25,3,22,0,25
2024-05-03T00:57:29,3,22,0,25
2024-05-03T01:04:33,3,22,0,25
2024-05-03T01:11:38,3,22,0,25
2024-05-03T01:18:42,3,22,0,25
2024-05-03T01:25:46,3,22,0,25
2024-05-03T01:32:50,3,22,0,25
2024-05-03T01:39:54,3,22,0,25
2024-05-03T01:46:58,3,22,0,25
2024-05-03T01:54:02,3,22,0,25
2024-05-03T02:01:06,3,22,0,25
2024-05-03T02:08:10,3,22,0,25
2024-05-03T02:15:13,3,22,0,25
2024-05-03T02:22:17,3,22,0,25
2024-05-03T02:29:20,3,22,0,25
2024-05-03T02:36:24,3,22,0,25
2024-05-03T02:43:27,3,22,0,25
2024-05-03T02:50:30,3,22,0,25
2024-05-03T02:57:34,3,22,0,25
2024-05-03T03:04:37,3,22,0,25
2024-05-03T03:11:41,3,22,0,25
2024-05-03T03:18:44,3,22,0,25
2024-05-03T03:25:48,3,22,0,25
2024-05-03T03:33:11,3,22,0,25
2024-05-03T03:40:26,3,22,0,25
2024-05-03T03:47:30,3,22,0,25
2024-05-03T03:54:33,3,22,0,25
2024-05-03T04:01:36,3,22,0,25
2024-05-03T04:08:39,3,22,0,25
2024-05-03T04:22:41,3,22,0,25
2024-05-03T04:30:07,3,22,0,25
2024-05-03T04:37:11,3,22,0,25
2024-05-03T04:44:14,3,22,0,25
2024-05-03T04:51:18,3,22,0,25
2024-05-03T04:58:22,3,22,0,25
2024-05-03T05:05:25,3,22,0,25
2024-05-03T05:12:29,3,22,0,25
2024-05-03T05:20:06,3,22,0,25
2024-05-03T05:28:17,3,22,0,25
2024-05-03T05:35:21,3,22,0,25
2024-05-03T05:42:24,3,22,0,25
2024-05-03T05:49:28,3,22,0,25
2024-05-03T05:56:31,3,22,0,25
2024-05-03T06:03:34,3,22,0,25
2024-05-03T06:10:38,3,22,0,25
2024-05-03T06:17:44,3,22,0,25
2024-05-03T06:24:48,3,22,0,25
2024-05-03T06:31:51,3,22,0,25
2024-05-03T06:38:54,3,22,0,25
2024-05-03T06:45:57,3,22,0,25
2024-05-03T06:53:01,3,22,0,25
2024-05-03T07:00:04,3,22,0,25
2024-05-03T07:07:07,3,22,0,25
2024-05-03T07:14:10,3,22,0,25
2024-05-03T07:21:14,3,22,0,25
2024-05-03T07:28:21,3,22,0,25
2024-05-03T07:35:24,3,22,0,25
2024-05-03T07:42:27,3,22,0,25
2024-05-03T07:49:41,3,22,0,25
2024-05-03T07:56:44,3,22,0,25
2024-05-03T08:03:47,3,22,0,25
2024-05-03T08:10:51,3,22,0,25
2024-05-03T08:17:54,3,22,0,25
2024-05-03T08:24:58,3,22,0,25
2024-05-03T08:32:01,3,22,0,25
2024-05-03T08:39:04,3,22,0,25
2024-05-03T08:46:07,3,22,0,25
2024-05-03T08:53:10,3,22,0,25
2024-05-03T09:00:14,3,22,0,25
2024-05-03T09:07:17,3,22,0,25
2024-05-03T09:14:20,3,22,0,25
2024-05-03T09:21:24,3,22,0,25
2024-05-03T09:28:29,3,22,0,25
2024-05-03T09:35:32,3,22,0,25
2024-05-03T09:42:36,3,22,0,25
2024-05-03T09:49:40,3,22,0,25
2024-05-03T09:56:43,3,22,0,25
2024-05-03T10:03:46,3,22,0,25
2024-05-03T10:10:50,3,22,0,25
2024-05-03T10:17:54,3,22,0,25
2024-05-03T10:24:57,3,22,0,25
2024-05-03T10:32:00,3,22,0,25
2024-05-03T10:39:03,3,22,0,25
2024-05-03T10:46:18,3,22,0,25
2024-05-03T10:53:21,3,22,0,25
2024-05-03T11:00:25,3,22,0,25
2024-05-03T11:07:28,3,22,0,25
2024-05-03T11:14:32,3,22,0,25
2024-05-03T11:21:35,3,22,0,25
2024-05-03T11:28:39,3,22,0,25
2024-05-03T11:35:42,3,22,0,25
2024-05-03T11:42:45,3,22,0,25
2024-05-03T11:49:49,3,22,0,25
2024-05-03T11:56:52,3,22,0,25
2024-05-03T12:03:56,3,22,0,25
2024-05-03T12:10:59,3,22,0,25
2024-05-03T12:18:03,3,22,0,25
2024-05-03T12:25:06,3,22,0,25
2024-05-03T12:32:09,3,22,0,25
2024-05-03T12:39:12,3,22,0,25
2024-05-03T12:46:17,3,22,0,25
2024-05-03T12:53:31,3,22,0,25
2024-05-03T13:00:34,3,22,0,25
2024-05-03T13:07:37,3,22,0,25
2024-05-03T13:14:40,3,22,0,25
2024-05-03T13:21:44,3,22,0,25
2024-05-03T13:28:47,3,22,0,25
2024-05-03T13:35:51,3,22,0,25
2024-05-03T13:42:54,3,22,0,25
2024-05-03T13:49:57,3,22,0,25
2024-05-03T13:57:01,3,22,0,25
2024-05-03T14:04:04,3,22,0,25
2024-05-03T14:11:07,3,22,0,25
2024-05-03T14:18:11,3,22,0,25
2024-05-03T14:25:14,3,22,0,25
2024-05-03T14:32:17,3,22,0,25
2024-05-03T14:39:21,3,22,0,25
2024-05-03T14:46:24,3,22,0,25
2024-05-03T14:53:27,3,22,0,25
2024-05-03T15:00:31,3,22,0,25
2024-05-03T15:07:45,3,22,0,25
2024-05-03T15:14:48,3,22,0,25
2024-05-03T15:21:52,3,22,0,25
2024-05-03T15:28:55,3,22,0,25
2024-05-03T15:35:58,3,22,0,25
2024-05-03T15:43:01,3,22,0,25
2024-05-03T15:50:04,3,22,0,25
2024-05-03T15:57:08,3,22,0,25
2024-05-03T16:04:11,3,22,0,25
2024-05-03T16:11:14,3,22,0,25
2024-05-03T16:18:18,3,22,0,25
2024-05-03T16:25:21,3,22,0,25
2024-05-03T16:32:26,3,22,0,25
2024-05-03T16:39:29,3,22,0,25
2024-05-03T16:46:33,3,22,0,25
2024-05-03T16:53:37,3,22,0,25
2024-05-03T17:00:49,3,22,0,25
2024-05-03T17:07:53,3,22,0,25
2024-05-03T17:14:56,3,22,0,25
2024-05-03T17:22:00,3,22,0,25
2024-05-03T17:29:04,3,22,0,25
2024-05-03T17:36:07,3,22,0,25
2024-05-03T17:43:11,3,22,0,25
2024-05-03T17:50:14,3,22,0,25
2024-05-03T17:57:17,3,22,0,25
2024-05-03T18:04:21,3,22,0,25
2024-05-03T18:11:24,3,22,0,25
2024-05-03T18:18:27,3,22,0,25
2024-05-03T18:25:31,3,22,0,25
2024-05-03T18:32:34,3,22,0,25
2024-05-03T18:39:37,3,22,0,25
2024-05-03T18:46:41,3,22,0,25
2024-05-03T18:53:44,3,22,0,25
2024-05-03T19:00:47,3,22,0,25
2024-05-03T19:07:50,3,22,0,25
2024-05-03T19:14:53,3,22,0,25
2024-05-03T19:21:57,3,22,0,25
2024-05-03T19:29:00,3,22,0,25
2024-05-03T19:36:03,3,22,0,25
2024-05-03T19:43:07,3,22,0,25
2024-05-03T19:50:20,3,22,0,25
2024-05-03T19:57:24,3,22,0,25
2024-05-03T20:04:34,3,22,0,25
2024-05-03T20:11:37,3,22,0,25
2024-05-03T20:18:41,3,22,0,25
2024-05-03T20:25:44,3,22,0,25
2024-05-03T20:32:48,3,22,0,25
2024-05-03T20:39:51,3,22,0,25
2024-05-03T20:46:54,3,22,0,25
2024-05-03T20:53:57,3,22,0,25
2024-05-03T21:01:01,3,22,0,25
2024-05-03T21:08:04,3,22,0,25
2024-05-03T21:15:07,3,22,0,25
2024-05-03T21:22:11,3,22,0,25
2024-05-03T21:29:14,3,22,0,25
2024-05-03T21:36:17,3,22,0,25
2024-05-03T21:43:21,3,22,0,25
2024-05-03T21:50:24,3,22,0,25
2024-05-03T21:57:28,3,22,0,25
2024-05-03T22:04:33,3,22,0,25
2024-05-03T22:11:36,3,22,0,25
2024-05-03T22:18:40,3,22,0,25
2024-05-03T22:25:43,3,22,0,25
2024-05-03T22:32:47,3,22,0,25
2024-05-03T22:39:51,3,22,0,25
2024-05-03T22:46:55,3,22,0,25
2024-05-03T22:53:58,3,22,0,25
2024-05-03T23:01:12,3,22,0,25
2024-05-03T23:08:16,3,22,0,25
2024-05-03T23:15:20,3,22,0,25
2024-05-03T23:22:24,3,22,0,25
2024-05-03T23:29:27,3,22,0,25
2024-05-03T23:36:31,3,22,0,25
2024-05-03T23:43:35,3,22,0,25
2024-05-03T23:50:38,3,22,0,25
2024-05-03T23:57:41,3,22,0,25
2024-05-04T00:04:45,3,22,0,25
2024-05-04T00:11:49,3,22,0,25
2024-05-04T00:18:54,3,22,0,25
2024-05-04T00:26:01,3,22,0,25
2024-05-04T00:33:06,3,22,0,25
2024-05-04T00:40:10,3,22,0,25
2024-05-04T00:47:15,3,22,0,25
2024-05-04T00:54:19,3,22,0,25
2024-05-04T01:01:23,3,22,0,25
2024-05-04T01:08:26,3,22,0,25
2024-05-04T01:15:30,3,22,0,25
2024-05-04T01:22:35,3,22,0,25
2024-05-04T01:29:39,3,22,0,25
2024-05-04T01:36:42,3,22,0,25
2024-05-04T01:43:45,3,22,0,25
2024-05-04T01:50:49,3,22,0,25
2024-05-04T01:57:55,3,22,0,25
2024-05-04T02:04:59,3,22,0,25
2024-05-04T02:12:02,3,22,0,25
2024-05-04T02:19:05,3,22,0,25
2024-05-04T02:26:09,3,22,0,25
2024-05-04T02:33:12,3,22,0,25
2024-05-04T02:40:15,3,22,0,25
2024-05-04T02:47:30,3,22,0,25
2024-05-04T02:54:33,3,22,0,25
2024-05-04T03:01:37,3,22,0,25
2024-05-04T03:08:42,3,22,0,25
2024-05-04T03:15:47,3,22,0,25
2024-05-04T03:22:51,3,22,0,25
2024-05-04T03:29:55,3,22,0,25
2024-05-04T03:37:00,3,22,0,25
2024-05-04T03:44:03,3,22,0,25
2024-05-04T03:51:07,3,22,0,25
2024-05-04T03:58:11,3,22,0,25
2024-05-04T04:05:15,3,22,0,25
2024-05-04T04:12:19,3,22,0,25
2024-05-04T04:29:10,3,22,0,25
2024-05-04T04:36:13,3,22,0,25
2024-05-04T04:44:48,3,22,0,25
2024-05-04T04:51:51,3,22,0,25
2024-05-04T04:58:54,3,22,0,25
2024-05-04T05:05:58,3,22,0,25
2024-05-04T05:13:01,3,22,0,25
2024-05-04T05:20:04,3,22,0,25
2024-05-04T05:27:07,3,22,0,25
2024-05-04T05:34:10,3,22,0,25
2024-05-04T05:41:14,3,22,0,25
2024-05-04T05:48:18,3,22,0,25
2024-05-04T05:55:21,3,22,0,25
2024-05-04T06:02:25,3,22,0,25
2024-05-04T06:09:28,3,22,0,25
2024-05-04T06:16:32,3,22,0,25
2024-05-04T06:23:42,3,22,0,25
2024-05-04T06:30:45,3,22,0,25
2024-05-04T06:37:49,3,22,0,25
2024-05-04T06:44:53,3,22,0,25
2024-05-04T06:51:57,3,22,0,25
2024-05-04T06:59:00,3,22,0,25
2024-05-04T07:06:04,3,22,0,25
2024-05-04T07:13:07,3,22,0,25
2024-05-04T07:20:11,3,22,0,25
2024-05-04T07:27:14,3,22,0,25
2024-05-04T07:34:18,3,22,0,25
2024-05-04T07:41:21,3,22,0,25
2024-05-04T07:48:25,3,22,0,25
2024-05-04T07:55:29,3,22,0,25
2024-05-04T08:02:32,3,22,0,25
2024-05-04T08:09:35,3,22,0,25
2024-05-04T08:16:39,3,22,0,25
2024-05-04T08:23:42,3,22,0,25
2024-05-04T08:30:46,3,22,0,25
2024-05-04T08:37:49,3,22,0,25
2024-05-04T08:44:52,3,22,0,25
2024-05-04T08:51:56,3,22,0,25
2024-05-04T08:58:59,3,22,0,25
2024-05-04T09:06:03,3,22,0,25
2024-05-04T09:13:20,3,22,0,25
2024-05-04T09:20:23,3,22,0,25
2024-05-04T09:27:26,3,22,0,25
2024-05-04T09:34:30,3,22,0,25
2024-05-04T09:41:33,3,22,0,25
2024-05-04T09:48:36,3,22,0,25
2024-05-04T09:55:39,3,22,0,25
2024-05-04T10:02:43,3,22,0,25
2024-05-04T10:09:46,3,22,0,25
2024-05-04T10:16:50,3,22,0,25
2024-05-04T10:23:53,3,22,0,25
2024-05-04T10:30:57,3,22,0,25
2024-05-04T10:38:00,3,22,0,25
2024-05-04T10:45:04,3,22,0,25
2024-05-04T10:52:08,3,22,0,25
2024-05-04T10:59:11,3,22,0,25
2024-05-04T11:06:15,3,22,0,25
2024-05-04T11:13:18,3,22,0,25
2024-05-04T11:20:21,3,22,0,25
2024-05-04T11:27:25,3,22,0,25
2024-05-04T11:34:29,3,22,0,25
2024-05-04T11:41:32,3,22,0,25
2024-05-04T11:48:35,3,22,0,25
2024-05-04T11:55:38,3,22,0,25
2024-05-04T12:02:41,3,22,0,25
2024-05-04T12:09:46,3,22,0,25
2024-05-04T12:16:49,3,22,0,25
2024-05-04T12:24:03,3,22,0,25
2024-05-04T12:31:06,3,22,0,25
2024-05-04T12:38:09,3,22,0,25
2024-05-04T12:45:12,3,22,0,25
2024-05-04T12:52:15,3,22,0,25
2024-05-04T12:59:18,3,22,0,25
2024-05-04T13:06:22,3,22,0,25
2024-05-04T13:13:25,3,22,0,25
2024-05-04T13:20:28,3,22,0,25
2024-05-04T13:27:31,3,22,0,25
2024-05-04T13:34:34,3,22,0,25
2024-05-04T13:41:38,3,22,0,25
2024-05-04T13:48:41,3,22,0,25
2024-05-04T13:55:44,3,22,0,25
2024-05-04T14:02:47,4,21,0,25
2024-05-04T14:09:50,4,21,0,25
2024-05-04T14:16:53,4,21,0,25
2024-05-04T14:23:57,4,21,0,25
2024-05-04T14:31:00,4,21,0,25
2024-05-04T14:38:03,4,21,0,25
2024-05-04T14:45:06,4,21,0,25
2024-05-04T14:52:09,4,21,0,25
2024-05-04T14:59:13,4,21,0,25
2024-05-04T15:06:16,4,21,0,25
2024-05-04T15:13:19,4,21,0,25
2024-05-04T15:20:40,4,21,0,25
2024-05-04T15:27:43,4,21,0,25
2024-05-04T15:34:46,4,21,0,25
2024-05-04T15:41:49,4,21,0,25
2024-05-04T15:48:52,4,21,0,25
2024-05-04T15:55:56,4,21,0,25
2024-05-04T16:03:00,4,21,0,25
2024-05-04T16:10:03,4,21,0,25
2024-05-04T16:17:06,4,21,0,25
2024-05-04T16:24:09,4,21,0,25
2024-05-04T16:31:13,4,21,0,25
2024-05-04T16:38:17,4,21,0,25
2024-05-04T16:45:21,4,21,0,25
2024-05-04T16:52:24,4,21,0,25
2024-05-04T16:59:27,4,21,0,25
2024-05-04T17:06:30,4,21,0,25
2024-05-04T17:13:34,4,21,0,25
2024-05-04T17:20:37,4,21,0,25
2024-05-04T17:27:41,4,21,0,25
2024-05-04T17:34:44,4,21,0,25
2024-05-04T17:41:47,4,21,0,25
2024-05-04T17:49:00,4,21,0,25
2024-05-04T17:56:03,4,21,0,25
2024-05-04T18:03:06,4,21,0,25
2024-05-04T18:10:09,4,21,0,25
2024-05-04T18:17:12,4,21,0,25
2024-05-04T18:24:15,4,21,0,25
2024-05-04T18:31:18,4,21,0,25
2024-05-04T18:38:21,4,21,0,25
2024-05-04T18:45:24,4,21,0,25
2024-05-04T18:52:27,4,21,0,25
2024-05-04T18:59:31,4,21,0,25
2024-05-04T19:06:34,4,21,0,25
2024-05-04T19:13:37,4,21,0,25
2024-05-04T19:20:41,4,21,0,25
2024-05-04T19:27:44,4,21,0,25
2024-05-04T19:34:47,4,21,0,25
2024-05-04T19:41:50,4,21,0,25
2024-05-04T19:48:53,4,21,0,25
2024-05-04T19:55:56,4,21,0,25
2024-05-04T20:02:59,4,21,0,25
2024-05-04T20:10:02,4,21,0,25
2024-05-04T20:17:05,4,21,0,25
2024-05-04T20:24:09,4,21,0,25
2024-05-04T20:31:12,4,21,0,25
2024-05-04T20:38:15,4,21,0,25
2024-05-04T20:45:35,4,21,0,25
2024-05-04T20:52:38,4,21,0,25
2024-05-04T20:59:41,4,21,0,25
2024-05-04T21:06:44,4,21,0,25
2024-05-04T21:13:48,4,21,0,25
2024-05-04T21:20:52,4,21,0,25
2024-05-04T21:27:55,4,21,0,25
2024-05-04T21:34:58,4,21,0,25
2024-05-04T21:42:01,4,21,0,25
2024-05-04T21:49:04,4,21,0,25
2024-05-04T21:56:09,4,21,0,25
2024-05-04T22:03:12,4,21,0,25
2024-05-04T22:10:15,4,21,0,25
2024-05-04T22:17:18,4,21,0,25
2024-05-04T22:24:22,4,21,0,25
2024-05-04T22:31:26,4,21,0,25
2024-05-04T22:38:29,4,21,0,25
2024-05-04T22:45:33,4,21,0,25
2024-05-04T22:52:36,4,21,0,25
2024-05-04T22:59:40,4,21,0,25
2024-05-04T23:06:44,4,21,0,25
2024-05-04T23:13:47,4,21,0,25
2024-05-04T23:20:50,4,21,0,25
2024-05-04T23:27:53,4,21,0,25
2024-05-04T23:34:56,4,21,0,25
2024-05-04T23:41:59,4,21,0,25
2024-05-04T23:49:03,4,21,0,25
2024-05-04T23:56:06,4,21,0,25
2024-05-05T00:03:19,4,21,0,25
2024-05-05T00:10:22,4,21,0,25
2024-05-05T00:17:28,4,21,0,25
2024-05-05T00:24:33,4,21,0,25
2024-05-05T00:31:36,4,21,0,25
2024-05-05T00:38:41,4,21,0,25
2024-05-05T00:45:44,4,21,0,25
2024-05-05T00:52:48,4,21,0,25
2024-05-05T00:59:51,4,21,0,25
2024-05-05T01:06:55,4,21,0,25
2024-05-05T01:13:59,4,21,0,25
2024-05-05T01:21:03,4,21,0,25
2024-05-05T01:28:07,4,21,0,25
2024-05-05T01:35:11,4,21,0,25
2024-05-05T01:42:15,4,21,0,25
2024-05-05T01:49:18,4,21,0,25
2024-05-05T01:56:22,4,21,0,25
2024-05-05T02:03:26,4,21,0,25
2024-05-05T02:10:29,4,21,0,25
2024-05-05T02:17:33,4,21,0,25
2024-05-05T02:24:37,4,21,0,25
2024-05-05T02:32:04,4,21,0,25
2024-05-05T02:39:07,4,21,0,25
2024-05-05T02:46:11,4,21,0,25
2024-05-05T02:53:14,4,21,0,25
2024-05-05T03:00:18,4,21,0,25
2024-05-05T03:07:21,4,21,0,25
2024-05-05T03:14:26,4,21,0,25
2024-05-05T03:21:29,4,21,0,25
2024-05-05T03:28:33,4,21,0,25
2024-05-05T03:35:36,4,21,0,25
2024-05-05T03:42:39,4,21,0,25
2024-05-05T03:49:43,4,21,0,25
2024-05-05T03:56:46,4,21,0,25
2024-05-05T04:03:50,4,21,0,25
2024-05-05T04:10:54,4,21,0,25
2024-05-05T04:18:17,4,21,0,25
2024-05-05T04:30:16,4,21,0,25
2024-05-05T04:37:44,4,21,0,25
2024-05-05T04:44:48,4,21,0,25
2024-05-05T04:51:51,4,21,0,25
2024-05-05T04:58:54,4,21,0,25
2024-05-05T05:05:58,4,21,0,25
2024-05-05T05:13:01,4,21,0,25
2024-05-05T05:20:05,4,21,0,25
2024-05-05T05:27:08,4,21,0,25
2024-05-05T05:34:12,4,21,0,25
2024-05-05T05:41:15,4,21,0,25
2024-05-05T05:48:19,4,21,0,25
2024-05-05T05:55:22,4,21,0,25
2024-05-05T06:02:25,4,21,0,25
2024-05-05T06:09:28,4,21,0,25
2024-05-05T06:16:31,4,21,0,25
2024-05-05T06:23:34,4,21,0,25
2024-05-05T06:30:38,4,21,0,25
2024-05-05T06:37:41,4,21,0,25
2024-05-05T06:44:44,4,21,0,25
2024-05-05T06:51:47,4,21,0,25
2024-05-05T06:58:50,4,21,0,25
2024-05-05T07:05:53,4,21,0,25
2024-05-05T07:12:56,4,21,0,25
2024-05-05T07:19:59,4,21,0,25
2024-05-05T07:27:03,4,21,0,25
2024-05-05T07:34:06,4,21,0,25
2024-05-05T07:41:13,4,21,0,25
2024-05-05T07:48:24,4,21,0,25
2024-05-05T07:55:27,4,21,0,25
2024-05-05T08:02:31,4,21,0,25
2024-05-05T08:09:34,4,21,0,25
2024-05-05T08:16:37,4,21,0,25
2024-05-05T08:23:40,4,21,0,25
2024-05-05T08:30:44,4,21,0,25
2024-05-05T08:37:47,4,21,0,25
2024-05-05T08:44:51,4,21,0,25
2024-05-05T08:51:54,4,21,0,25
2024-05-05T08:58:58,4,21,0,25
2024-05-05T09:06:02,4,21,0,25
2024-05-05T09:13:05,4,21,0,25
2024-05-05T09:20:09,4,21,0,25
2024-05-05T09:27:13,4,21,0,25
2024-05-05T09:34:17,4,21,0,25
2024-05-05T09:41:20,4,21,0,25
2024-05-05T09:48:24,4,21,0,25
2024-05-05T09:55:28,4,21,0,25
2024-05-05T10:02:31,4,21,0,25
2024-05-05T10:09:35,4,21,0,25
2024-05-05T10:16:39,4,21,0,25
2024-05-05T10:23:43,4,21,0,25
2024-05-05T10:30:46,4,21,0,25
2024-05-05T10:37:50,4,21,0,25
2024-05-05T10:44:53,4,21,0,25
2024-05-05T10:51:57,4,21,0,25
2024-05-05T10:59:00,4,21,0,25
2024-05-05T11:06:03,4,21,0,25
2024-05-05T11:13:06,4,21,0,25
2024-05-05T11:20:09,4,21,0,25
2024-05-05T11:27:23,4,21,0,25
2024-05-05T11:34:27,4,21,0,25
2024-05-05T11:41:30,4,21,0,25
2024-05-05T11:48:33,4,21,0,25
2024-05-05T11:55:36,4,21,0,25
2024-05-05T12:02:40,4,21,0,25
2024-05-05T12:09:43,4,21,0,25
2024-05-05T12:16:48,4,21,0,25
2024-05-05T12:23:51,4,21,0,25
2024-05-05T12:30:55,4,21,0,25
2024-05-05T12:37:58,4,21,0,25
2024-05-05T12:45:01,4,21,0,25
2024-05-05T12:52:04,4,21,0,25
2024-05-05T12:59:08,4,21,0,25
2024-05-05T13:06:11,4,21,0,25
2024-05-05T13:13:15,4,21,0,25
2024-05-05T13:20:18,4,21,0,25
2024-05-05T13:27:22,4,21,0,25
2024-05-05T13:34:26,4,21,0,25
2024-05-05T13:41:30,4,21,0,25
2024-05-05T13:48:33,4,21,0,25
2024-05-05T13:55:44,4,21,0,25
2024-05-05T14:02:48,4,21,0,25
2024-05-05T14:09:51,4,21,0,25
2024-05-05T14:16:54,4,21,0,25
2024-05-05T14:23:58,4,21,0,25
2024-05-05T14:31:01,4,21,0,25
2024-05-05T14:38:04,4,21,0,25
2024-05-05T14:45:08,4,21,0,25
2024-05-05T14:52:11,4,21,0,25
2024-05-05T14:59:15,4,21,0,25
2024-05-05T15:06:18,4,21,0,25
2024-05-05T15:13:22,4,21,0,25
2024-05-05T15:20:25,4,21,0,25
2024-05-05T15:27:28,4,21,0,25
2024-05-05T15:34:31,4,21,0,25
2024-05-05T15:41:35,4,21,0,25
2024-05-05T15:48:38,4,21,0,25
2024-05-05T15:55:41,4,21,0,25
2024-05-05T16:02:45,4,21,0,25
2024-05-05T16:09:58,4,21,0,25
2024-05-05T16:17:01,4,21,0,25
2024-05-05T16:24:04,4,21,0,25
2024-05-05T16:31:08,4,21,0,25
2024-05-05T16:38:11,4,21,0,25
2024-05-05T16:45:15,4,21,0,25
2024-05-05T16:52:18,4,21,0,25
2024-05-05T16:59:21,4,21,0,25
2024-05-05T17:06:24,4,21,0,25
2024-05-05T17:13:28,4,21,0,25
2024-05-05T17:20:31,4,21,0,25
2024-05-05T17:27:35,4,21,0,25
2024-05-05T17:34:38,4,21,0,25
2024-05-05T17:41:42,4,21,0,25
2024-05-05T17:48:45,4,21,0,25
2024-05-05T17:55:48,4,21,0,25
2024-05-05T18:02:51,4,21,0,25
2024-05-05T18:09:54,4,21,0,25
2024-05-05T18:16:58,4,21,0,25
2024-05-05T18:24:01,4,21,0,25
2024-05-05T18:31:04,4,21,0,25
2024-05-05T18:38:09,4,21,0,25
2024-05-05T18:45:12,4,21,0,25
2024-05-05T18:52:15,4,21,0,25
2024-05-05T18:59:19,4,21,0,25
2024-05-05T19:06:31,4,21,0,25
2024-05-05T19:13:34,4,21,0,25
2024-05-05T19:20:38,4,21,0,25
2024-05-05T19:27:43,4,21,0,25
2024-05-05T19:34:46,4,21,0,25
2024-05-05T19:41:50,4,21,0,25
2024-05-05T19:48:54,4,21,0,25
2024-05-05T19:55:58,4,21,0,25
2024-05-05T20:03:01,4,21,0,25
2024-05-05T20:10:04,4,21,0,25
2024-05-05T20:17:08,4,21,0,25
2024-05-05T20:24:11,4,21,0,25
2024-05-05T20:31:14,4,21,0,25
2024-05-05T20:38:18,4,21,0,25
2024-05-05T20:45:22,4,21,0,25
2024-05-05T20:52:25,4,21,0,25
2024-05-05T20:59:28,4,21,0,25
2024-05-05T21:06:32,4,21,0,25
2024-05-05T21:13:35,4,21,0,25
2024-05-05T21:20:39,4,21,0,25
2024-05-05T21:27:43,4,21,0,25
2024-05-05T21:34:47,4,21,0,25
2024-05-05T21:41:51,4,21,0,25
2024-05-05T21:48:54,4,21,0,25
2024-05-05T21:56:07,4,21,0,25
2024-05-05T22:03:10,4,21,0,25
2024-05-05T22:10:15,4,21,0,25
2024-05-05T22:17:18,4,21,0,25
2024-05-05T22:24:21,4,21,0,25
2024-05-05T22:31:25,4,21,0,25
2024-05-05T22:38:28,4,21,0,25
2024-05-05T22:45:33,4,21,0,25
2024-05-05T22:52:36,4,21,0,25
2024-05-05T22:59:39,4,21,0,25
2024-05-05T23:06:42,4,21,0,25
2024-05-05T23:13:46,4,21,0,25
2024-05-05T23:20:50,4,21,0,25
2024-05-05T23:27:54,4,21,0,25
2024-05-05T23:34:57,4,21,0,25
2024-05-05T23:42:01,4,21,0,25
2024-05-05T23:49:04,4,21,0,25
2024-05-05T23:56:08,4,21,0,25
2024-05-06T00:03:13,4,21,0,25
2024-05-06T00:10:16,4,21,0,25
2024-05-06T00:17:21,4,21,0,25
2024-05-06T00:24:24,4,21,0,25
2024-05-06T00:31:28,4,21,0,25
2024-05-06T00:38:33,4,21,0,25
2024-05-06T00:45:37,4,21,0,25
2024-05-06T00:52:42,4,21,0,25
2024-05-06T00:59:45,4,21,0,25
2024-05-06T01:06:58,4,21,0,25
2024-05-06T01:14:02,4,21,0,25
2024-05-06T01:21:10,4,21,0,25
2024-05-06T01:28:16,4,21,0,25
2024-05-06T01:35:19,4,21,0,25
2024-05-06T01:42:23,4,21,0,25
2024-05-06T01:49:26,4,21,0,25
2024-05-06T01:56:30,4,21,0,25
2024-05-06T02:03:33,4,21,0,25
2024-05-06T02:10:37,4,21,0,25
2024-05-06T02:17:46,4,21,0,25
2024-05-06T02:24:49,4,21,0,25
2024-05-06T02:31:51,4,21,0,25
2024-05-06T02:38:55,4,21,0,25
2024-05-06T02:45:58,4,21,0,25
2024-05-06T02:53:01,4,21,0,25
2024-05-06T03:00:04,4,21,0,25
2024-05-06T03:07:08,4,21,0,25
2024-05-06T03:14:14,4,21,0,25
2024-05-06T03:21:18,4,21,0,25
2024-05-06T03:28:22,4,21,0,25
2024-05-06T03:35:27,4,21,0,25
2024-05-06T03:42:30,4,21,0,25
2024-05-06T03:49:34,4,21,0,25
2024-05-06T03:56:38,4,21,0,25
2024-05-06T04:03:41,4,21,0,25
2024-05-06T04:10:46,4,21,0,25
2024-05-06T04:26:50,4,21,0,25
2024-05-06T04:33:54,4,21,0,25
2024-05-06T04:40:57,4,21,0,25
2024-05-06T04:49:49,4,21,0,25
2024-05-06T04:56:54,4,21,0,25
2024-05-06T05:04:00,4,21,0,25
2024-05-06T05:11:06,4,21,0,25
2024-05-06T05:18:10,4,21,0,25
2024-05-06T05:25:13,4,21,0,25
2024-05-06T05:32:18,4,21,0,25
2024-05-06T05:39:22,4,21,0,25
2024-05-06T05:46:26,4,21,0,25
2024-05-06T05:53:30,4,21,0,25
2024-05-06T06:00:34,4,21,0,25
2024-05-06T06:07:38,4,21,0,25
2024-05-06T06:14:45,4,21,0,25
2024-05-06T06:21:49,4,21,0,25
2024-05-06T06:28:52,4,21,0,25
2024-05-06T06:35:56,4,21,0,25
2024-05-06T06:43:00,4,21,0,25
2024-05-06T06:50:04,4,21,0,25
2024-05-06T06:57:12,4,21,0,25
2024-05-06T07:04:17,4,21,0,25
2024-05-06T07:11:21,4,21,0,25
2024-05-06T07:18:25,4,21,0,25
2024-05-06T07:25:29,4,21,0,25
2024-05-06T07:32:32,4,21,0,25
2024-05-06T07:39:37,4,21,0,25
2024-05-06T07:46:42,4,21,0,25
2024-05-06T07:53:45,4,21,0,25
2024-05-06T08:00:50,4,21,0,25
2024-05-06T08:08:00,4,21,0,25
2024-05-06T08:15:12,4,21,0,25
2024-05-06T08:22:16,4,21,0,25
2024-05-06T08:29:19,4,21,0,25
2024-05-06T08:36:23,4,21,0,25
2024-05-06T08:43:29,4,21,0,25
2024-05-06T08:50:33,4,21,0,25
2024-05-06T08:57:37,4,21,0,25
2024-05-06T09:04:41,4,21,0,25
2024-05-06T09:11:44,4,21,0,25
2024-05-06T09:18:48,4,21,0,25
2024-05-06T09:25:52,4,21,0,25
2024-05-06T09:32:57,4,21,0,25
2024-05-06T09:40:02,4,21,0,25
2024-05-06T09:47:06,4,21,0,25
2024-05-06T09:54:10,4,21,0,25
2024-05-06T10:01:14,4,21,0,25
2024-05-06T10:08:17,4,21,0,25
2024-05-06T10:15:21,4,21,0,25
2024-05-06T10:22:24,4,21,0,25
2024-05-06T10:29:28,4,21,0,25
2024-05-06T10:36:32,4,21,0,25
2024-05-06T10:43:35,4,21,0,25
2024-05-06T10:50:39,4,21,0,25
2024-05-06T10:57:43,4,21,0,25
2024-05-06T11:04:47,4,21,0,25
2024-05-06T11:11:50,4,21,0,25
2024-05-06T11:19:06,4,21,0,25
2024-05-06T11:26:09,4,21,0,25
2024-05-06T11:33:13,4,21,0,25
2024-05-06T11:40:17,4,21,0,25
2024-05-06T11:47:20,4,21,0,25
2024-05-06T11:54:24,4,21,0,25
2024-05-06T12:01:27,4,21,0,25
2024-05-06T12:08:31,4,21,0,25
2024-05-06T12:15:37,4,21,0,25
2024-05-06T12:22:40,4,21,0,25
2024-05-06T12:29:43,4,21,0,25
2024-05-06T12:36:47,4,21,0,25
2024-05-06T12:43:51,4,21,0,25
2024-05-06T12:50:55,4,21,0,25
2024-05-06T12:58:07,4,21,0,25
2024-05-06T13:05:11,4,21,0,25
2024-05-06T13:12:14,4,21,0,25
2024-05-06T13:19:18,4,21,0,25
2024-05-06T13:26:21,4,21,0,25
2024-05-06T13:33:25,4,21,0,25
2024-05-06T13:40:28,4,21,0,25
2024-05-06T13:47:32,4,21,0,25
2024-05-06T13:54:39,4,21,0,25
2024-05-06T14:01:43,4,21,0,25
2024-05-06T14:08:50,4,21,0,25
2024-05-06T14:15:54,4,21,0,25
2024-05-06T14:22:57,4,21,0,25
2024-05-06T14:30:01,4,21,0,25
2024-05-06T14:37:08,4,21,0,25
2024-05-06T14:44:11,4,21,0,25
2024-05-06T14:51:15,4,21,0,25
2024-05-06T14:58:32,4,21,0,25
2024-05-06T15:05:36,4,21,0,25
2024-05-06T15:12:40,4,21,0,25
2024-05-06T15:19:44,4,21,0,25
2024-05-06T15:26:48,4,21,0,25
2024-05-06T15:33:53,4,21,0,25
2024-05-06T15:40:57,4,21,0,25
2024-05-06T15:48:01,4,21,0,25
2024-05-06T15:55:05,4,21,0,25
2024-05-06T16:02:09,4,21,0,25
2024-05-06T16:09:13,4,21,0,25
2024-05-06T16:16:17,4,21,0,25
2024-05-06T16:23:20,4,21,0,25
2024-05-06T16:30:24,4,21,0,25
2024-05-06T16:37:28,4,21,0,25
2024-05-06T16:44:32,4,21,0,25
2024-05-06T16:51:36,4,21,0,25
2024-05-06T16:58:40,4,21,0,25
2024-05-06T17:05:44,4,21,0,25
2024-05-06T17:12:57,4,21,0,25
2024-05-06T17:20:02,4,21,0,25
2024-05-06T17:27:06,4,21,0,25
2024-05-06T17:34:10,4,21,0,25
2024-05-06T17:41:14,4,21,0,25
2024-05-06T17:48:19,4,21,0,25
2024-05-06T17:55:22,4,21,0,25
2024-05-06T18:02:26,4,21,0,25
2024-05-06T18:09:30,4,21,0,25
2024-05-06T18:16:34,4,21,0,25
2024-05-06T18:23:38,4,21,0,25
2024-05-06T18:30:41,4,21,0,25
2024-05-06T18:37:45,4,21,0,25
2024-05-06T18:44:48,4,21,0,25
2024-05-06T18:51:53,4,21,0,25
2024-05-06T18:58:56,4,21,0,25
2024-05-06T19:06:00,4,21,0,25
2024-05-06T19:13:04,4,21,0,25
2024-05-06T19:20:08,4,21,0,25
2024-05-06T19:27:11,4,21,0,25
2024-05-06T19:34:16,4,21,0,25
2024-05-06T19:41:20,4,21,0,25
2024-05-06T19:48:33,4,21,0,25
2024-05-06T19:55:36,4,21,0,25
2024-05-06T20:02:40,4,21,0,25
2024-05-06T20:09:44,4,21,0,25
2024-05-06T20:16:48,4,21,0,25
2024-05-06T20:23:51,4,21,0,25
2024-05-06T20:30:55,4,21,0,25
2024-05-06T20:37:58,4,21,0,25
2024-05-06T20:45:02,4,21,0,25
2024-05-06T20:52:05,4,21,0,25
2024-05-06T20:59:08,4,21,0,25
2024-05-06T21:06:12,4,21,0,25
2024-05-06T21:13:15,4,21,0,25
2024-05-06T21:20:19,4,21,0,25
2024-05-06T21:27:23,4,21,0,25
2024-05-06T21:34:27,4,21,0,25
2024-05-06T21:41:31,4,21,0,25
2024-05-06T21:48:35,4,21,0,25
2024-05-06T21:55:39,4,21,0,25
2024-05-06T22:02:43,4,21,0,25
2024-05-06T22:09:48,4,21,0,25
2024-05-06T22:16:51,4,21,0,25
2024-05-06T22:24:05,4,21,0,25
2024-05-06T22:31:10,4,21,0,25
2024-05-06T22:38:14,4,21,0,25
2024-05-06T22:45:18,4,21,0,25
2024-05-06T22:52:22,4,21,0,25
2024-05-06T22:59:25,4,21,0,25
2024-05-06T23:06:29,4,21,0,25
2024-05-06T23:13:33,4,21,0,25
2024-05-06T23:20:36,4,21,0,25
2024-05-06T23:27:40,4,21,0,25
2024-05-06T23:34:44,4,21,0,25
2024-05-06T23:41:48,4,21,0,25
2024-05-06T23:48:52,4,21,0,25
2024-05-06T23:55:55,4,21,0,25
2024-05-07T00:03:02,4,21,0,25
2024-05-07T00:10:06,4,21,0,25
2024-05-07T00:17:10,4,21,0,25
2024-05-07T00:24:18,4,21,0,25
2024-05-07T00:31:23,4,21,0,25
2024-05-07T00:38:27,4,21,0,25
2024-05-07T00:45:31,4,21,0,25
2024-05-07T00:52:36,4,21,0,25
2024-05-07T00:59:40,4,21,0,25
2024-05-07T01:06:45,4,21,0,25
2024-05-07T01:13:49,4,21,0,25
2024-05-07T01:20:53,4,21,0,25
2024-05-07T01:27:57,4,21,0,25
2024-05-07T01:35:01,4,21,0,25
2024-05-07T01:42:05,4,21,0,25
2024-05-07T01:49:09,4,21,0,25
2024-05-07T01:56:24,4,21,0,25
2024-05-07T02:03:27,4,21,0,25
2024-05-07T02:10:31,4,21,0,25
2024-05-07T02:17:36,4,21,0,25
2024-05-07T02:24:40,4,21,0,25
2024-05-07T02:31:44,4,21,0,25
2024-05-07T02:38:48,4,21,0,25
2024-05-07T02:45:52,4,21,0,25
2024-05-07T02:52:56,4,21,0,25
2024-05-07T03:00:05,4,21,0,25
2024-05-07T03:07:09,4,21,0,25
2024-05-07T03:14:13,4,21,0,25
2024-05-07T03:21:17,4,21,0,25
2024-05-07T03:28:21,4,21,0,25
2024-05-07T03:35:25,4,21,0,25
2024-05-07T03:42:29,4,21,0,25
2024-05-07T03:49:33,4,21,0,25
2024-05-07T03:56:37,4,21,0,25
2024-05-07T04:03:41,4,21,0,25
2024-05-07T04:17:32,4,21,0,25
2024-05-07T04:24:37,4,21,0,25
2024-05-07T04:31:41,4,21,0,25
2024-05-07T04:39:58,4,21,0,25
2024-05-07T04:47:18,4,21,0,25
2024-05-07T04:54:22,4,21,0,25
2024-05-07T05:01:28,4,21,0,25
2024-05-07T05:08:35,4,21,0,25
2024-05-07T05:15:39,4,21,0,25
2024-05-07T05:22:45,4,21,0,25
2024-05-07T05:29:49,4,21,0,25
2024-05-07T05:36:53,4,21,0,25
2024-05-07T05:43:57,4,21,0,25
2024-05-07T05:51:01,4,21,0,25
2024-05-07T05:58:05,4,21,0,25
2024-05-07T06:05:10,4,21,0,25
2024-05-07T06:12:16,4,21,0,25
2024-05-07T06:19:20,4,21,0,25
2024-05-07T06:26:24,4,21,0,25
2024-05-07T06:33:27,4,21,0,25
2024-05-07T06:40:32,4,21,0,25
2024-05-07T06:47:35,4,21,0,25
2024-05-07T06:54:39,4,21,0,25
2024-05-07T07:01:45,4,21,0,25
2024-05-07T07:08:50,4,21,0,25
2024-05-07T07:15:54,4,21,0,25
2024-05-07T07:22:58,4,21,0,25
2024-05-07T07:30:02,4,21,0,25
2024-05-07T07:37:06,4,21,0,25
2024-05-07T07:44:10,4,21,0,25
2024-05-07T07:51:15,4,21,0,25
2024-05-07T07:58:19,4,21,0,25
2024-05-07T08:05:23,4,21,0,25
2024-05-07T08:12:29,4,21,0,25
2024-05-07T08:19:32,4,21,0,25
2024-05-07T08:26:38,4,21,0,25
2024-05-07T08:33:42,4,21,0,25
2024-05-07T08:40:55,4,21,0,25
2024-05-07T08:48:00,4,21,0,25
2024-05-07T08:55:04,4,21,0,25
2024-05-07T09:02:09,4,21,0,25
2024-05-07T09:09:12,4,21,0,25
2024-05-07T09:16:16,4,21,0,25
2024-05-07T09:23:20,4,21,0,25
2024-05-07T09:30:24,4,21,0,25
2024-05-07T09:37:27,4,21,0,25
2024-05-07T09:44:31,4,21,0,25
2024-05-07T09:51:36,4,21,0,25
2024-05-07T09:58:40,4,21,0,25
2024-05-07T10:05:44,4,21,0,25
2024-05-07T10:12:48,4,21,0,25
2024-05-07T10:19:53,4,21,0,25
2024-05-07T10:26:56,4,21,0,25
2024-05-07T10:34:00,4,21,0,25
2024-05-07T10:41:04,4,21,0,25
2024-05-07T10:48:08,4,21,0,25
2024-05-07T10:55:11,4,21,0,25
2024-05-07T11:02:16,4,21,0,25
2024-05-07T11:09:23,4,21,0,25
2024-05-07T11:16:38,4,21,0,25
2024-05-07T11:23:42,4,21,0,25
2024-05-07T11:30:45,4,21,0,25
2024-05-07T11:37:49,4,21,0,25
2024-05-07T11:44:53,4,21,0,25
2024-05-07T11:51:57,4,21,0,25
2024-05-07T11:59:00,4,21,0,25
2024-05-07T12:06:04,4,21,0,25
2024-05-07T12:13:10,4,21,0,25
2024-05-07T12:20:13,4,21,0,25
2024-05-07T12:27:17,4,21,0,25
2024-05-07T12:34:22,4,21,0,25
2024-05-07T12:41:26,4,21,0,25
2024-05-07T12:48:29,4,21,0,25
2024-05-07T12:55:46,4,21,0,25
2024-05-07T13:02:49,4,21,0,25
2024-05-07T13:09:53,4,21,0,25
2024-05-07T13:16:57,4,21,0,25
2024-05-07T13:24:00,4,21,0,25
2024-05-07T13:31:04,4,21,0,25
2024-05-07T13:38:08,4,21,0,25
2024-05-07T13:45:11,4,21,0,25
2024-05-07T13:52:15,4,21,0,25
2024-05-07T13:59:19,4,21,0,25
2024-05-07T14:06:24,4,21,0,25
2024-05-07T14:13:28,4,21,0,25
2024-05-07T14:20:31,4,21,0,25
2024-05-07T14:27:35,4,21,0,25
2024-05-07T14:34:39,4,21,0,25
2024-05-07T14:41:42,4,21,0,25
2024-05-07T14:48:46,4,21,0,25
2024-05-07T14:55:51,4,21,0,25
2024-05-07T15:02:55,4,21,0,25
2024-05-07T15:10:10,4,21,0,25
2024-05-07T15:17:14,4,21,0,25
2024-05-07T15:24:18,4,21,0,25
2024-05-07T15:31:22,4,21,0,25
2024-05-07T15:38:26,4,21,0,25
2024-05-07T15:45:30,4,21,0,25
2024-05-07T15:52:35,4,21,0,25
2024-05-07T15:59:39,4,21,0,25
2024-05-07T16:06:43,4,21,0,25
2024-05-07T16:13:46,4,21,0,25
2024-05-07T16:20:50,4,21,0,25
2024-05-07T16:27:54,4,21,0,25
2024-05-07T16:34:58,4,21,0,25
2024-05-07T16:42:02,4,21,0,25
2024-05-07T16:49:15,4,21,0,25
2024-05-07T16:56:19,4,21,0,25
2024-05-07T17:03:23,4,21,0,25
2024-05-07T17:10:27,4,21,0,25
2024-05-07T17:17:32,4,21,0,25
2024-05-07T17:24:35,4,21,0,25
2024-05-07T17:31:39,4,21,0,25
2024-05-07T17:38:43,4,21,0,25
2024-05-07T17:45:47,4,21,0,25
2024-05-07T17:52:51,4,21,0,25
2024-05-07T17:59:55,4,21,0,25
2024-05-07T18:06:58,4,21,0,25
2024-05-07T18:14:02,4,21,0,25
2024-05-07T18:21:06,4,21,0,25
2024-05-07T18:28:10,4,21,0,25
2024-05-07T18:35:13,4,21,0,25
2024-05-07T18:42:17,4,21,0,25
2024-05-07T18:49:21,4,21,0,25
2024-05-07T18:56:35,4,21,0,25
2024-05-07T19:03:39,4,21,0,25
2024-05-07T19:10:44,4,21,0,25
2024-05-07T19:17:47,4,21,0,25
2024-05-07T19:24:51,4,21,0,25
2024-05-07T19:31:55,4,21,0,25
2024-05-07T19:38:58,4,21,0,25
2024-05-07T19:46:02,4,21,0,25
2024-05-07T19:53:06,4,21,0,25
2024-05-07T20:00:09,4,21,0,25
2024-05-07T20:07:19,4,21,0,25
2024-05-07T20:14:23,4,21,0,25
2024-05-07T20:21:26,4,21,0,25
2024-05-07T20:28:30,4,21,0,25
2024-05-07T20:35:34,4,21,0,25
2024-05-07T20:42:38,4,21,0,25
2024-05-07T20:49:41,4,21,0,25
2024-05-07T20:56:45,4,21,0,25
2024-05-07T21:03:48,4,21,0,25
2024-05-07T21:10:54,4,21,0,25
2024-05-07T21:17:58,4,21,0,25
2024-05-07T21:25:02,4,21,0,25
2024-05-07T21:32:07,4,21,0,25
2024-05-07T21:39:11,4,21,0,25
2024-05-07T21:46:24,4,21,0,25
2024-05-07T21:53:28,4,21,0,25
2024-05-07T22:00:32,4,21,0,25
2024-05-07T22:07:36,4,21,0,25
2024-05-07T22:14:40,4,21,0,25
2024-05-07T22:21:44,4,21,0,25
2024-05-07T22:28:47,4,21,0,25
2024-05-07T22:35:51,4,21,0,25
2024-05-07T22:42:56,4,21,0,25
2024-05-07T22:50:00,4,21,0,25
2024-05-07T22:57:03,4,21,0,25
2024-05-07T23:04:07,4,21,0,25
2024-05-07T23:11:11,4,21,0,25
2024-05-07T23:18:15,4,21,0,25
2024-05-07T23:25:19,4,21,0,25
2024-05-07T23:32:23,4,21,0,25
2024-05-07T23:39:27,4,21,0,25
2024-05-07T23:46:30,4,21,0,25
2024-05-07T23:53:34,4,21,0,25
2024-05-08T00:00:38,4,21,0,25
2024-05-08T00:07:44,4,21,0,25
2024-05-08T00:14:49,4,21,0,25
2024-05-08T00:21:54,4,21,0,25
2024-05-08T00:29:00,4,21,0,25
2024-05-08T00:36:05,4,21,0,25
2024-05-08T00:43:10,4,21,0,25
2024-05-08T00:50:18,4,21,0,25
2024-05-08T00:57:23,4,21,0,25
2024-05-08T01:04:30,4,21,0,25
2024-05-08T01:11:43,4,21,0,25
2024-05-08T01:18:48,4,21,0,25
2024-05-08T01:25:52,4,21,0,25
2024-05-08T01:32:57,4,21,0,25
2024-05-08T01:40:02,4,21,0,25
2024-05-08T01:47:05,4,21,0,25
2024-05-08T01:54:10,4,21,0,25
2024-05-08T02:01:14,4,21,0,25
2024-05-08T02:08:17,4,21,0,25
2024-05-08T02:15:21,4,21,0,25
2024-05-08T02:22:25,4,21,0,25
2024-05-08T02:29:28,4,21,0,25
2024-05-08T02:36:32,4,21,0,25
2024-05-08T02:43:35,4,21,0,25
2024-05-08T02:50:39,4,21,0,25
2024-05-08T02:57:42,4,21,0,25
2024-05-08T03:04:46,4,21,0,25
2024-05-08T03:11:49,4,21,0,25
2024-05-08T03:18:53,4,21,0,25
2024-05-08T03:25:58,4,21,0,25
2024-05-08T03:33:02,4,21,0,25
2024-05-08T03:40:06,4,21,0,25
2024-05-08T03:47:09,4,21,0,25
2024-05-08T03:54:13,4,21,0,25
2024-05-08T04:01:17,4,21,0,25
2024-05-08T04:10:41,4,21,0,25
2024-05-08T04:23:18,4,21,0,25
2024-05-08T04:30:44,4,21,0,25
2024-05-08T04:37:48,4,21,0,25
2024-05-08T04:44:52,4,21,0,25
2024-05-08T04:51:56,4,21,0,25
2024-05-08T04:59:01,4,21,0,25
2024-05-08T05:06:05,4,21,0,25
2024-05-08T05:13:10,4,21,0,25
2024-05-08T05:20:15,4,21,0,25
2024-05-08T05:27:20,4,21,0,25
2024-05-08T05:34:24,4,21,0,25
2024-05-08T05:41:29,4,21,0,25
2024-05-08T05:48:34,4,21,0,25
2024-05-08T05:55:38,4,21,0,25
2024-05-08T06:02:42,4,21,0,25
2024-05-08T06:09:48,4,21,0,25
2024-05-08T06:16:53,4,21,0,25
2024-05-08T06:23:57,4,21,0,25
2024-05-08T06:31:01,4,21,0,25
2024-05-08T06:38:05,4,21,0,25
2024-05-08T06:45:09,4,21,0,25
2024-05-08T06:52:13,4,21,0,25
2024-05-08T06:59:20,4,21,0,25
2024-05-08T07:06:26,4,21,0,25
2024-05-08T07:13:31,4,21,0,25
2024-05-08T07:20:35,4,21,0,25
2024-05-08T07:27:40,4,21,0,25
2024-05-08T07:34:44,4,21,0,25
2024-05-08T07:41:48,4,21,0,25
2024-05-08T07:48:52,4,21,0,25
2024-05-08T07:55:55,4,21,0,25
2024-05-08T08:03:00,4,21,0,25
2024-05-08T08:10:04,4,21,0,25
2024-05-08T08:17:09,4,21,0,25
2024-05-08T08:24:13,4,21,0,25
2024-05-08T08:31:17,4,21,0,25
2024-05-08T08:38:21,4,21,0,25
2024-05-08T08:45:25,4,21,0,25
2024-05-08T09:25:12,4,21,0,25
2024-05-08T09:32:16,4,21,0,25
2024-05-08T09:39:20,4,21,0,25
2024-05-08T09:46:25,4,21,0,25
2024-05-08T09:53:29,4,21,0,25
2024-05-08T10:00:33,4,21,0,25
2024-05-08T10:07:36,4,21,0,25
2024-05-08T10:14:40,4,21,0,25
2024-05-08T10:21:44,4,21,0,25
2024-05-08T10:28:49,4,21,0,25
2024-05-08T10:35:54,4,21,0,25
2024-05-08T10:42:59,4,21,0,25
2024-05-08T10:50:04,4,21,0,25
2024-05-08T10:57:08,4,21,0,25
2024-05-08T11:04:12,4,21,0,25
2024-05-08T11:11:16,4,21,0,25
2024-05-08T11:18:20,4,21,0,25
2024-05-08T11:25:24,4,21,0,25
2024-05-08T11:32:37,4,21,0,25
2024-05-08T11:39:42,4,21,0,25
2024-05-08T11:46:46,4,21,0,25
2024-05-08T11:53:50,4,21,0,25
2024-05-08T12:00:54,4,21,0,25
2024-05-08T12:07:58,4,21,0,25
2024-05-08T12:15:01,4,21,0,25
2024-05-08T12:22:05,4,21,0,25
2024-05-08T12:29:08,4,21,0,25
2024-05-08T12:36:11,4,21,0,25
2024-05-08T12:43:15,4,21,0,25
2024-05-08T12:50:19,4,21,0,25
2024-05-08T12:57:22,4,21,0,25
2024-05-08T13:04:29,4,21,0,25
2024-05-08T13:11:32,4,21,0,25
2024-05-08T13:18:37,4,21,0,25
2024-05-08T13:25:53,4,21,0,25
2024-05-08T13:32:57,4,21,0,25
2024-05-08T13:40:00,4,21,0,25
2024-05-08T13:47:03,4,21,0,25
2024-05-08T13:54:08,4,21,0,25
2024-05-08T14:01:13,4,21,0,25
2024-05-08T14:08:17,4,21,0,25
2024-05-08T14:15:20,4,21,0,25
2024-05-08T14:22:24,4,21,0,25
2024-05-08T14:29:27,4,21,0,25
2024-05-08T14:36:30,4,21,0,25
2024-05-08T14:43:34,4,21,0,25
2024-05-08T14:50:38,4,21,0,25
2024-05-08T14:57:41,4,21,0,25
2024-05-08T15:04:45,4,21,0,25
2024-05-08T15:11:50,4,21,0,25
2024-05-08T15:19:05,4,21,0,25
2024-05-08T15:26:08,4,21,0,25
2024-05-08T15:33:11,4,21,0,25
2024-05-08T15:40:15,4,21,0,25
2024-05-08T15:47:18,4,21,0,25
2024-05-08T15:54:21,4,21,0,25
2024-05-08T16:01:25,4,21,0,25
2024-05-08T16:08:29,4,21,0,25
2024-05-08T16:15:32,4,21,0,25
2024-05-08T16:22:35,4,21,0,25
2024-05-08T16:29:39,4,21,0,25
2024-05-08T16:36:42,4,21,0,25
2024-05-08T16:43:46,4,21,0,25
2024-05-08T16:50:49,4,21,0,25
2024-05-08T16:57:53,4,21,0,25
2024-05-08T17:04:56,4,21,0,25
2024-05-08T17:12:00,4,21,0,25
2024-05-08T17:19:05,4,21,0,25
2024-05-08T17:26:19,4,21,0,25
2024-05-08T17:33:23,4,21,0,25
2024-05-08T17:40:26,4,21,0,25
2024-05-08T17:47:30,4,21,0,25
2024-05-08T17:54:33,4,21,0,25
2024-05-08T18:01:37,4,21,0,25
2024-05-08T18:08:41,4,21,0,25
2024-05-08T18:15:44,4,21,0,25
2024-05-08T18:22:48,4,21,0,25
2024-05-08T18:29:51,4,21,0,25
2024-05-08T18:36:55,4,21,0,25
2024-05-08T18:43:58,4,21,0,25
2024-05-08T18:51:02,4,21,0,25
2024-05-08T18:58:05,4,21,0,25
2024-05-08T19:05:09,4,21,0,25
2024-05-08T19:12:13,4,21,0,25
2024-05-08T19:19:17,4,21,0,25
2024-05-08T19:26:20,4,21,0,25
2024-05-08T19:33:24,4,21,0,25
2024-05-08T19:40:27,4,21,0,25
2024-05-08T19:47:30,4,21,0,25
2024-05-08T19:54:43,4,21,0,25
2024-05-08T20:01:50,4,21,0,25
2024-05-08T20:08:55,4,21,0,25
2024-05-08T20:15:58,4,21,0,25
2024-05-08T20:23:02,4,21,0,25
2024-05-08T20:30:06,4,21,0,25
2024-05-08T20:37:09,4,21,0,25
2024-05-08T20:44:13,4,21,0,25
2024-05-08T20:51:16,4,21,0,25
2024-05-08T20:58:20,4,21,0,25
2024-05-08T21:05:23,4,21,0,25
2024-05-08T21:12:26,4,21,0,25
2024-05-08T21:19:30,4,21,0,25
2024-05-08T21:26:35,4,21,0,25
2024-05-08T21:33:38,4,21,0,25
2024-05-08T21:40:42,4,21,0,25
2024-05-08T21:47:46,4,21,0,25
2024-05-08T21:54:50,4,21,0,25
2024-05-08T22:01:53,4,21,0,25
2024-05-08T22:08:56,4,21,0,25
2024-05-08T22:15:59,4,21,0,25
2024-05-08T22:23:02,4,21,0,25
2024-05-08T22:30:05,4,21,0,25
2024-05-08T22:37:08,4,21,0,25
2024-05-08T22:44:11,4,21,0,25
2024-05-08T22:51:14,4,21,0,25
2024-05-08T22:58:17,4,21,0,25
2024-05-08T23:05:20,4,21,0,25
2024-05-08T23:12:23,4,21,0,25
2024-05-08T23:19:36,4,21,0,25
2024-05-08T23:26:39,4,21,0,25
2024-05-08T23:33:43,4,21,0,25
2024-05-08T23:40:45,4,21,0,25
2024-05-08T23:47:48,4,21,0,25
2024-05-08T23:54:51,4,21,0,25
2024-05-09T00:01:55,4,21,0,25
2024-05-09T00:08:58,4,21,0,25
2024-05-09T00:16:02,4,21,0,25
2024-05-09T00:23:06,4,21,0,25
2024-05-09T00:30:10,4,21,0,25
2024-05-09T00:37:14,4,21,0,25
2024-05-09T00:44:19,4,21,0,25
2024-05-09T00:51:24,4,21,0,25
2024-05-09T00:58:29,4,21,0,25
2024-05-09T01:05:33,4,21,0,25
2024-05-09T01:12:37,4,21,0,25
2024-05-09T01:19:41,4,21,0,25
2024-05-09T01:26:45,4,21,0,25
2024-05-09T01:33:49,4,21,0,25
2024-05-09T01:40:54,4,21,0,25
2024-05-09T01:47:59,5,20,0,25
2024-05-09T01:55:03,5,20,0,25
2024-05-09T02:02:07,5,20,0,25
2024-05-09T02:09:10,5,20,0,25
2024-05-09T02:16:14,5,20,0,25
2024-05-09T02:23:18,5,20,0,25
2024-05-09T02:30:21,5,20,0,25
2024-05-09T02:37:25,5,20,0,25
2024-05-09T02:44:29,5,20,0,25
2024-05-09T02:51:33,5,20,0,25
2024-05-09T02:58:41,5,20,0,25
2024-05-09T03:05:46,5,20,0,25
2024-05-09T03:12:50,5,20,0,25
2024-05-09T03:19:54,5,20,0,25
2024-05-09T03:26:58,5,20,0,25
2024-05-09T03:34:02,5,20,0,25
2024-05-09T03:41:05,5,20,0,25
2024-05-09T03:48:09,5,20,0,25
2024-05-09T03:55:13,5,20,0,25
2024-05-09T04:02:16,5,20,0,25
2024-05-09T04:09:25,5,20,0,25
2024-05-09T04:27:27,5,20,0,25
2024-05-09T04:34:54,5,20,0,25
2024-05-09T04:41:58,5,20,0,25
2024-05-09T04:49:02,5,20,0,25
2024-05-09T04:56:06,5,20,0,25
2024-05-09T05:03:10,5,20,0,25
2024-05-09T05:10:17,5,20,0,25
2024-05-09T05:17:25,5,20,0,25
2024-05-09T05:24:29,5,20,0,25
2024-05-09T05:31:34,5,20,0,25
2024-05-09T05:38:38,5,20,0,25
2024-05-09T05:45:42,5,20,0,25
2024-05-09T05:52:47,5,20,0,25
2024-05-09T05:59:51,5,20,0,25
2024-05-09T06:06:58,5,20,0,25
2024-05-09T06:14:02,5,20,0,25
2024-05-09T06:21:06,5,20,0,25
2024-05-09T06:28:09,5,20,0,25
2024-05-09T06:35:13,5,20,0,25
2024-05-09T06:42:17,5,20,0,25
2024-05-09T06:49:22,5,20,0,25
2024-05-09T06:56:28,5,20,0,25
2024-05-09T07:03:33,5,20,0,25
2024-05-09T07:10:38,5,20,0,25
2024-05-09T07:17:42,5,20,0,25
2024-05-09T07:24:46,5,20,0,25
2024-05-09T07:31:50,5,20,0,25
2024-05-09T07:38:54,5,20,0,25
2024-05-09T07:45:58,5,20,0,25
2024-05-09T07:53:02,5,20,0,25
2024-05-09T08:00:05,5,20,0,25
2024-05-09T08:07:10,5,20,0,25
2024-05-09T08:14:16,5,20,0,25
2024-05-09T08:21:20,5,20,0,25
2024-05-09T08:28:24,5,20,0,25
2024-05-09T08:35:28,5,20,0,25
2024-05-09T08:42:32,5,20,0,25
2024-05-09T08:49:36,5,20,0,25
2024-05-09T08:56:40,5,20,0,25
2024-05-09T09:03:44,5,20,0,25
2024-05-09T09:10:48,5,20,0,25
2024-05-09T09:17:52,5,20,0,25
2024-05-09T09:24:56,5,20,0,25
2024-05-09T09:31:59,5,20,0,25
2024-05-09T09:39:03,5,20,0,25
2024-05-09T09:46:15,5,20,0,25
2024-05-09T09:53:19,5,20,0,25
2024-05-09T10:00:23,5,20,0,25
2024-05-09T10:07:28,5,20,0,25
2024-05-09T10:14:32,5,20,0,25
2024-05-09T10:21:37,5,20,0,25
2024-05-09T10:28:41,5,20,0,25
2024-05-09T10:35:45,5,20,0,25
2024-05-09T10:42:49,5,20,0,25
2024-05-09T10:49:53,5,20,0,25
2024-05-09T10:56:57,5,20,0,25
2024-05-09T11:04:01,5,20,0,25
2024-05-09T11:11:05,5,20,0,25
2024-05-09T11:18:09,5,20,0,25
2024-05-09T11:25:13,5,20,0,25
2024-05-09T11:32:16,5,20,0,25
2024-05-09T11:39:20,5,20,0,25
2024-05-09T11:46:24,5,20,0,25
2024-05-09T11:53:28,5,20,0,25
2024-05-09T12:00:34,5,20,0,25
2024-05-09T12:07:38,5,20,0,25
2024-05-09T12:14:42,5,20,0,25
2024-05-09T12:21:57,5,20,0,25
2024-05-09T12:29:01,5,20,0,25
2024-05-09T12:36:05,5,20,0,25
2024-05-09T12:43:08,5,20,0,25
2024-05-09T12:50:12,5,20,0,25
2024-05-09T12:57:15,5,20,0,25
2024-05-09T13:04:20,5,20,0,25
2024-05-09T13:11:24,5,20,0,25
2024-05-09T13:18:28,5,20,0,25
2024-05-09T13:25:32,5,20,0,25
2024-05-09T13:32:36,5,20,0,25
2024-05-09T13:39:40,5,20,0,25
2024-05-09T13:46:43,5,20,0,25
2024-05-09T13:53:47,5,20,0,25
2024-05-09T14:00:51,5,20,0,25
2024-05-09T14:07:55,5,20,0,25
2024-05-09T14:14:59,5,20,0,25
2024-05-09T14:22:04,5,20,0,25
2024-05-09T14:33:45,5,20,0,25
2024-05-09T14:40:49,5,20,0,25
2024-05-09T14:47:53,5,20,0,25
2024-05-09T14:54:57,5,20,0,25
2024-05-09T15:02:01,5,20,0,25
2024-05-09T15:09:04,5,20,0,25
2024-05-09T15:16:11,5,20,0,25
2024-05-09T15:23:15,5,20,0,25
2024-05-09T15:30:18,5,20,0,25
2024-05-09T15:37:22,5,20,0,25
2024-05-09T15:44:26,5,20,0,25
2024-05-09T15:51:30,5,20,0,25
2024-05-09T15:58:34,5,20,0,25
2024-05-09T16:05:49,5,20,0,25
2024-05-09T16:14:07,5,20,0,25
2024-05-09T16:21:12,5,20,0,25
2024-05-09T16:28:15,5,20,0,25
2024-05-09T16:35:19,5,20,0,25
2024-05-09T16:42:23,5,20,0,25
2024-05-09T16:49:27,5,20,0,25
2024-05-09T16:56:31,5,20,0,25
2024-05-09T17:03:36,5,20,0,25
2024-05-09T17:10:40,5,20,0,25
2024-05-09T17:17:44,5,20,0,25
2024-05-09T17:24:48,5,20,0,25
2024-05-09T17:31:59,5,20,0,25
2024-05-09T17:39:03,5,20,0,25
2024-05-09T17:46:07,5,20,0,25
2024-05-09T17:53:11,5,20,0,25
2024-05-09T18:00:15,5,20,0,25
2024-05-09T18:07:19,5,20,0,25
2024-05-09T18:14:23,5,20,0,25
2024-05-09T18:21:27,5,20,0,25
2024-05-09T18:28:35,5,20,0,25
2024-05-09T18:35:39,5,20,0,25
2024-05-09T18:42:44,5,20,0,25
2024-05-09T18:49:47,5,20,0,25
2024-05-09T18:56:51,5,20,0,25
2024-05-09T19:04:08,5,20,0,25
2024-05-09T19:11:11,5,20,0,25
2024-05-09T19:18:15,5,20,0,25
2024-05-09T19:25:19,5,20,0,25
2024-05-09T19:32:23,5,20,0,25
2024-05-09T19:39:27,5,20,0,25
2024-05-09T19:46:31,5,20,0,25
2024-05-09T19:53:35,5,20,0,25
2024-05-09T20:00:38,5,20,0,25
2024-05-09T20:07:52,5,20,0,25
2024-05-09T20:14:56,5,20,0,25
2024-05-09T20:22:00,5,20,0,25
2024-05-09T20:29:03,5,20,0,25
2024-05-09T20:36:07,5,20,0,25
2024-05-09T20:43:11,5,20,0,25
2024-05-09T20:50:15,5,20,0,25
2024-05-09T20:57:19,5,20,0,25
2024-05-09T21:04:23,5,20,0,25
2024-05-09T21:11:27,5,20,0,25
2024-05-09T21:18:31,5,20,0,25
2024-05-09T21:25:35,5,20,0,25
2024-05-09T21:32:39,5,20,0,25
2024-05-09T21:39:43,5,20,0,25
2024-05-09T21:46:51,5,20,0,25
2024-05-09T21:53:55,5,20,0,25
2024-05-09T22:01:00,5,20,0,25
2024-05-09T22:08:04,5,20,0,25
2024-05-09T22:15:09,5,20,0,25
2024-05-09T22:22:14,5,20,0,25
2024-05-09T22:29:29,5,20,0,25
2024-05-09T22:36:33,5,20,0,25
2024-05-09T22:43:36,5,20,0,25
2024-05-09T22:50:40,5,20,0,25
2024-05-09T22:57:44,5,20,0,25
2024-05-09T23:04:48,5,20,0,25
2024-05-09T23:11:52,5,20,0,25
2024-05-09T23:18:56,5,20,0,25
2024-05-09T23:26:00,5,20,0,25
2024-05-09T23:33:04,5,20,0,25
2024-05-09T23:40:08,5,20,0,25
2024-05-09T23:47:13,5,20,0,25
2024-05-09T23:54:17,5,20,0,25
2024-05-10T00:01:22,5,20,0,25
2024-05-10T00:08:28,5,20,0,25
2024-05-10T00:15:33,5,20,0,25
2024-05-10T00:22:40,5,20,0,25
2024-05-10T00:29:48,5,20,0,25
2024-05-10T00:36:55,5,20,0,25
2024-05-10T00:44:01,5,20,0,25
2024-05-10T00:51:06,5,20,0,25
2024-05-10T00:58:12,5,20,0,25
2024-05-10T01:05:16,5,20,0,25
2024-05-10T01:12:21,5,20,0,25
2024-05-10T01:19:26,5,20,0,25
2024-05-10T01:26:30,5,20,0,25
2024-05-10T01:33:35,5,20,0,25
2024-05-10T01:40:39,5,20,0,25
2024-05-10T01:47:44,5,20,0,25
2024-05-10T01:54:49,5,20,0,25
2024-05-10T02:01:55,5,20,0,25
2024-05-10T02:09:00,5,20,0,25
2024-05-10T02:16:04,5,20,0,25
2024-05-10T02:23:17,5,20,0,25
2024-05-10T02:30:21,5,20,0,25
2024-05-10T02:37:27,5,20,0,25
2024-05-10T02:44:31,5,20,0,25
2024-05-10T02:51:35,5,20,0,25
2024-05-10T02:58:40,5,20,0,25
2024-05-10T03:05:44,5,20,0,25
2024-05-10T03:12:49,5,20,0,25
2024-05-10T03:19:53,5,20,0,25
2024-05-10T03:26:57,5,20,0,25
2024-05-10T03:34:02,5,20,0,25
2024-05-10T03:41:06,5,20,0,25
2024-05-10T03:48:10,5,20,0,25
2024-05-10T03:55:15,5,20,0,25
2024-05-10T04:02:20,5,20,0,25
2024-05-10T04:09:25,5,20,0,25
2024-05-10T04:16:29,5,20,0,25
2024-05-10T04:28:19,5,20,0,25
2024-05-10T04:35:23,5,20,0,25
2024-05-10T04:43:38,5,20,0,25
2024-05-10T04:50:58,5,20,0,25
2024-05-10T04:58:02,5,20,0,25
2024-05-10T05:05:10,5,20,0,25
2024-05-10T05:12:15,5,20,0,25
2024-05-10T05:19:19,5,20,0,25
2024-05-10T05:26:23,5,20,0,25
2024-05-10T05:33:27,5,20,0,25
2024-05-10T05:40:32,5,20,0,25
2024-05-10T05:47:37,5,20,0,25
2024-05-10T05:54:41,5,20,0,25
2024-05-10T06:01:45,5,20,0,25
2024-05-10T06:08:48,5,20,0,25
2024-05-10T06:15:55,5,20,0,25
2024-05-10T06:22:59,5,20,0,25
2024-05-10T06:30:03,5,20,0,25
2024-05-10T06:37:07,5,20,0,25
2024-05-10T06:44:11,5,20,0,25
2024-05-10T06:51:15,5,20,0,25
2024-05-10T06:58:18,5,20,0,25
2024-05-10T07:05:22,5,20,0,25
2024-05-10T07:12:27,5,20,0,25
2024-05-10T07:19:30,5,20,0,25
2024-05-10T07:26:34,5,20,0,25
2024-05-10T07:33:38,5,20,0,25
2024-05-10T07:40:41,5,20,0,25
2024-05-10T07:47:45,5,20,0,25
2024-05-10T07:54:49,5,20,0,25
2024-05-10T08:01:52,5,20,0,25
2024-05-10T08:08:56,5,20,0,25
2024-05-10T08:16:00,5,20,0,25
2024-05-10T08:23:03,5,20,0,25
2024-05-10T08:30:07,5,20,0,25
2024-05-10T08:37:10,5,20,0,25
2024-05-10T08:44:13,5,20,0,25
2024-05-10T08:51:17,5,20,0,25
2024-05-10T08:58:22,5,20,0,25
2024-05-10T09:05:32,5,20,0,25
2024-05-10T09:12:36,5,20,0,25
2024-05-10T09:19:40,5,20,0,25
2024-05-10T09:26:44,5,20,0,25
2024-05-10T09:33:47,5,20,0,25
2024-05-10T09:40:52,5,20,0,25
2024-05-10T09:47:55,5,20,0,25
2024-05-10T09:55:00,5,20,0,25
2024-05-10T10:02:04,5,20,0,25
2024-05-10T10:09:08,5,20,0,25
2024-05-10T10:16:12,5,20,0,25
2024-05-10T10:23:15,5,20,0,25
2024-05-10T10:30:19,5,20,0,25
2024-05-10T10:37:23,5,20,0,25
2024-05-10T10:44:26,5,20,0,25
2024-05-10T10:51:30,5,20,0,25
2024-05-10T10:58:33,5,20,0,25
2024-05-10T11:05:37,5,20,0,25
2024-05-10T11:12:41,5,20,0,25
2024-05-10T11:19:45,5,20,0,25
2024-05-10T11:26:48,5,20,0,25
2024-05-10T11:33:52,5,20,0,25
2024-05-10T11:40:56,5,20,0,25
2024-05-10T11:47:59,5,20,0,25
2024-05-10T11:55:04,5,20,0,25
2024-05-10T12:02:07,5,20,0,25
2024-05-10T12:09:21,5,20,0,25
2024-05-10T12:16:25,5,20,0,25
2024-05-10T12:23:29,5,20,0,25
2024-05-10T12:30:32,5,20,0,25
2024-05-10T12:37:36,5,20,0,25
2024-05-10T12:44:40,5,20,0,25
2024-05-10T12:51:43,5,20,0,25
2024-05-10T12:58:47,5,20,0,25
2024-05-10T13:05:51,5,20,0,25
2024-05-10T13:12:54,5,20,0,25
2024-05-10T13:19:58,5,20,0,25
2024-05-10T13:27:01,5,20,0,25
2024-05-10T13:34:05,5,20,0,25
2024-05-10T13:41:10,5,20,0,25
2024-05-10T13:48:24,5,20,0,25
2024-05-10T13:55:28,5,20,0,25
2024-05-10T14:02:31,5,20,0,25
2024-05-10T14:09:35,5,20,0,25
2024-05-10T14:16:38,5,20,0,25
2024-05-10T14:23:42,5,20,0,25
2024-05-10T14:30:46,5,20,0,25
2024-05-10T14:37:49,5,20,0,25
2024-05-10T14:44:53,5,20,0,25
2024-05-10T14:51:56,5,20,0,25
2024-05-10T14:59:00,5,20,0,25
2024-05-10T15:06:03,5,20,0,25
2024-05-10T15:13:07,5,20,0,25
2024-05-10T15:20:12,5,20,0,25
2024-05-10T15:27:26,5,20,0,25
2024-05-10T15:34:29,5,20,0,25
2024-05-10T15:41:33,5,20,0,25
2024-05-10T15:48:37,5,20,0,25
2024-05-10T15:55:41,5,20,0,25
2024-05-10T16:02:44,5,20,0,25
2024-05-10T16:09:48,5,20,0,25
2024-05-10T16:16:51,5,20,0,25
2024-05-10T16:23:55,5,20,0,25
2024-05-10T16:30:58,5,20,0,25
2024-05-10T16:38:02,5,20,0,25
2024-05-10T16:45:05,5,20,0,25
2024-05-10T16:52:09,5,20,0,25
2024-05-10T16:59:12,5,20,0,25
2024-05-10T17:06:16,5,20,0,25
2024-05-10T17:13:20,5,20,0,25
2024-05-10T17:20:24,5,20,0,25
2024-05-10T17:27:28,5,20,0,25
2024-05-10T17:34:31,5,20,0,25
2024-05-10T17:41:35,5,20,0,25
2024-05-10T17:48:39,5,20,0,25
2024-05-10T17:55:42,5,20,0,25
2024-05-10T18:02:46,5,20,0,25
2024-05-10T18:09:49,5,20,0,25
2024-05-10T18:16:53,5,20,0,25
2024-05-10T18:24:08,5,20,0,25
2024-05-10T18:31:12,5,20,0,25
2024-05-10T18:38:16,5,20,0,25
2024-05-10T18:45:20,5,20,0,25
2024-05-10T18:52:23,5,20,0,25
2024-05-10T18:59:26,5,20,0,25
2024-05-10T19:06:30,5,20,0,25
2024-05-10T19:13:34,5,20,0,25
2024-05-10T19:20:38,5,20,0,25
2024-05-10T19:27:41,5,20,0,25
2024-05-10T19:34:45,5,20,0,25
2024-05-10T19:41:48,5,20,0,25
2024-05-10T19:48:52,5,20,0,25
2024-05-10T19:55:56,5,20,0,25
2024-05-10T20:03:00,5,20,0,25
2024-05-10T20:10:04,5,20,0,25
2024-05-10T20:17:07,5,20,0,25
2024-05-10T20:24:11,5,20,0,25
2024-05-10T20:31:15,5,20,0,25
2024-05-10T20:38:18,5,20,0,25
2024-05-10T20:45:21,5,20,0,25
2024-05-10T20:52:25,5,20,0,25
2024-05-10T20:59:29,5,20,0,25
2024-05-10T21:06:32,5,20,0,25
2024-05-10T21:13:39,5,20,0,25
2024-05-10T21:20:54,5,20,0,25
2024-05-10T21:27:58,5,20,0,25
2024-05-10T21:35:02,5,20,0,25
2024-05-10T21:42:05,5,20,0,25
2024-05-10T21:49:23,5,20,0,25
2024-05-10T21:56:28,5,20,0,25
2024-05-10T22:03:31,5,20,0,25
2024-05-10T22:10:35,5,20,0,25
2024-05-10T22:17:39,5,20,0,25
2024-05-10T22:24:42,5,20,0,25
2024-05-10T22:31:47,5,20,0,25
2024-05-10T22:38:51,5,20,0,25
2024-05-10T22:45:54,5,20,0,25
2024-05-10T22:52:58,5,20,0,25
2024-05-10T23:00:02,5,20,0,25
2024-05-10T23:07:07,5,20,0,25
2024-05-10T23:14:11,5,20,0,25
2024-05-10T23:21:15,5,20,0,25
2024-05-10T23:28:19,5,20,0,25
2024-05-10T23:35:23,5,20,0,25
2024-05-10T23:42:26,5,20,0,25
2024-05-10T23:49:31,5,20,0,25
2024-05-10T23:56:34,5,20,0,25
2024-05-11T00:03:38,5,20,0,25
2024-05-11T00:10:44,5,20,0,25
2024-05-11T00:17:48,5,20,0,25
2024-05-11T00:24:55,5,20,0,25
2024-05-11T00:32:00,5,20,0,25
2024-05-11T00:39:05,5,20,0,25
2024-05-11T00:46:19,5,20,0,25
2024-05-11T00:53:23,5,20,0,25
2024-05-11T01:00:28,5,20,0,25
2024-05-11T01:07:32,5,20,0,25
2024-05-11T01:14:36,5,20,0,25
2024-05-11T01:21:40,5,20,0,25
2024-05-11T01:28:44,5,20,0,25
2024-05-11T01:35:48,5,20,0,25
2024-05-11T01:42:53,5,20,0,25
2024-05-11T01:49:57,5,20,0,25
2024-05-11T01:57:02,5,20,0,25
2024-05-11T02:04:06,5,20,0,25
2024-05-11T02:11:10,5,20,0,25
2024-05-11T02:18:14,5,20,0,25
2024-05-11T02:25:17,5,20,0,25
2024-05-11T02:32:21,5,20,0,25
2024-05-11T02:39:25,5,20,0,25
2024-05-11T02:46:29,5,20,0,25
2024-05-11T02:53:32,5,20,0,25
2024-05-11T03:00:36,5,20,0,25
2024-05-11T03:07:40,5,20,0,25
2024-05-11T03:14:44,5,20,0,25
2024-05-11T03:21:48,5,20,0,25
2024-05-11T03:28:52,5,20,0,25
2024-05-11T03:35:56,5,20,0,25
2024-05-11T03:43:00,5,20,0,25
2024-05-11T03:50:03,5,20,0,25
2024-05-11T03:57:08,5,20,0,25
2024-05-11T04:04:11,5,20,0,25
2024-05-11T11:40:38,5,20,0,25
2024-05-11T11:47:42,5,20,0,25
2024-05-11T11:54:46,5,20,0,25
2024-05-11T12:01:49,5,20,0,25
2024-05-11T12:08:53,5,20,0,25
2024-05-11T12:15:56,5,20,0,25
2024-05-11T12:23:00,5,20,0,25
2024-05-11T12:30:14,5,20,0,25
2024-05-11T12:37:18,5,20,0,25
2024-05-11T12:44:21,5,20,0,25
2024-05-11T12:51:25,5,20,0,25
2024-05-11T12:58:28,5,20,0,25
2024-05-11T13:05:32,5,20,0,25
2024-05-11T13:12:35,5,20,0,25
2024-05-11T13:19:38,5,20,0,25
2024-05-11T13:26:42,5,20,0,25
2024-05-11T13:33:46,5,20,0,25
2024-05-11T13:40:49,5,20,0,25
2024-05-11T13:47:53,5,20,0,25
2024-05-11T13:54:56,5,20,0,25
2024-05-11T14:01:59,5,20,0,25
2024-05-11T14:09:03,5,20,0,25
2024-05-11T14:16:06,5,20,0,25
2024-05-11T14:23:24,5,20,0,25
2024-05-11T14:30:43,5,20,0,25
2024-05-11T14:37:47,5,20,0,25
2024-05-11T14:44:50,5,20,0,25
2024-05-11T14:51:54,5,20,0,25
2024-05-11T14:58:57,5,20,0,25
2024-05-11T15:06:00,5,20,0,25
2024-05-11T15:13:04,5,20,0,25
2024-05-11T15:20:07,5,20,0,25
2024-05-11T15:27:10,5,20,0,25
2024-05-11T15:34:14,5,20,0,25
2024-05-11T15:41:17,5,20,0,25
2024-05-11T15:48:21,5,20,0,25
2024-05-11T15:55:33,5,20,0,25
2024-05-11T16:02:36,5,20,0,25
2024-05-11T16:09:40,5,20,0,25
2024-05-11T16:16:44,5,20,0,25
2024-05-11T16:23:47,5,20,0,25
2024-05-11T16:30:51,5,20,0,25
2024-05-11T16:37:54,5,20,0,25
2024-05-11T16:44:58,5,20,0,25
2024-05-11T16:52:02,5,20,0,25
2024-05-11T16:59:05,5,20,0,25
2024-05-11T17:06:08,5,20,0,25
2024-05-11T17:13:12,5,20,0,25
2024-05-11T17:20:16,5,20,0,25
2024-05-11T17:27:20,5,20,0,25
2024-05-11T17:34:23,5,20,0,25
2024-05-11T17:41:27,5,20,0,25
2024-05-11T17:48:30,5,20,0,25
2024-05-11T17:55:34,5,20,0,25
2024-05-11T18:02:38,5,20,0,25
2024-05-11T18:09:42,5,20,0,25
2024-05-11T18:16:45,5,20,0,25
2024-05-11T18:23:49,5,20,0,25
2024-05-11T18:30:52,5,20,0,25
2024-05-11T18:37:56,5,20,0,25
2024-05-11T18:44:59,5,20,0,25
2024-05-11T18:52:03,5,20,0,25
2024-05-11T18:59:10,5,20,0,25
2024-05-11T19:06:14,5,20,0,25
2024-05-11T19:13:18,5,20,0,25
2024-05-11T19:20:21,5,20,0,25
2024-05-11T19:27:25,5,20,0,25
2024-05-11T19:34:28,5,20,0,25
2024-05-11T19:41:32,5,20,0,25
2024-05-11T19:48:35,5,20,0,25
2024-05-11T19:55:39,5,20,0,25
2024-05-11T20:02:42,5,20,0,25
2024-05-11T20:09:46,5,20,0,25
2024-05-11T20:16:49,5,20,0,25
2024-05-11T20:23:52,5,20,0,25
2024-05-11T20:30:56,5,20,0,25
2024-05-11T20:38:00,5,20,0,25
2024-05-11T20:45:14,5,20,0,25
2024-05-11T20:52:17,5,20,0,25
2024-05-11T20:59:21,5,20,0,25
2024-05-11T21:06:24,5,20,0,25
2024-05-11T21:13:28,5,20,0,25
2024-05-11T21:20:31,5,20,0,25
2024-05-11T21:27:35,5,20,0,25
2024-05-11T21:34:39,5,20,0,25
2024-05-11T21:41:43,5,20,0,25
2024-05-11T21:48:56,5,20,0,25
2024-05-11T21:55:59,5,20,0,25
2024-05-11T22:03:03,5,20,0,25
2024-05-11T22:10:07,5,20,0,25
2024-05-11T22:17:10,5,20,0,25
2024-05-11T22:24:14,5,20,0,25
2024-05-11T22:31:17,5,20,0,25
2024-05-11T22:38:21,5,20,0,25
2024-05-11T22:45:25,5,20,0,25
2024-05-11T22:52:28,5,20,0,25
2024-05-11T22:59:32,5,20,0,25
2024-05-11T23:06:36,5,20,0,25
2024-05-11T23:13:40,5,20,0,25
2024-05-11T23:20:43,5,20,0,25
2024-05-11T23:27:47,5,20,0,25
2024-05-11T23:34:51,5,20,0,25
2024-05-11T23:41:55,5,20,0,25
2024-05-11T23:49:12,5,20,0,25
2024-05-11T23:56:16,5,20,0,25
2024-05-12T05:45:55,5,20,0,25
2024-05-12T05:53:01,5,20,0,25
2024-05-12T06:00:06,5,20,0,25
2024-05-12T06:07:11,5,20,0,25
2024-05-12T06:14:16,5,20,0,25
2024-05-12T06:21:20,5,20,0,25
2024-05-12T06:28:24,5,20,0,25
2024-05-12T06:35:28,5,20,0,25
2024-05-12T06:42:31,5,20,0,25
2024-05-12T06:49:49,5,20,0,25
2024-05-12T06:56:53,5,20,0,25
2024-05-12T07:03:58,5,20,0,25
2024-05-12T07:11:02,5,20,0,25
2024-05-12T07:18:06,5,20,0,25
2024-05-12T07:25:11,5,20,0,25
2024-05-12T07:32:15,5,20,0,25
2024-05-12T07:39:19,5,20,0,25
2024-05-12T07:46:24,5,20,0,25
2024-05-12T07:53:28,5,20,0,25
2024-05-12T08:00:32,5,20,0,25
2024-05-12T08:07:36,5,20,0,25
2024-05-12T08:14:40,5,20,0,25
2024-05-12T08:21:44,5,20,0,25
2024-05-12T08:28:48,5,20,0,25
2024-05-12T08:35:52,5,20,0,25
2024-05-12T08:42:56,5,20,0,25
2024-05-12T08:50:00,5,20,0,25
2024-05-12T08:57:04,5,20,0,25
2024-05-12T09:04:08,5,20,0,25
2024-05-12T09:11:11,5,20,0,25
2024-05-12T09:18:18,5,20,0,25
2024-05-12T09:25:21,5,20,0,25
2024-05-12T09:32:25,5,20,0,25
2024-05-12T09:39:29,5,20,0,25
2024-05-12T09:46:33,5,20,0,25
2024-05-12T09:53:36,5,20,0,25
2024-05-12T10:00:40,5,20,0,25
2024-05-12T10:07:44,5,20,0,25
2024-05-12T10:14:48,5,20,0,25
2024-05-12T10:21:53,5,20,0,25
2024-05-12T10:28:56,5,20,0,25
2024-05-12T10:36:00,5,20,0,25
2024-05-12T10:43:05,5,20,0,25
2024-05-12T10:50:09,5,20,0,25
2024-05-12T10:57:22,5,20,0,25
2024-05-12T11:04:26,5,20,0,25
2024-05-12T11:11:30,5,20,0,25
2024-05-12T11:18:34,5,20,0,25
2024-05-12T11:25:38,5,20,0,25
2024-05-12T11:32:42,5,20,0,25
2024-05-12T11:39:46,5,20,0,25
2024-05-12T11:46:49,5,20,0,25
2024-05-12T11:53:53,5,20,0,25
2024-05-12T12:00:57,5,20,0,25
2024-05-12T12:08:00,5,20,0,25
2024-05-12T12:15:04,5,20,0,25
2024-05-12T12:22:08,5,20,0,25
2024-05-12T12:29:11,5,20,0,25
2024-05-12T12:36:15,5,20,0,25
2024-05-12T12:43:20,5,20,0,25
2024-05-12T12:50:23,5,20,0,25
2024-05-12T12:57:27,5,20,0,25
2024-05-12T13:04:31,5,20,0,25
2024-05-12T13:11:34,5,20,0,25
2024-05-12T13:18:39,5,20,0,25
2024-05-12T13:25:42,5,20,0,25
2024-05-12T13:32:45,5,20,0,25
2024-05-12T13:39:49,5,20,0,25
2024-05-12T13:46:52,5,20,0,25
2024-05-12T13:53:56,5,20,0,25
2024-05-12T14:01:00,5,20,0,25
2024-05-12T14:08:04,5,20,0,25
2024-05-12T14:15:17,5,20,0,25
2024-05-12T14:22:20,5,20,0,25
2024-05-12T14:29:24,5,20,0,25
2024-05-12T14:36:27,5,20,0,25
2024-05-12T14:43:30,5,20,0,25
2024-05-12T14:50:34,5,20,0,25
2024-05-12T14:57:37,5,20,0,25
2024-05-12T15:04:40,5,20,0,25
2024-05-12T15:11:43,5,20,0,25
2024-05-12T15:18:47,5,20,0,25
2024-05-12T15:25:51,5,20,0,25
2024-05-12T15:32:54,5,20,0,25
2024-05-12T15:39:57,5,20,0,25
2024-05-12T15:47:01,5,20,0,25
2024-05-12T15:54:04,5,20,0,25
2024-05-12T16:01:08,5,20,0,25
2024-05-12T16:08:11,5,20,0,25
2024-05-12T16:15:15,5,20,0,25
2024-05-12T16:22:18,5,20,0,25
2024-05-12T16:29:22,5,20,0,25
2024-05-12T16:36:26,5,20,0,25
2024-05-12T16:43:29,5,20,0,25
2024-05-12T16:50:33,5,20,0,25
2024-05-12T16:57:36,5,20,0,25
2024-05-12T17:04:40,5,20,0,25
2024-05-12T17:11:43,5,20,0,25
2024-05-12T17:18:47,5,20,0,25
2024-05-12T17:25:50,5,20,0,25
2024-05-12T17:32:54,5,20,0,25
2024-05-12T17:39:58,5,20,0,25
2024-05-12T17:47:10,5,20,0,25
2024-05-12T17:54:14,5,20,0,25
2024-05-12T18:01:17,5,20,0,25
2024-05-12T18:08:21,5,20,0,25
2024-05-12T18:15:24,5,20,0,25
2024-05-12T18:22:28,5,20,0,25
2024-05-12T18:29:32,5,20,0,25
2024-05-12T18:36:36,5,20,0,25
2024-05-12T18:43:40,5,20,0,25
2024-05-12T18:50:44,5,20,0,25
2024-05-12T18:57:48,5,20,0,25
2024-05-12T19:04:52,5,20,0,25
2024-05-12T19:11:56,5,20,0,25
2024-05-12T19:19:00,5,20,0,25
2024-05-12T19:26:04,5,20,0,25
2024-05-12T19:33:07,5,20,0,25
2024-05-12T19:40:12,5,20,0,25
2024-05-12T19:47:15,5,20,0,25
2024-05-12T19:54:19,5,20,0,25
2024-05-12T20:01:22,5,20,0,25
2024-05-12T20:08:25,5,20,0,25
2024-05-12T20:15:29,5,20,0,25
2024-05-12T20:22:33,5,20,0,25
2024-05-12T20:29:36,5,20,0,25
2024-05-12T20:36:40,5,20,0,25
2024-05-12T20:43:44,5,20,0,25
2024-05-12T20:50:47,5,20,0,25
2024-05-12T20:57:51,5,20,0,25
2024-05-12T21:04:55,5,20,0,25
2024-05-12T21:11:58,5,20,0,25
2024-05-12T21:19:02,5,20,0,25
2024-05-12T21:26:06,5,20,0,25
2024-05-12T21:33:19,5,20,0,25
2024-05-12T21:40:24,5,20,0,25
2024-05-12T21:47:30,5,20,0,25
2024-05-12T21:54:33,5,20,0,25
2024-05-12T22:01:37,5,20,0,25
2024-05-12T22:08:41,5,20,0,25
2024-05-12T22:15:44,5,20,0,25
2024-05-12T22:22:48,5,20,0,25
2024-05-12T22:29:52,5,20,0,25
2024-05-12T22:36:56,5,20,0,25
2024-05-12T22:43:59,5,20,0,25
2024-05-12T22:51:02,5,20,0,25
2024-05-12T22:58:06,5,20,0,25
2024-05-12T23:05:10,5,20,0,25
2024-05-12T23:12:14,5,20,0,25
2024-05-12T23:19:18,5,20,0,25
2024-05-12T23:26:23,5,20,0,25
2024-05-12T23:33:27,5,20,0,25
2024-05-12T23:40:31,5,20,0,25
2024-05-12T23:47:34,5,20,0,25
2024-05-12T23:54:38,5,20,0,25
2024-05-13T00:01:42,5,20,0,25
2024-05-13T00:08:46,5,20,0,25
2024-05-13T00:15:50,5,20,0,25
2024-05-13T00:22:55,5,20,0,25
2024-05-13T00:30:00,5,20,0,25
2024-05-13T00:37:13,5,20,0,25
2024-05-13T00:44:17,5,20,0,25
2024-05-13T00:51:21,5,20,0,25
2024-05-13T00:58:24,5,20,0,25
2024-05-13T01:05:28,5,20,0,25
2024-05-13T01:12:31,5,20,0,25
2024-05-13T01:19:35,5,20,0,25
2024-05-13T01:27:00,5,20,0,25
2024-05-13T01:34:07,5,20,0,25
2024-05-13T01:41:11,5,20,0,25
2024-05-13T01:48:15,5,20,0,25
2024-05-13T01:55:19,5,20,0,25
2024-05-13T02:02:22,5,20,0,25
2024-05-13T02:09:26,5,20,0,25
2024-05-13T02:16:30,5,20,0,25
2024-05-13T02:23:33,5,20,0,25
2024-05-13T02:30:37,5,20,0,25
2024-05-13T02:37:41,5,20,0,25
2024-05-13T02:44:45,5,20,0,25
2024-05-13T02:51:48,5,20,0,25
2024-05-13T02:58:52,5,20,0,25
2024-05-13T03:05:56,5,20,0,25
2024-05-13T03:12:59,5,20,0,25
2024-05-13T03:20:03,5,20,0,25
2024-05-13T03:27:07,5,20,0,25
2024-05-13T03:34:10,5,20,0,25
2024-05-13T03:41:14,5,20,0,25
2024-05-13T03:48:18,5,20,0,25
2024-05-13T03:55:22,5,20,0,25
2024-05-13T04:02:26,5,20,0,25
2024-05-13T04:09:30,5,20,0,25
2024-05-13T04:22:53,5,20,0,25
2024-05-13T04:29:58,5,20,0,25
2024-05-13T04:37:02,5,20,0,25
2024-05-13T04:44:06,5,20,0,25
2024-05-13T04:52:47,5,20,0,25
2024-05-13T04:59:50,5,20,0,25
2024-05-13T05:06:58,5,20,0,25
2024-05-13T05:14:03,5,20,0,25
2024-05-13T05:21:07,5,20,0,25
2024-05-13T05:28:11,5,20,0,25
2024-05-13T05:35:15,5,20,0,25
2024-05-13T05:42:20,5,20,0,25
2024-05-13T05:49:25,5,20,0,25
2024-05-13T05:56:29,5,20,0,25
2024-05-13T06:03:33,5,20,0,25
2024-05-13T06:10:37,5,20,0,25
2024-05-13T06:17:41,5,20,0,25
2024-05-13T06:24:45,5,20,0,25
2024-05-13T06:31:48,5,20,0,25
2024-05-13T06:38:53,5,20,0,25
2024-05-13T06:45:57,5,20,0,25
2024-05-13T06:53:01,5,20,0,25
2024-05-13T07:00:05,5,20,0,25
2024-05-13T07:07:10,5,20,0,25
2024-05-13T07:14:14,5,20,0,25
2024-05-13T07:21:17,5,20,0,25
2024-05-13T07:28:21,5,20,0,25
2024-05-13T07:35:25,5,20,0,25
2024-05-13T07:42:31,5,20,0,25
2024-05-13T07:49:38,5,20,0,25
2024-05-13T07:56:42,5,20,0,25
2024-05-13T08:03:46,5,20,0,25
2024-05-13T08:10:52,5,20,0,25
2024-05-13T08:17:56,5,20,0,25
2024-05-13T08:25:00,5,20,0,25
2024-05-13T08:32:04,5,20,0,25
2024-05-13T08:39:08,5,20,0,25
2024-05-13T08:46:12,5,20,0,25
2024-05-13T08:53:15,5,20,0,25
2024-05-13T09:00:19,5,20,0,25
2024-05-13T09:07:23,5,20,0,25
2024-05-13T09:14:48,5,20,0,25
2024-05-13T09:21:52,5,20,0,25
2024-05-13T09:28:55,5,20,0,25
2024-05-13T09:35:59,5,20,0,25
2024-05-13T09:43:03,5,20,0,25
2024-05-13T09:50:07,5,20,0,25
2024-05-13T09:57:11,5,20,0,25
2024-05-13T10:04:15,5,20,0,25
2024-05-13T10:11:19,5,20,0,25
2024-05-13T10:18:23,5,20,0,25
2024-05-13T10:25:26,5,20,0,25
2024-05-13T10:32:30,5,20,0,25
2024-05-13T10:39:34,5,20,0,25
2024-05-13T10:46:37,5,20,0,25
2024-05-13T10:53:41,5,20,0,25
2024-05-13T11:00:45,5,20,0,25
2024-05-13T11:07:49,5,20,0,25
2024-05-13T11:14:53,5,20,0,25
2024-05-13T11:21:57,5,20,0,25
2024-05-13T11:29:01,5,20,0,25
2024-05-13T11:36:04,5,20,0,25
2024-05-13T11:43:08,5,20,0,25
2024-05-13T11:50:23,5,20,0,25
2024-05-13T12:00:14,5,20,0,25
2024-05-13T13:08:14,5,20,0,25
2024-05-13T13:15:18,5,20,0,25
2024-05-13T13:22:21,5,20,0,25
2024-05-13T13:29:24,5,20,0,25
2024-05-13T13:36:28,5,20,0,25
2024-05-13T13:43:43,5,20,0,25
2024-05-13T13:50:46,5,20,0,25
2024-05-13T13:59:27,5,20,0,25
2024-05-13T14:09:44,5,20,0,25
2024-05-13T14:18:04,5,20,0,25
2024-05-13T14:26:36,5,20,0,25
2024-05-13T14:34:59,5,20,0,25
2024-05-13T14:43:14,5,20,0,25
2024-05-13T14:51:29,5,20,0,25
2024-05-13T14:59:42,5,20,0,25
2024-05-13T15:07:57,5,20,0,25
2024-05-13T15:15:39,5,20,0,25
2024-05-13T15:23:01,5,20,0,25
2024-05-13T15:30:04,5,20,0,25
2024-05-13T15:37:07,5,20,0,25
2024-05-13T15:44:11,5,20,0,25
2024-05-13T15:51:14,5,20,0,25
2024-05-13T15:58:18,5,20,0,25
2024-05-13T16:05:22,5,20,0,25
2024-05-13T16:12:26,5,20,0,25
2024-05-13T16:19:29,5,20,0,25
2024-05-13T16:26:33,5,20,0,25
2024-05-13T16:33:37,5,20,0,25
2024-05-13T16:40:41,5,20,0,25
2024-05-13T16:47:44,5,20,0,25
2024-05-13T16:54:47,5,20,0,25
2024-05-13T17:01:50,5,20,0,25
2024-05-13T17:08:54,5,20,0,25
2024-05-13T17:15:58,5,20,0,25
2024-05-13T17:23:01,5,20,0,25
2024-05-13T17:30:16,5,20,0,25
2024-05-13T17:37:20,5,20,0,25
2024-05-13T17:44:23,5,20,0,25
2024-05-13T17:51:27,5,20,0,25
2024-05-13T17:58:30,5,20,0,25
2024-05-13T18:05:34,5,20,0,25
2024-05-13T18:12:38,5,20,0,25
2024-05-13T18:19:42,5,20,0,25
2024-05-13T18:26:46,5,20,0,25
2024-05-13T18:33:49,5,20,0,25
2024-05-13T18:40:52,5,20,0,25
2024-05-13T18:47:56,5,20,0,25
2024-05-13T18:54:59,5,20,0,25
2024-05-13T19:02:03,5,20,0,25
2024-05-13T19:09:06,5,20,0,25
2024-05-13T19:16:27,5,20,0,25
2024-05-13T19:23:30,5,20,0,25
2024-05-13T19:30:33,5,20,0,25
2024-05-13T19:37:37,5,20,0,25
2024-05-13T19:44:41,5,20,0,25
2024-05-13T19:51:44,5,20,0,25
2024-05-13T19:58:47,5,20,0,25
2024-05-13T20:05:52,5,20,0,25
2024-05-13T20:12:55,5,20,0,25
2024-05-13T20:19:59,5,20,0,25
2024-05-13T20:27:02,5,20,0,25
2024-05-13T20:34:06,5,20,0,25
2024-05-13T20:41:09,5,20,0,25
2024-05-13T20:48:12,5,20,0,25
2024-05-13T20:55:16,5,20,0,25
2024-05-13T21:02:19,5,20,0,25
2024-05-13T21:09:23,5,20,0,25
2024-05-13T21:16:27,5,20,0,25
2024-05-13T21:23:40,5,20,0,25
2024-05-13T21:30:43,5,20,0,25
2024-05-13T21:37:49,5,20,0,25
2024-05-13T21:44:54,5,20,0,25
2024-05-13T21:52:01,5,20,0,25
2024-05-13T21:59:05,5,20,0,25
2024-05-13T22:06:08,5,20,0,25
2024-05-13T22:13:12,5,20,0,25
2024-05-13T22:20:15,5,20,0,25
2024-05-13T22:27:18,5,20,0,25
2024-05-13T22:34:22,5,20,0,25
2024-05-13T22:41:25,5,20,0,25
2024-05-13T22:48:28,5,20,0,25
2024-05-13T22:55:32,5,20,0,25
2024-05-13T23:02:36,5,20,0,25
2024-05-13T23:09:41,5,20,0,25
2024-05-13T23:16:44,5,20,0,25
2024-05-13T23:23:47,5,20,0,25
2024-05-13T23:30:51,5,20,0,25
2024-05-13T23:37:54,5,20,0,25
2024-05-13T23:44:58,5,20,0,25
2024-05-13T23:52:02,5,20,0,25
2024-05-13T23:59:06,5,20,0,25
2024-05-14T00:06:10,5,20,0,25
2024-06-05T20:49:29,5,20,0,25
2024-06-05T20:56:37,5,20,0,25
2024-06-05T21:03:46,5,20,0,25
2024-06-05T21:10:54,5,20,0,25
2024-06-05T21:18:03,5,20,0,25
2024-06-05T21:25:21,5,20,0,25
2024-06-05T21:32:30,5,20,0,25
2024-06-05T21:39:40,5,20,0,25
2024-06-05T21:46:49,5,20,0,25
2024-06-05T21:54:01,5,20,0,25
2024-06-05T22:01:10,5,20,0,25
2024-06-05T22:08:19,5,20,0,25
2024-06-05T22:15:28,5,20,0,25
2024-06-05T22:22:48,5,20,0,25
2024-06-05T22:29:57,5,20,0,25
2024-06-05T22:37:06,5,20,0,25
2024-06-05T22:44:14,5,20,0,25
2024-06-05T22:51:23,5,20,0,25
2024-06-05T22:58:31,5,20,0,25
2024-06-05T23:05:40,5,20,0,25
2024-06-05T23:12:49,5,20,0,25
2024-06-05T23:19:58,5,20,0,25
2024-06-05T23:27:07,5,20,0,25
2024-06-05T23:34:16,5,20,0,25
2024-06-05T23:41:36,5,20,0,25
2024-06-05T23:48:45,5,20,0,25
2024-06-05T23:55:54,5,20,0,25
2024-06-06T00:03:03,5,20,0,25
2024-06-06T00:10:12,5,20,0,25
2024-06-06T00:17:25,5,20,0,25
2024-06-06T00:24:35,5,20,0,25
2024-06-06T00:31:46,5,20,0,25
2024-06-06T00:38:55,5,20,0,25
2024-06-06T00:46:05,5,20,0,25
2024-06-06T00:53:16,5,20,0,25
2024-06-06T01:00:25,5,20,0,25
2024-06-06T01:07:35,5,20,0,25
2024-06-06T01:14:44,5,20,0,25
2024-06-06T01:21:53,5,20,0,25
2024-06-06T01:29:03,5,20,0,25
2024-06-06T01:36:22,5,20,0,25
2024-06-06T01:43:31,5,20,0,25
2024-06-06T01:50:41,5,20,0,25
2024-06-06T01:57:50,5,20,0,25
2024-06-06T02:05:00,5,20,0,25
2024-06-06T02:12:09,5,20,0,25
2024-06-06T02:19:18,5,20,0,25
2024-06-06T02:26:27,5,20,0,25
2024-06-06T02:33:36,5,20,0,25
2024-06-06T02:40:45,5,20,0,25
2024-06-06T02:47:53,5,20,0,25
2024-06-06T02:55:02,5,20,0,25
2024-06-06T03:02:11,5,20,0,25
2024-06-06T03:09:19,5,20,0,25
2024-06-06T03:16:30,5,20,0,25
2024-06-06T03:23:39,5,20,0,25
2024-06-06T03:30:48,5,20,0,25
2024-06-06T03:37:57,5,20,0,25
2024-06-06T03:45:06,5,20,0,25
2024-06-06T03:52:15,5,20,0,25
2024-06-06T03:59:24,5,20,0,25
2024-06-06T04:06:34,5,20,0,25
2024-06-06T04:13:43,5,20,0,25
2024-06-06T04:28:53,5,20,0,25
2024-06-06T04:36:03,5,20,0,25
2024-06-06T04:44:06,5,20,0,25
2024-06-06T04:52:16,5,20,0,25
2024-06-06T04:59:26,5,20,0,25
2024-06-06T05:06:35,5,20,0,25
2024-06-06T05:13:46,5,20,0,25
2024-06-06T05:20:55,5,20,0,25
2024-06-06T05:28:04,5,20,0,25
2024-06-06T05:35:13,5,20,0,25
2024-06-06T05:42:22,5,20,0,25
2024-06-06T05:49:32,5,20,0,25
2024-06-06T05:56:42,5,20,0,25
2024-06-06T06:03:52,5,20,0,25
2024-06-06T06:11:01,5,20,0,25
2024-06-06T06:18:10,5,20,0,25
2024-06-06T06:25:19,5,20,0,25
2024-06-06T06:32:31,5,20,0,25
2024-06-06T06:39:41,5,20,0,25
2024-06-06T06:47:01,5,20,0,25
2024-06-06T06:54:22,5,20,0,25
2024-06-06T07:01:31,5,20,0,25
2024-06-06T07:08:41,5,20,0,25
2024-06-06T07:15:50,5,20,0,25
2024-06-06T07:22:59,5,20,0,25
2024-06-06T07:30:08,5,20,0,25
2024-06-06T07:37:18,5,20,0,25
2024-06-06T07:44:27,5,20,0,25
2024-06-06T07:51:36,5,20,0,25
2024-06-06T07:58:45,5,20,0,25
2024-06-06T08:05:54,5,20,0,25
2024-06-06T08:13:03,5,20,0,25
2024-06-06T08:20:11,5,20,0,25
2024-06-06T08:27:20,5,20,0,25
2024-06-06T08:34:36,5,20,0,25
2024-06-06T08:41:45,5,20,0,25
2024-06-06T08:49:04,5,20,0,25
2024-06-06T08:56:13,5,20,0,25
2024-06-06T09:03:22,5,20,0,25
2024-06-06T09:10:32,5,20,0,25
2024-06-06T09:17:42,5,20,0,25
2024-06-06T09:24:52,5,20,0,25
2024-06-06T09:32:03,5,20,0,25
2024-06-06T09:39:14,5,20,0,25
2024-06-06T09:46:25,5,20,0,25
2024-06-06T09:53:35,5,20,0,25
2024-06-06T10:00:44,5,20,0,25
2024-06-06T10:07:56,5,20,0,25
2024-06-06T10:15:05,5,20,0,25
2024-06-06T10:22:25,5,20,0,25
2024-06-06T10:29:34,5,20,0,25
2024-06-06T10:36:44,5,20,0,25
2024-06-06T10:43:54,5,20,0,25
2024-06-06T10:51:03,5,20,0,25
2024-06-06T10:58:12,5,20,0,25
2024-06-06T11:05:21,5,20,0,25
2024-06-06T11:12:31,5,20,0,25
2024-06-06T11:19:40,5,20,0,25
2024-06-06T11:27:02,5,20,0,25
2024-06-06T11:34:12,5,20,0,25
2024-06-06T11:41:22,5,20,0,25
2024-06-06T11:48:31,5,20,0,25
2024-06-06T11:55:41,5,20,0,25
2024-06-06T12:02:50,5,20,0,25
2024-06-06T12:09:59,5,20,0,25
2024-06-06T12:17:26,5,20,0,25
2024-06-06T12:24:35,5,20,0,25
2024-06-06T12:31:44,5,20,0,25
2024-06-06T12:38:53,5,20,0,25
2024-06-06T12:46:03,5,20,0,25
2024-06-06T12:53:21,5,20,0,25
2024-06-06T13:00:30,5,20,0,25
2024-06-06T13:07:39,5,20,0,25
2024-06-06T13:14:48,5,20,0,25
2024-06-06T13:21:56,5,20,0,25
2024-06-06T13:29:05,5,20,0,25
2024-06-06T13:36:14,5,20,0,25
2024-06-06T13:43:33,5,20,0,25
2024-06-06T13:50:41,5,20,0,25
2024-06-06T13:57:50,5,20,0,25
2024-06-06T14:04:59,5,20,0,25
2024-06-06T14:12:09,5,20,0,25
2024-06-06T14:19:17,5,20,0,25
2024-06-06T14:26:26,5,20,0,25
2024-06-06T14:33:53,5,20,0,25
2024-06-06T14:41:02,5,20,0,25
2024-06-06T14:48:11,5,20,0,25
2024-06-06T14:55:19,5,20,0,25
2024-06-06T15:02:28,5,20,0,25
2024-06-06T15:09:36,5,20,0,25
2024-06-06T15:16:44,5,20,0,25
2024-06-06T15:23:53,5,20,0,25
2024-06-06T15:31:12,5,20,0,25
2024-06-06T15:38:20,5,20,0,25
2024-06-06T15:45:29,5,20,0,25
2024-06-06T15:52:37,5,20,0,25
2024-06-06T15:59:46,5,20,0,25
2024-06-06T16:06:54,5,20,0,25
2024-06-06T16:14:03,5,20,0,25
2024-06-06T16:21:12,5,20,0,25
2024-06-06T16:28:20,5,20,0,25
2024-06-06T16:35:40,5,20,0,25
2024-06-06T16:42:48,5,20,0,25
2024-06-06T16:49:57,5,20,0,25
2024-06-06T16:57:05,5,20,0,25
2024-06-06T17:04:13,5,20,0,25
2024-06-06T17:11:23,5,20,0,25
2024-06-06T17:18:31,5,20,0,25
2024-06-06T17:25:39,5,20,0,25
2024-06-06T17:32:47,5,20,0,25
2024-06-06T17:39:56,5,20,0,25
2024-06-06T17:47:15,5,20,0,25
2024-06-06T17:54:24,5,20,0,25
2024-06-06T18:01:32,5,20,0,25
2024-06-06T18:08:40,5,20,0,25
2024-06-06T18:15:49,5,20,0,25
2024-06-06T18:22:57,5,20,0,25
2024-06-06T18:30:06,5,20,0,25
2024-06-06T18:37:14,5,20,0,25
2024-06-06T18:44:23,5,20,0,25
2024-06-06T18:51:31,5,20,0,25
2024-06-06T18:58:39,5,20,0,25
2024-06-06T19:05:48,5,20,0,25
2024-06-06T19:13:07,5,20,0,25
2024-06-06T19:20:15,5,20,0,25
2024-06-06T19:27:24,5,20,0,25
2024-06-06T19:34:32,5,20,0,25
2024-06-06T19:41:40,5,20,0,25
2024-06-06T19:48:49,5,20,0,25
2024-06-06T19:55:57,5,20,0,25
2024-06-06T20:03:06,5,20,0,25
2024-06-06T20:10:14,5,20,0,25
2024-06-06T20:17:22,5,20,0,25
2024-06-06T20:24:31,5,20,0,25
2024-06-06T20:31:39,5,20,0,25
2024-06-06T20:38:48,5,20,0,25
2024-06-06T20:45:56,5,20,0,25
2024-06-06T20:53:15,5,20,0,25
2024-06-06T21:00:23,5,20,0,25
2024-06-06T21:07:32,5,20,0,25
2024-06-06T21:14:40,5,20,0,25
2024-06-06T21:21:49,5,20,0,25
2024-06-06T21:28:58,5,20,0,25
2024-06-06T21:36:07,5,20,0,25
2024-06-06T21:43:15,5,20,0,25
2024-06-06T21:50:26,5,20,0,25
2024-06-06T21:57:35,5,20,0,25
2024-06-06T22:04:43,5,20,0,25
2024-06-06T22:11:52,5,20,0,25
2024-06-06T22:19:00,5,20,0,25
2024-06-06T22:26:09,5,20,0,25
2024-06-06T22:33:17,5,20,0,25
2024-06-06T22:40:34,5,20,0,25
2024-06-06T22:47:42,5,20,0,25
2024-06-06T22:54:50,5,20,0,25
2024-06-06T23:01:59,5,20,0,25
2024-06-06T23:09:08,5,20,0,25
2024-06-06T23:16:16,5,20,0,25
2024-06-06T23:23:25,5,20,0,25
2024-06-06T23:30:34,5,20,0,25
2024-06-06T23:37:42,5,20,0,25
2024-06-06T23:44:50,5,20,0,25
2024-06-06T23:51:59,5,20,0,25
2024-06-06T23:59:08,5,20,0,25
2024-06-07T00:06:17,5,20,0,25
2024-06-07T00:13:26,5,20,0,25
2024-06-07T00:20:35,5,20,0,25
2024-06-07T00:27:44,5,20,0,25
2024-06-07T00:35:02,5,20,0,25
2024-06-07T00:42:12,5,20,0,25
2024-06-07T00:49:21,5,20,0,25
2024-06-07T00:56:31,5,20,0,25
2024-06-07T01:03:40,5,20,0,25
2024-06-07T01:10:50,5,20,0,25
2024-06-07T01:17:59,5,20,0,25
2024-06-07T01:25:09,5,20,0,25
2024-06-07T01:32:18,5,20,0,25
2024-06-07T01:39:29,5,20,0,25
2024-06-07T01:46:39,5,20,0,25
2024-06-07T01:53:49,5,20,0,25
2024-06-07T02:00:59,5,20,0,25
2024-06-07T02:08:08,5,20,0,25
2024-06-07T02:15:19,5,20,0,25
2024-06-07T02:22:28,5,20,0,25
2024-06-07T02:29:38,5,20,0,25
2024-06-07T02:36:48,5,20,0,25
2024-06-07T02:43:57,5,20,0,25
2024-06-07T02:51:06,5,20,0,25
2024-06-07T02:58:16,5,20,0,25
2024-06-07T03:05:24,5,20,0,25
2024-06-07T03:12:33,5,20,0,25
2024-06-07T03:19:42,5,20,0,25
2024-06-07T03:26:50,5,20,0,25
2024-06-07T03:33:59,5,20,0,25
2024-06-07T03:41:08,5,20,0,25
2024-06-07T03:48:17,5,20,0,25
2024-06-07T03:55:29,5,20,0,25
2024-06-07T04:02:55,5,20,0,25
2024-06-07T04:10:05,5,20,0,25
2024-06-07T04:17:15,5,20,0,25
2024-06-07T04:32:20,5,20,0,25
2024-06-07T04:40:42,5,20,0,25
2024-06-07T04:48:11,5,20,0,25
2024-06-07T04:55:20,5,20,0,25
2024-06-07T05:02:30,5,20,0,25
2024-06-07T05:09:42,5,20,0,25
2024-06-07T05:16:52,5,20,0,25
2024-06-07T05:24:01,5,20,0,25
2024-06-07T05:31:10,5,20,0,25
2024-06-07T05:38:20,5,20,0,25
2024-06-07T05:45:29,5,20,0,25
2024-06-07T05:52:38,5,20,0,25
2024-06-07T05:59:48,5,20,0,25
2024-06-07T06:06:57,5,20,0,25
2024-06-07T06:14:07,5,20,0,25
2024-06-07T06:21:16,5,20,0,25
2024-06-07T06:28:25,5,20,0,25
2024-06-07T06:35:34,5,20,0,25
2024-06-07T06:42:44,5,20,0,25
2024-06-07T06:49:53,5,20,0,25
2024-06-07T06:57:08,5,20,0,25
2024-06-07T07:04:17,5,20,0,25
2024-06-07T07:11:27,5,20,0,25
2024-06-07T07:18:36,5,20,0,25
2024-06-07T07:25:45,5,20,0,25
2024-06-07T07:32:53,5,20,0,25
2024-06-07T07:40:02,5,20,0,25
2024-06-07T07:47:11,5,20,0,25
2024-06-07T07:54:20,5,20,0,25
2024-06-07T08:01:31,5,20,0,25
2024-06-07T08:08:40,5,20,0,25
2024-06-07T08:15:57,5,20,0,25
2024-06-07T08:23:06,5,20,0,25
2024-06-07T08:30:15,5,20,0,25
2024-06-07T08:37:24,5,20,0,25
2024-06-07T08:44:33,5,20,0,25
2024-06-07T08:51:42,5,20,0,25
2024-06-07T08:58:52,5,20,0,25
2024-06-07T09:06:01,5,20,0,25
2024-06-07T09:13:10,5,20,0,25
2024-06-07T09:20:19,5,20,0,25
2024-06-07T09:27:27,5,20,0,25
2024-06-07T09:34:37,5,20,0,25
2024-06-07T09:41:45,5,20,0,25
2024-06-07T09:48:54,5,20,0,25
2024-06-07T09:56:02,5,20,0,25
2024-06-07T10:03:11,5,20,0,25
2024-06-07T10:10:28,5,20,0,25
2024-06-07T10:17:38,5,20,0,25
2024-06-07T10:24:46,5,20,0,25
2024-06-07T10:31:55,5,20,0,25
2024-06-07T10:39:03,5,20,0,25
2024-06-07T10:46:12,5,20,0,25
2024-06-07T10:53:21,5,20,0,25
2024-06-07T11:00:30,5,20,0,25
2024-06-07T11:07:40,5,20,0,25
2024-06-07T11:14:49,5,20,0,25
2024-06-07T11:21:59,5,20,0,25
2024-06-07T11:29:18,5,20,0,25
2024-06-07T11:36:27,5,20,0,25
2024-06-07T11:43:36,5,20,0,25
2024-06-07T11:50:44,5,20,0,25
2024-06-07T11:57:53,5,20,0,25
2024-06-07T12:05:01,5,20,0,25
2024-06-07T12:12:09,5,20,0,25
2024-06-07T12:19:18,5,20,0,25
2024-06-07T12:26:38,5,20,0,25
2024-06-07T12:33:47,5,20,0,25
2024-06-07T12:40:55,5,20,0,25
2024-06-07T12:48:04,5,20,0,25
2024-06-07T12:55:12,5,20,0,25
2024-06-07T13:02:20,5,20,0,25
2024-06-07T13:09:29,5,20,0,25
2024-06-07T13:16:37,5,20,0,25
2024-06-07T13:23:46,5,20,0,25
2024-06-07T13:30:54,5,20,0,25
2024-06-07T13:38:02,5,20,0,25
2024-06-07T13:45:20,5,20,0,25
2024-06-07T13:52:28,5,20,0,25
2024-06-07T13:59:37,5,20,0,25
2024-06-07T14:06:45,5,20,0,25
2024-06-07T14:13:54,5,20,0,25
2024-06-07T14:21:02,5,20,0,25
2024-06-07T14:28:11,5,20,0,25
2024-06-07T14:35:19,5,20,0,25
2024-06-07T14:42:27,5,20,0,25
2024-06-07T14:49:36,5,20,0,25
2024-06-07T14:56:44,5,20,0,25
2024-06-07T15:03:52,5,20,0,25
2024-06-07T15:11:01,5,20,0,25
2024-06-07T15:18:19,5,20,0,25
2024-06-07T15:25:27,5,20,0,25
2024-06-07T15:32:36,5,20,0,25
2024-06-07T15:39:44,5,20,0,25
2024-06-07T15:46:52,5,20,0,25
2024-06-07T15:54:01,5,20,0,25
2024-06-07T16:01:10,5,20,0,25
2024-06-07T16:08:19,5,20,0,25
2024-06-07T16:15:38,5,20,0,25
2024-06-07T16:22:46,5,20,0,25
2024-06-07T16:29:55,5,20,0,25
2024-06-07T16:37:03,5,20,0,25
2024-06-07T16:44:11,5,20,0,25
2024-06-07T16:51:20,5,20,0,25
2024-06-07T16:58:28,5,20,0,25
2024-06-07T17:05:37,5,20,0,25
2024-06-07T17:12:45,5,20,0,25
2024-06-07T17:19:54,5,20,0,25
2024-06-07T17:27:02,5,20,0,25
2024-06-07T17:34:11,5,20,0,25
2024-06-07T17:41:19,5,20,0,25
2024-06-07T17:48:28,5,20,0,25
2024-06-07T17:55:47,5,20,0,25
2024-06-07T18:02:55,5,20,0,25
2024-06-07T18:10:04,5,20,0,25
2024-06-07T18:17:13,5,20,0,25
2024-06-07T18:24:21,5,20,0,25
2024-06-07T18:31:30,5,20,0,25
2024-06-07T18:38:38,5,20,0,25
2024-06-07T18:45:47,5,20,0,25
2024-06-07T18:52:55,5,20,0,25
2024-06-07T19:00:04,5,20,0,25
2024-06-07T19:07:12,6,19,0,25
2024-06-07T19:14:21,6,19,0,25
2024-06-07T19:21:30,6,19,0,25
2024-06-07T19:28:38,6,19,0,25
2024-06-07T19:35:47,6,19,0,25
2024-06-07T19:42:55,6,19,0,25
2024-06-07T19:50:04,6,19,0,25
2024-06-07T19:57:12,6,19,0,25
2024-06-07T20:04:31,6,19,0,25
2024-06-07T20:11:40,6,19,0,25
2024-06-07T20:18:48,6,19,0,25
2024-06-07T20:25:57,6,19,0,25
2024-06-07T20:33:06,6,19,0,25
2024-06-07T20:40:14,6,19,0,25
2024-06-07T20:47:23,6,19,0,25
2024-06-07T20:54:31,6,19,0,25
2024-06-07T21:01:40,6,19,0,25
2024-06-07T21:08:48,6,19,0,25
2024-06-07T21:15:57,6,19,0,25
2024-06-07T21:23:05,6,19,0,25
2024-06-07T21:30:13,6,19,0,25
2024-06-07T21:37:23,6,19,0,25
2024-06-07T21:44:31,6,19,0,25
2024-06-07T21:51:43,6,19,0,25
2024-06-07T21:58:52,6,19,0,25
2024-06-07T22:06:01,6,19,0,25
2024-06-07T22:13:19,6,19,0,25
2024-06-07T22:20:28,6,19,0,25
2024-06-07T22:27:36,6,19,0,25
2024-06-07T22:34:45,6,19,0,25
2024-06-07T22:41:53,6,19,0,25
2024-06-07T22:49:02,6,19,0,25
2024-06-07T22:56:10,6,19,0,25
2024-06-07T23:03:19,6,19,0,25
2024-06-07T23:10:28,6,19,0,25
2024-06-07T23:17:36,6,19,0,25
2024-06-07T23:24:45,6,19,0,25
2024-06-07T23:31:54,6,19,0,25
2024-06-07T23:39:02,6,19,0,25
2024-06-07T23:46:11,6,19,0,25
2024-06-07T23:53:20,6,19,0,25
2024-06-08T00:00:29,6,19,0,25
2024-06-08T00:07:39,6,19,0,25
2024-06-08T00:14:53,6,19,0,25
2024-06-08T00:22:12,6,19,0,25
2024-06-08T00:29:21,6,19,0,25
2024-06-08T00:36:31,6,19,0,25
2024-06-08T00:43:41,6,19,0,25
2024-06-08T00:50:51,6,19,0,25
2024-06-08T00:58:01,6,19,0,25
2024-06-08T01:05:11,6,19,0,25
2024-06-08T01:12:20,6,19,0,25
2024-06-08T01:19:30,6,19,0,25
2024-06-08T01:26:39,6,19,0,25
2024-06-08T01:33:49,6,19,0,25
2024-06-08T01:40:59,6,19,0,25
2024-06-08T01:48:09,6,19,0,25
2024-06-08T01:55:19,6,19,0,25
2024-06-08T02:02:28,6,19,0,25
2024-06-08T02:09:38,6,19,0,25
2024-06-08T02:16:47,6,19,0,25
2024-06-08T02:23:56,6,19,0,25
2024-06-08T02:31:05,6,19,0,25
2024-06-08T02:38:15,6,19,0,25
2024-06-08T02:45:23,6,19,0,25
2024-06-08T02:52:32,6,19,0,25
2024-06-08T02:59:41,6,19,0,25
2024-06-08T03:06:50,6,19,0,25
2024-06-08T03:13:59,6,19,0,25
2024-06-08T03:21:08,6,19,0,25
2024-06-08T03:28:17,6,19,0,25
2024-06-08T03:35:26,6,19,0,25
2024-06-08T03:42:35,6,19,0,25
2024-06-08T03:49:44,6,19,0,25
2024-06-08T03:56:53,6,19,0,25
2024-06-08T04:04:11,6,19,0,25
2024-06-08T04:11:21,6,19,0,25
2024-06-08T04:28:29,6,19,0,25
2024-06-08T04:35:40,6,19,0,25
2024-06-08T04:44:09,6,19,0,25
2024-06-08T04:52:11,6,19,0,25
2024-06-08T04:59:22,6,19,0,25
2024-06-08T05:06:31,6,19,0,25
2024-06-08T05:13:40,6,19,0,25
2024-06-08T05:20:49,6,19,0,25
2024-06-08T05:27:59,6,19,0,25
2024-06-08T05:35:08,6,19,0,25
2024-06-08T05:42:17,6,19,0,25
2024-06-08T05:49:26,6,19,0,25
2024-06-08T05:56:35,6,19,0,25
2024-06-08T06:03:45,6,19,0,25
2024-06-08T06:10:54,6,19,0,25
2024-06-08T06:18:03,6,19,0,25
2024-06-08T06:25:13,6,19,0,25
2024-06-08T06:32:21,6,19,0,25
2024-06-08T06:39:31,6,19,0,25
2024-06-08T06:46:40,6,19,0,25
2024-06-08T06:53:49,6,19,0,25
2024-06-08T07:00:58,6,19,0,25
2024-06-08T07:08:07,6,19,0,25
2024-06-08T07:15:16,6,19,0,25
2024-06-08T07:22:25,6,19,0,25
2024-06-08T07:29:35,6,19,0,25
2024-06-08T07:36:52,6,19,0,25
2024-06-08T07:44:01,6,19,0,25
2024-06-08T07:51:10,6,19,0,25
2024-06-08T07:58:19,6,19,0,25
2024-06-08T08:05:28,6,19,0,25
2024-06-08T08:12:37,6,19,0,25
2024-06-08T08:19:46,6,19,0,25
2024-06-08T08:26:56,6,19,0,25
2024-06-08T08:34:05,6,19,0,25
2024-06-08T08:41:14,6,19,0,25
2024-06-08T08:48:23,6,19,0,25
2024-06-08T08:55:32,6,19,0,25
2024-06-08T09:02:41,6,19,0,25
2024-06-08T09:09:50,6,19,0,25
2024-06-08T09:16:59,6,19,0,25
2024-06-08T09:24:09,6,19,0,25
2024-06-08T09:31:18,6,19,0,25
2024-06-08T09:38:28,6,19,0,25
2024-06-08T09:45:37,6,19,0,25
2024-06-08T09:52:46,6,19,0,25
2024-06-08T09:59:55,6,19,0,25
2024-06-08T10:07:05,6,19,0,25
2024-06-08T10:14:14,6,19,0,25
2024-06-08T10:21:23,6,19,0,25
2024-06-08T10:28:31,6,19,0,25
2024-06-08T10:35:50,6,19,0,25
2024-06-08T10:42:58,6,19,0,25
2024-06-08T10:50:07,6,19,0,25
2024-06-08T10:57:16,6,19,0,25
2024-06-08T11:04:25,6,19,0,25
2024-06-08T11:11:34,6,19,0,25
2024-06-08T11:18:43,6,19,0,25
2024-06-08T11:25:52,6,19,0,25
2024-06-08T11:33:01,6,19,0,25
2024-06-08T11:40:10,6,19,0,25
2024-06-08T11:47:19,6,19,0,25
2024-06-08T11:54:28,6,19,0,25
2024-06-08T12:01:36,6,19,0,25
2024-06-08T12:08:45,6,19,0,25
2024-06-08T12:15:57,6,19,0,25
2024-06-08T12:23:05,6,19,0,25
2024-06-08T12:30:25,6,19,0,25
2024-06-08T12:37:33,6,19,0,25
2024-06-08T12:44:42,6,19,0,25
2024-06-08T12:51:50,6,19,0,25
2024-06-08T12:58:59,6,19,0,25
2024-06-08T13:06:08,6,19,0,25
2024-06-08T13:13:17,6,19,0,25
2024-06-08T13:20:25,6,19,0,25
2024-06-08T13:27:33,6,19,0,25
2024-06-08T13:34:42,6,19,0,25
2024-06-08T13:41:50,6,19,0,25
2024-06-08T13:48:58,6,19,0,25
2024-06-08T13:56:07,6,19,0,25
2024-06-08T14:03:15,6,19,0,25
2024-06-08T14:10:24,6,19,0,25
2024-06-08T14:17:32,6,19,0,25
2024-06-08T14:24:41,6,19,0,25
2024-06-08T14:31:49,6,19,0,25
2024-06-08T14:38:57,6,19,0,25
2024-06-08T14:46:14,6,19,0,25
2024-06-08T14:53:23,6,19,0,25
2024-06-08T15:00:31,6,19,0,25
2024-06-08T15:07:39,6,19,0,25
2024-06-08T15:14:48,6,19,0,25
2024-06-08T15:21:56,6,19,0,25
2024-06-08T15:29:05,6,19,0,25
2024-06-08T15:36:13,6,19,0,25
2024-06-08T15:43:21,6,19,0,25
2024-06-08T15:50:30,6,19,0,25
2024-06-08T15:57:38,6,19,0,25
2024-06-08T16:04:47,6,19,0,25
2024-06-08T16:11:55,6,19,0,25
2024-06-08T16:19:03,6,19,0,25
2024-06-08T16:26:11,6,19,0,25
2024-06-08T16:33:29,6,19,0,25
2024-06-08T16:40:37,6,19,0,25
2024-06-08T16:47:45,6,19,0,25
2024-06-08T16:54:53,6,19,0,25
2024-06-08T17:02:02,6,19,0,25
2024-06-08T17:09:10,6,19,0,25
2024-06-08T17:16:19,6,19,0,25
2024-06-08T17:23:27,6,19,0,25
2024-06-08T17:30:35,6,19,0,25
2024-06-08T17:37:44,6,19,0,25
2024-06-08T17:44:52,6,19,0,25
2024-06-08T17:52:00,6,19,0,25
2024-06-08T17:59:09,6,19,0,25
2024-06-08T18:06:17,6,19,0,25
2024-06-08T18:13:26,6,19,0,25
2024-06-08T18:20:34,6,19,0,25
2024-06-08T18:27:43,6,19,0,25
2024-06-08T18:34:51,6,19,0,25
2024-06-08T18:41:59,6,19,0,25
2024-06-08T18:49:08,6,19,0,25
2024-06-08T18:56:25,6,19,0,25
2024-06-08T19:03:34,6,19,0,25
2024-06-08T19:10:42,6,19,0,25
2024-06-08T19:17:50,6,19,0,25
2024-06-08T19:24:59,6,19,0,25
2024-06-08T19:32:07,6,19,0,25
2024-06-08T19:39:15,6,19,0,25
2024-06-08T19:46:24,6,19,0,25
2024-06-08T19:53:32,6,19,0,25
2024-06-08T20:00:40,6,19,0,25
2024-06-08T20:07:49,6,19,0,25
2024-06-08T20:14:57,6,19,0,25
2024-06-08T20:22:05,6,19,0,25
2024-06-08T20:29:13,6,19,0,25
2024-06-08T20:36:22,6,19,0,25
2024-06-08T20:43:31,6,19,0,25
2024-06-08T20:50:39,6,19,0,25
2024-06-08T20:57:48,6,19,0,25
2024-06-08T21:04:56,6,19,0,25
2024-06-08T21:12:05,6,19,0,25
2024-06-08T21:19:14,6,19,0,25
2024-06-08T21:26:23,6,19,0,25
2024-06-08T21:33:40,6,19,0,25
2024-06-08T21:40:48,6,19,0,25
2024-06-08T21:47:58,6,19,0,25
2024-06-08T21:55:08,6,19,0,25
2024-06-08T22:02:16,6,19,0,25
2024-06-08T22:09:25,6,19,0,25
2024-06-08T22:16:33,6,19,0,25
2024-06-08T22:23:42,6,19,0,25
2024-06-08T22:30:50,6,19,0,25
2024-06-08T22:37:59,6,19,0,25
2024-06-08T22:45:07,6,19,0,25
2024-06-08T22:52:15,6,19,0,25
2024-06-08T22:59:24,6,19,0,25
2024-06-08T23:06:33,6,19,0,25
2024-06-08T23:13:41,6,19,0,25
2024-06-08T23:20:50,6,19,0,25
2024-06-08T23:27:58,6,19,0,25
2024-06-08T23:35:06,6,19,0,25
2024-06-08T23:42:15,6,19,0,25
2024-06-08T23:49:23,6,19,0,25
2024-06-08T23:56:32,6,19,0,25
2024-06-09T00:03:40,6,19,0,25
2024-06-09T00:10:58,6,19,0,25
2024-06-09T00:18:07,6,19,0,25
2024-06-09T00:25:17,6,19,0,25
2024-06-09T00:32:25,6,19,0,25
2024-06-09T00:39:35,6,19,0,25
2024-06-09T00:46:44,6,19,0,25
2024-06-09T00:53:53,6,19,0,25
2024-06-09T01:01:02,6,19,0,25
2024-06-09T01:08:11,6,19,0,25
2024-06-09T01:15:20,6,19,0,25
2024-06-09T01:22:29,6,19,0,25
2024-06-09T01:29:37,6,19,0,25
2024-06-09T01:36:45,6,19,0,25
2024-06-09T01:43:54,6,19,0,25
2024-06-09T01:51:03,6,19,0,25
2024-06-09T01:58:11,6,19,0,25
2024-06-09T02:05:20,6,19,0,25
2024-06-09T02:12:29,6,19,0,25
2024-06-09T02:19:37,6,19,0,25
2024-06-09T02:26:46,6,19,0,25
2024-06-09T02:33:56,6,19,0,25
2024-06-09T02:41:06,6,19,0,25
2024-06-09T02:48:15,6,19,0,25
2024-06-09T02:55:24,6,19,0,25
2024-06-09T03:02:38,6,19,0,25
2024-06-09T03:09:49,6,19,0,25
2024-06-09T03:17:08,6,19,0,25
2024-06-09T03:24:18,6,19,0,25
2024-06-09T03:31:29,6,19,0,25
2024-06-09T03:38:39,6,19,0,25
2024-06-09T03:45:50,6,19,0,25
2024-06-09T03:53:09,6,19,0,25
2024-06-09T04:00:51,6,19,0,25
2024-06-09T04:08:03,6,19,0,25
2024-06-09T04:24:37,6,19,0,25
2024-06-09T04:33:08,6,19,0,25
2024-06-09T04:40:34,6,19,0,25
2024-06-09T04:47:46,6,19,0,25
2024-06-09T04:54:57,6,19,0,25
2024-06-09T05:02:07,6,19,0,25
2024-06-09T05:09:18,6,19,0,25
2024-06-09T05:16:28,6,19,0,25
2024-06-09T05:23:37,6,19,0,25
2024-06-09T05:30:46,6,19,0,25
2024-06-09T05:37:56,6,19,0,25
2024-06-09T05:45:07,6,19,0,25
2024-06-09T05:52:17,6,19,0,25
2024-06-09T05:59:27,6,19,0,25
2024-06-09T06:06:37,6,19,0,25
2024-06-09T06:13:48,6,19,0,25
2024-06-09T06:20:58,6,19,0,25
2024-06-09T06:28:08,6,19,0,25
2024-06-09T06:35:17,6,19,0,25
2024-06-09T06:42:26,6,19,0,25
2024-06-09T06:49:36,6,19,0,25
2024-06-09T06:56:45,6,19,0,25
2024-06-09T07:03:55,6,19,0,25
2024-06-09T07:11:05,6,19,0,25
2024-06-09T07:18:14,6,19,0,25
2024-06-09T07:25:24,6,19,0,25
2024-06-09T07:32:33,6,19,0,25
2024-06-09T07:39:43,6,19,0,25
2024-06-09T07:46:53,6,19,0,25
2024-06-09T07:54:01,6,19,0,25
2024-06-09T08:01:10,6,19,0,25
2024-06-09T08:08:19,6,19,0,25
2024-06-09T08:15:28,6,19,0,25
2024-06-09T08:22:47,6,19,0,25
2024-06-09T08:29:56,6,19,0,25
2024-06-09T08:37:05,6,19,0,25
2024-06-09T08:44:14,6,19,0,25
2024-06-09T08:51:23,6,19,0,25
2024-06-09T08:58:33,6,19,0,25
2024-06-09T09:05:42,6,19,0,25
2024-06-09T09:12:51,6,19,0,25
2024-06-09T09:20:01,6,19,0,25
2024-06-09T09:27:10,6,19,0,25
2024-06-09T09:34:19,6,19,0,25
2024-06-09T09:41:29,6,19,0,25
2024-06-09T09:48:38,6,19,0,25
2024-06-09T09:55:47,6,19,0,25
2024-06-09T10:02:55,6,19,0,25
2024-06-09T10:10:04,6,19,0,25
2024-06-09T10:17:12,6,19,0,25
2024-06-09T10:24:21,6,19,0,25
2024-06-09T10:31:29,6,19,0,25
2024-06-09T10:38:38,6,19,0,25
2024-06-09T10:45:47,6,19,0,25
2024-06-09T10:52:55,6,19,0,25
2024-06-09T11:00:04,6,19,0,25
2024-06-09T11:07:12,6,19,0,25
2024-06-09T11:14:20,6,19,0,25
2024-06-09T11:21:29,6,19,0,25
2024-06-09T11:28:37,6,19,0,25
2024-06-09T11:35:45,6,19,0,25
2024-06-09T11:42:54,6,19,0,25
2024-06-09T11:50:03,6,19,0,25
2024-06-09T11:57:11,6,19,0,25
2024-06-09T12:04:20,6,19,0,25
2024-06-09T12:11:29,6,19,0,25
2024-06-09T12:18:46,6,19,0,25
2024-06-09T12:25:55,6,19,0,25
2024-06-09T12:33:03,6,19,0,25
2024-06-09T12:40:12,6,19,0,25
2024-06-09T12:47:20,6,19,0,25
2024-06-09T12:54:29,6,19,0,25
2024-06-09T13:01:37,6,19,0,25
2024-06-09T13:08:46,6,19,0,25
2024-06-09T13:15:54,6,19,0,25
2024-06-09T13:23:02,6,19,0,25
2024-06-09T13:30:10,6,19,0,25
2024-06-09T13:37:18,6,19,0,25
2024-06-09T13:44:27,6,19,0,25
2024-06-09T13:51:35,6,19,0,25
2024-06-09T13:58:43,6,19,0,25
2024-06-09T14:05:51,6,19,0,25
2024-06-09T14:13:00,6,19,0,25
2024-06-09T14:20:17,6,19,0,25
2024-06-09T14:27:26,6,19,0,25
2024-06-09T14:34:34,6,19,0,25
2024-06-09T14:41:42,6,19,0,25
2024-06-09T14:48:50,6,19,0,25
2024-06-09T14:55:59,6,19,0,25
2024-06-09T15:03:07,6,19,0,25
2024-06-09T15:10:15,6,19,0,25
2024-06-09T15:17:24,6,19,0,25
2024-06-09T15:24:33,6,19,0,25
2024-06-09T15:31:41,6,19,0,25
2024-06-09T15:38:58,6,19,0,25
2024-06-09T15:46:06,6,19,0,25
2024-06-09T15:53:14,6,19,0,25
2024-06-09T16:00:23,6,19,0,25
2024-06-09T16:07:31,6,19,0,25
2024-06-09T16:14:40,6,19,0,25
2024-06-09T16:21:48,6,19,0,25
2024-06-09T16:28:57,6,19,0,25
2024-06-09T16:36:05,6,19,0,25
2024-06-09T16:43:13,6,19,0,25
2024-06-09T16:50:21,6,19,0,25
2024-06-09T16:57:39,6,19,0,25
2024-06-09T17:04:47,6,19,0,25
2024-06-09T17:11:56,6,19,0,25
2024-06-09T17:19:04,6,19,0,25
2024-06-09T17:26:12,6,19,0,25
2024-06-09T17:33:21,6,19,0,25
2024-06-09T17:40:29,6,19,0,25
2024-06-09T17:47:37,6,19,0,25
2024-06-09T17:54:46,6,19,0,25
2024-06-09T18:01:54,6,19,0,25
2024-06-09T18:09:02,6,19,0,25
2024-06-09T18:16:11,6,19,0,25
2024-06-09T18:23:19,6,19,0,25
2024-06-09T18:30:27,6,19,0,25
2024-06-09T18:37:36,6,19,0,25
2024-06-09T18:44:44,6,19,0,25
2024-06-09T18:51:53,6,19,0,25
2024-06-09T18:59:13,6,19,0,25
2024-06-09T19:06:21,6,19,0,25
2024-06-09T19:13:29,6,19,0,25
2024-06-09T19:20:38,6,19,0,25
2024-06-09T19:27:46,6,19,0,25
2024-06-09T19:34:54,6,19,0,25
2024-06-09T19:42:03,6,19,0,25
2024-06-09T19:49:11,6,19,0,25
2024-06-09T19:56:19,6,19,0,25
2024-06-09T20:03:28,6,19,0,25
2024-06-09T20:10:36,6,19,0,25
2024-06-09T20:17:44,6,19,0,25
2024-06-09T20:24:53,6,19,0,25
2024-06-09T20:32:01,6,19,0,25
2024-06-09T20:39:09,6,19,0,25
2024-06-09T20:46:18,6,19,0,25
2024-06-09T20:53:26,6,19,0,25
2024-06-09T21:00:34,6,19,0,25
2024-06-09T21:07:43,6,19,0,25
2024-06-09T21:15:02,6,19,0,25
2024-06-09T21:22:11,6,19,0,25
2024-06-09T21:29:19,6,19,0,25
2024-06-09T21:36:28,6,19,0,25
2024-06-09T21:43:38,6,19,0,25
2024-06-09T21:50:49,6,19,0,25
2024-06-09T21:57:58,6,19,0,25
2024-06-09T22:05:06,6,19,0,25
2024-06-09T22:12:15,6,19,0,25
2024-06-09T22:19:23,6,19,0,25
2024-06-09T22:26:31,6,19,0,25
2024-06-09T22:33:40,6,19,0,25
2024-06-09T22:40:48,6,19,0,25
2024-06-09T22:47:57,6,19,0,25
2024-06-09T22:55:05,6,19,0,25
2024-06-09T23:02:14,6,19,0,25
2024-06-09T23:09:31,6,19,0,25
2024-06-09T23:16:40,6,19,0,25
2024-06-09T23:23:48,6,19,0,25
2024-06-09T23:30:57,6,19,0,25
2024-06-09T23:38:07,6,19,0,25
2024-06-09T23:45:16,6,19,0,25
2024-06-09T23:52:24,6,19,0,25
2024-06-09T23:59:39,6,19,0,25
2024-06-10T00:06:50,6,19,0,25
2024-06-10T00:13:59,6,19,0,25
2024-06-10T00:21:08,6,19,0,25
2024-06-10T00:28:20,6,19,0,25
2024-06-10T00:35:30,6,19,0,25
2024-06-10T00:42:54,6,19,0,25
2024-06-10T00:50:13,6,19,0,25
2024-06-10T00:57:44,6,19,0,25
2024-06-10T01:04:53,6,19,0,25
2024-06-10T01:12:10,6,19,0,25
2024-06-10T01:19:22,6,19,0,25
2024-06-10T01:26:34,6,19,0,25
2024-06-10T01:33:52,6,19,0,25
2024-06-10T01:41:01,6,19,0,25
2024-06-10T01:48:11,6,19,0,25
2024-06-10T01:55:20,6,19,0,25
2024-06-10T02:02:29,6,19,0,25
2024-06-10T02:09:38,6,19,0,25
2024-06-10T02:16:47,6,19,0,25
2024-06-10T02:23:57,6,19,0,25
2024-06-10T02:31:07,6,19,0,25
2024-06-10T02:38:54,6,19,0,25
2024-06-10T02:46:04,6,19,0,25
2024-06-10T02:53:13,6,19,0,25
2024-06-10T03:00:22,6,19,0,25
2024-06-10T03:07:40,6,19,0,25
2024-06-10T03:14:49,6,19,0,25
2024-06-10T03:21:58,6,19,0,25
2024-06-10T03:29:08,6,19,0,25
2024-06-10T03:36:17,6,19,0,25
2024-06-10T03:43:26,6,19,0,25
2024-06-10T03:50:36,6,19,0,25
2024-06-10T03:57:45,6,19,0,25
2024-06-10T04:04:54,6,19,0,25
2024-06-10T04:18:39,6,19,0,25
2024-06-10T04:25:49,6,19,0,25
2024-06-10T04:34:30,6,19,0,25
2024-06-10T04:41:40,6,19,0,25
2024-06-10T04:48:49,6,19,0,25
2024-06-10T04:55:59,6,19,0,25
2024-06-10T05:03:08,6,19,0,25
2024-06-10T05:10:17,6,19,0,25
2024-06-10T05:17:26,6,19,0,25
2024-06-10T05:24:36,6,19,0,25
2024-06-10T05:31:44,6,19,0,25
2024-06-10T05:38:53,6,19,0,25
2024-06-10T05:46:03,6,19,0,25
2024-06-10T05:53:12,6,19,0,25
2024-06-10T06:00:21,6,19,0,25
2024-06-10T06:07:30,6,19,0,25
2024-06-10T06:14:39,6,19,0,25
2024-06-10T06:21:48,6,19,0,25
2024-06-10T06:29:01,6,19,0,25
2024-06-10T06:36:11,6,19,0,25
2024-06-10T06:43:20,6,19,0,25
2024-06-10T06:50:29,6,19,0,25
2024-06-10T06:57:49,6,19,0,25
2024-06-10T07:04:59,6,19,0,25
2024-06-10T07:12:08,6,19,0,25
2024-06-10T07:19:17,6,19,0,25
2024-06-10T07:26:26,6,19,0,25
2024-06-10T07:33:35,6,19,0,25
2024-06-10T07:40:43,6,19,0,25
2024-06-10T07:47:52,6,19,0,25
2024-06-10T07:55:01,6,19,0,25
2024-06-10T08:02:09,6,19,0,25
2024-06-10T08:09:18,6,19,0,25
2024-06-10T08:16:26,6,19,0,25
2024-06-10T08:23:35,6,19,0,25
2024-06-10T08:30:44,6,19,0,25
2024-06-10T08:37:52,6,19,0,25
2024-06-10T08:45:00,6,19,0,25
2024-06-10T08:52:09,6,19,0,25
2024-06-10T08:59:18,6,19,0,25
2024-06-10T09:06:27,6,19,0,25
2024-06-10T09:13:35,6,19,0,25
2024-06-10T09:20:44,6,19,0,25
2024-06-10T09:27:53,6,19,0,25
2024-06-10T09:35:01,6,19,0,25
2024-06-10T09:42:26,6,19,0,25
2024-06-10T09:49:35,6,19,0,25
2024-06-10T09:56:43,6,19,0,25
2024-06-10T10:03:52,6,19,0,25
2024-06-10T10:11:01,6,19,0,25
2024-06-10T10:18:09,6,19,0,25
2024-06-10T10:25:18,6,19,0,25
2024-06-10T10:32:27,6,19,0,25
2024-06-10T10:39:36,6,19,0,25
2024-06-10T10:46:45,6,19,0,25
2024-06-10T10:53:54,6,19,0,25
2024-06-10T11:01:03,6,19,0,25
2024-06-10T11:08:11,6,19,0,25
2024-06-10T11:15:20,6,19,0,25
2024-06-10T11:22:39,6,19,0,25
2024-06-10T11:29:48,6,19,0,25
2024-06-10T11:36:57,6,19,0,25
2024-06-10T11:44:06,6,19,0,25
2024-06-10T11:51:14,6,19,0,25
2024-06-10T11:58:23,6,19,0,25
2024-06-10T12:05:32,6,19,0,25
2024-06-10T12:12:43,6,19,0,25
2024-06-10T12:19:53,6,19,0,25
2024-06-10T12:27:31,6,19,0,25
2024-06-10T12:34:40,6,19,0,25
2024-06-10T12:41:49,6,19,0,25
2024-06-10T12:48:57,6,19,0,25
2024-06-10T12:56:06,6,19,0,25
2024-06-10T13:03:24,6,19,0,25
2024-06-10T13:10:32,6,19,0,25
2024-06-10T13:17:41,6,19,0,25
2024-06-10T13:24:50,6,19,0,25
2024-06-10T13:31:59,6,19,0,25
2024-06-10T13:39:07,6,19,0,25
2024-06-10T13:46:16,6,19,0,25
2024-06-10T13:53:35,6,19,0,25
2024-06-10T14:00:43,6,19,0,25
2024-06-10T14:07:52,6,19,0,25
2024-06-10T14:15:01,6,19,0,25
2024-06-10T14:22:10,6,19,0,25
2024-06-10T14:29:20,6,19,0,25
2024-06-10T14:36:30,6,19,0,25
2024-06-10T14:43:38,6,19,0,25
2024-06-10T14:50:46,6,19,0,25
2024-06-10T14:58:05,6,19,0,25
2024-06-10T15:05:14,6,19,0,25
2024-06-10T15:12:22,6,19,0,25
2024-06-10T15:19:31,6,19,0,25
2024-06-10T15:26:40,6,19,0,25
2024-06-10T15:33:48,6,19,0,25
2024-06-10T15:40:56,6,19,0,25
2024-06-10T15:48:05,6,19,0,25
2024-06-10T15:55:14,6,19,0,25
2024-06-10T16:02:34,6,19,0,25
2024-06-10T16:09:43,6,19,0,25
2024-06-10T16:16:53,6,19,0,25
2024-06-10T16:24:03,6,19,0,25
2024-06-10T16:31:11,6,19,0,25
2024-06-10T16:38:20,6,19,0,25
2024-06-10T16:45:28,6,19,0,25
2024-06-10T16:52:37,6,19,0,25
2024-06-10T16:59:46,6,19,0,25
2024-06-10T17:06:55,6,19,0,25
2024-06-10T17:14:04,6,19,0,25
2024-06-10T17:21:12,6,19,0,25
2024-06-10T17:28:31,6,19,0,25
2024-06-10T17:35:39,6,19,0,25
2024-06-10T17:42:48,6,19,0,25
2024-06-10T17:49:56,6,19,0,25
2024-06-10T17:57:04,6,19,0,25
2024-06-10T18:04:13,6,19,0,25
2024-06-10T18:11:22,6,19,0,25
2024-06-10T18:18:30,6,19,0,25
2024-06-10T18:25:39,6,19,0,25
2024-06-10T18:32:47,6,19,0,25
2024-06-10T18:39:56,6,19,0,25
2024-06-10T18:47:04,6,19,0,25
2024-06-10T18:54:13,6,19,0,25
2024-06-10T19:01:31,6,19,0,25
2024-06-10T19:08:40,6,19,0,25
2024-06-10T19:15:48,6,19,0,25
2024-06-10T19:22:57,6,19,0,25
2024-06-10T19:30:05,6,19,0,25
2024-06-10T19:37:13,6,19,0,25
2024-06-10T19:44:22,6,19,0,25
2024-06-10T19:51:30,6,19,0,25
2024-06-10T19:58:39,6,19,0,25
2024-06-10T20:05:47,6,19,0,25
2024-06-10T20:12:56,6,19,0,25
2024-06-10T20:20:04,6,19,0,25
2024-06-10T20:27:12,6,19,0,25
2024-06-10T20:34:21,6,19,0,25
2024-06-10T20:41:29,6,19,0,25
2024-06-10T20:48:48,6,19,0,25
2024-06-10T20:55:57,6,19,0,25
2024-06-10T21:03:05,6,19,0,25
2024-06-10T21:10:13,6,19,0,25
2024-06-10T21:17:22,6,19,0,25
2024-06-10T21:24:30,6,19,0,25
2024-06-10T21:31:39,6,19,0,25
2024-06-10T21:38:47,6,19,0,25
2024-06-10T21:45:56,6,19,0,25
2024-06-10T21:53:09,6,19,0,25
2024-06-10T22:00:17,6,19,0,25
2024-06-10T22:07:26,6,19,0,25
2024-06-10T22:14:34,6,19,0,25
2024-06-10T22:21:43,6,19,0,25
2024-06-10T22:29:02,6,19,0,25
2024-06-10T22:36:11,6,19,0,25
2024-06-10T22:43:20,6,19,0,25
2024-06-10T22:50:28,6,19,0,25
2024-06-10T22:57:36,6,19,0,25
2024-06-10T23:04:45,6,19,0,25
2024-06-10T23:11:53,6,19,0,25
2024-06-10T23:19:02,6,19,0,25
2024-06-10T23:26:11,6,19,0,25
2024-06-10T23:33:20,6,19,0,25
2024-06-10T23:40:28,6,19,0,25
2024-06-10T23:47:40,6,19,0,25
2024-06-10T23:54:48,6,19,0,25
2024-06-11T00:01:57,6,19,0,25
2024-06-11T00:09:30,6,19,0,25
2024-06-11T00:16:39,6,19,0,25
2024-06-11T00:23:49,6,19,0,25
2024-06-11T00:30:59,6,19,0,25
2024-06-11T00:38:09,6,19,0,25
2024-06-11T00:45:19,6,19,0,25
2024-06-11T00:52:29,6,19,0,25
2024-06-11T00:59:39,6,19,0,25
2024-06-11T01:06:48,6,19,0,25
2024-06-11T01:13:57,6,19,0,25
2024-06-11T01:21:07,6,19,0,25
2024-06-11T01:28:17,6,19,0,25
2024-06-11T01:35:27,6,19,0,25
2024-06-11T01:42:37,6,19,0,25
2024-06-11T01:49:48,6,19,0,25
2024-06-11T01:56:57,6,19,0,25
2024-06-11T02:04:07,6,19,0,25
2024-06-11T02:11:16,6,19,0,25
2024-06-11T02:18:25,6,19,0,25
2024-06-11T02:25:34,6,19,0,25
2024-06-11T02:32:43,6,19,0,25
2024-06-11T02:39:52,6,19,0,25
2024-06-11T02:47:01,6,19,0,25
2024-06-11T02:54:10,6,19,0,25
2024-06-11T03:01:18,6,19,0,25
2024-06-11T03:08:31,6,19,0,25
2024-06-11T03:15:40,6,19,0,25
2024-06-11T03:22:49,6,19,0,25
2024-06-11T03:29:58,6,19,0,25
2024-06-11T03:37:07,6,19,0,25
2024-06-11T03:44:16,6,19,0,25
2024-06-11T03:51:24,6,19,0,25
2024-06-11T03:58:34,6,19,0,25
2024-06-11T04:05:54,6,19,0,25
2024-06-11T04:13:03,6,19,0,25
2024-06-11T04:30:30,6,19,0,25
2024-06-11T04:38:00,6,19,0,25
2024-06-11T04:45:19,6,19,0,25
2024-06-11T04:52:29,6,19,0,25
2024-06-11T04:59:39,6,19,0,25
2024-06-11T05:06:50,6,19,0,25
2024-06-11T05:14:00,6,19,0,25
2024-06-11T05:21:09,6,19,0,25
2024-06-11T05:28:18,6,19,0,25
2024-06-11T05:35:27,6,19,0,25
2024-06-11T05:42:37,6,19,0,25
2024-06-11T05:49:47,6,19,0,25
2024-06-11T05:56:57,6,19,0,25
2024-06-11T06:04:07,6,19,0,25
2024-06-11T06:11:20,6,19,0,25
2024-06-11T06:18:29,6,19,0,25
2024-06-11T06:25:38,6,19,0,25
2024-06-11T06:32:47,6,19,0,25
2024-06-11T06:39:57,6,19,0,25
2024-06-11T06:47:06,6,19,0,25
2024-06-11T06:54:15,6,19,0,25
2024-06-11T07:01:27,6,19,0,25
2024-06-11T07:08:37,6,19,0,25
2024-06-11T07:15:46,6,19,0,25
2024-06-11T07:22:56,6,19,0,25
2024-06-11T07:30:05,6,19,0,25
2024-06-11T07:37:15,6,19,0,25
2024-06-11T07:44:24,6,19,0,25
2024-06-11T07:51:33,6,19,0,25
2024-06-11T07:58:42,6,19,0,25
2024-06-11T08:05:51,6,19,0,25
2024-06-11T08:13:01,6,19,0,25
2024-06-11T08:20:19,6,19,0,25
2024-06-11T08:27:28,6,19,0,25
2024-06-11T08:34:37,6,19,0,25
2024-06-11T08:41:47,6,19,0,25
2024-06-11T08:48:56,6,19,0,25
2024-06-11T08:56:05,6,19,0,25
2024-06-11T09:03:14,6,19,0,25
2024-06-11T09:10:23,6,19,0,25
2024-06-11T09:17:32,6,19,0,25
2024-06-11T09:24:42,6,19,0,25
2024-06-11T09:31:51,6,19,0,25
2024-06-11T09:39:00,6,19,0,25
2024-06-11T09:46:10,6,19,0,25
2024-06-11T09:53:19,6,19,0,25
2024-06-11T10:00:28,6,19,0,25
2024-06-11T10:07:39,6,19,0,25
2024-06-11T10:14:48,6,19,0,25
2024-06-11T10:21:56,6,19,0,25
2024-06-11T10:29:05,6,19,0,25
2024-06-11T10:36:14,6,19,0,25
2024-06-11T10:43:22,6,19,0,25
2024-06-11T10:50:31,6,19,0,25
2024-06-11T10:57:51,6,19,0,25
2024-06-11T11:05:00,6,19,0,25
2024-06-11T11:12:09,6,19,0,25
2024-06-11T11:19:18,6,19,0,25
2024-06-11T11:26:27,6,19,0,25
2024-06-11T11:33:36,6,19,0,25
2024-06-11T11:40:45,6,19,0,25
2024-06-11T11:47:53,6,19,0,25
2024-06-11T11:55:02,6,19,0,25
2024-06-11T12:02:10,6,19,0,25
2024-06-11T12:09:19,6,19,0,25
2024-06-11T12:16:28,6,19,0,25
2024-06-11T12:23:36,6,19,0,25
2024-06-11T12:30:55,6,19,0,25
2024-06-11T12:38:04,6,19,0,25
2024-06-11T12:45:12,6,19,0,25
2024-06-11T12:52:21,6,19,0,25
2024-06-11T12:59:30,6,19,0,25
2024-06-11T13:06:38,6,19,0,25
2024-06-11T13:13:47,6,19,0,25
2024-06-11T13:20:56,6,19,0,25
2024-06-11T13:28:04,6,19,0,25
2024-06-11T13:35:13,6,19,0,25
2024-06-11T13:42:21,6,19,0,25
2024-06-11T13:49:29,6,19,0,25
2024-06-11T13:56:38,6,19,0,25
2024-06-11T14:03:50,6,19,0,25
2024-06-11T14:11:08,6,19,0,25
2024-06-11T14:18:16,6,19,0,25
2024-06-11T14:25:25,6,19,0,25
2024-06-11T14:32:33,6,19,0,25
2024-06-11T14:39:42,6,19,0,25
2024-06-11T14:46:51,6,19,0,25
2024-06-11T14:53:59,6,19,0,25
2024-06-11T15:01:08,6,19,0,25
2024-06-11T15:08:17,6,19,0,25
2024-06-11T15:15:26,6,19,0,25
2024-06-11T15:22:35,6,19,0,25
2024-06-11T15:29:55,6,19,0,25
2024-06-11T15:37:04,6,19,0,25
2024-06-11T15:44:12,6,19,0,25
2024-06-11T15:51:21,6,19,0,25
2024-06-11T15:58:29,6,19,0,25
2024-06-11T16:05:38,6,19,0,25
2024-06-11T16:12:46,6,19,0,25
2024-06-11T16:19:55,6,19,0,25
2024-06-11T16:27:03,6,19,0,25
2024-06-11T16:34:12,6,19,0,25
2024-06-11T16:41:20,6,19,0,25
2024-06-11T16:48:40,6,19,0,25
2024-06-11T16:55:48,6,19,0,25
2024-06-11T17:02:57,6,19,0,25
2024-06-11T17:10:06,6,19,0,25
2024-06-11T17:17:15,6,19,0,25
2024-06-11T17:24:23,6,19,0,25
2024-06-11T17:31:31,6,19,0,25
2024-06-11T17:38:40,6,19,0,25
2024-06-11T17:45:49,6,19,0,25
2024-06-11T17:52:57,6,19,0,25
2024-06-11T18:00:17,6,19,0,25
2024-06-11T18:07:25,6,19,0,25
2024-06-11T18:14:33,6,19,0,25
2024-06-11T18:21:42,6,19,0,25
2024-06-11T18:28:51,6,19,0,25
2024-06-11T18:35:59,6,19,0,25
2024-06-11T18:43:08,6,19,0,25
2024-06-11T18:50:16,6,19,0,25
2024-06-11T18:57:25,6,19,0,25
2024-06-11T19:04:33,6,19,0,25
2024-06-11T19:11:42,6,19,0,25
2024-06-11T19:18:53,6,19,0,25
2024-06-11T19:26:11,6,19,0,25
2024-06-11T19:33:19,6,19,0,25
2024-06-11T19:40:28,6,19,0,25
2024-06-11T19:47:36,6,19,0,25
2024-06-11T19:54:44,6,19,0,25
2024-06-11T20:01:53,6,19,0,25
2024-06-11T20:09:02,6,19,0,25
2024-06-11T20:16:11,6,19,0,25
2024-06-11T20:23:20,6,19,0,25
2024-06-11T20:30:28,6,19,0,25
2024-06-11T20:37:36,6,19,0,25
2024-06-11T20:44:45,6,19,0,25
2024-06-11T20:51:53,6,19,0,25
2024-06-11T20:59:02,6,19,0,25
2024-06-11T21:06:11,6,19,0,25
2024-06-11T21:13:33,6,19,0,25
2024-06-11T21:20:42,6,19,0,25
2024-06-11T21:27:52,6,19,0,25
2024-06-11T21:35:01,6,19,0,25
2024-06-11T21:42:10,6,19,0,25
2024-06-11T21:49:19,6,19,0,25
2024-06-11T21:56:28,6,19,0,25
2024-06-11T22:03:37,6,19,0,25
2024-06-11T22:10:45,6,19,0,25
2024-06-11T22:17:54,6,19,0,25
2024-06-11T22:25:02,6,19,0,25
2024-06-11T22:32:11,6,19,0,25
2024-06-11T22:39:20,6,19,0,25
2024-06-11T22:46:28,6,19,0,25
2024-06-11T22:53:37,6,19,0,25
2024-06-11T23:00:56,6,19,0,25
2024-06-11T23:08:05,6,19,0,25
2024-06-11T23:15:13,6,19,0,25
2024-06-11T23:22:22,6,19,0,25
2024-06-11T23:29:30,6,19,0,25
2024-06-11T23:36:39,6,19,0,25
2024-06-11T23:43:48,6,19,0,25
2024-06-11T23:50:56,6,19,0,25
2024-06-11T23:58:05,6,19,0,25
2024-06-12T00:05:14,6,19,0,25
2024-06-12T00:12:23,6,19,0,25
2024-06-12T00:19:34,6,19,0,25
2024-06-12T00:26:43,6,19,0,25
2024-06-12T00:34:02,6,19,0,25
2024-06-12T00:41:11,6,19,0,25
2024-06-12T00:48:22,6,19,0,25
2024-06-12T00:55:32,6,19,0,25
2024-06-12T01:02:42,6,19,0,25
2024-06-12T01:09:51,6,19,0,25
2024-06-12T01:17:01,6,19,0,25
2024-06-12T01:24:11,6,19,0,25
2024-06-12T01:31:20,6,19,0,25
2024-06-12T01:38:30,6,19,0,25
2024-06-12T01:45:45,6,19,0,25
2024-06-12T01:52:55,6,19,0,25
2024-06-12T02:00:05,6,19,0,25
2024-06-12T02:07:16,6,19,0,25
2024-06-12T02:14:25,6,19,0,25
2024-06-12T02:21:35,6,19,0,25
2024-06-12T02:28:44,6,19,0,25
2024-06-12T02:35:53,6,19,0,25
2024-06-12T02:43:03,6,19,0,25
2024-06-12T02:50:12,6,19,0,25
2024-06-12T02:57:21,6,19,0,25
2024-06-12T03:04:30,6,19,0,25
2024-06-12T03:11:40,6,19,0,25
2024-06-12T03:18:58,6,19,0,25
2024-06-12T03:26:07,6,19,0,25
2024-06-12T03:33:16,6,19,0,25
2024-06-12T03:40:25,6,19,0,25
2024-06-12T03:47:34,6,19,0,25
2024-06-12T03:54:46,6,19,0,25
2024-06-12T04:01:56,6,19,0,25
2024-06-12T04:09:21,6,19,0,25
2024-06-12T04:16:31,6,19,0,25
2024-06-12T04:31:59,6,19,0,25
2024-06-12T04:40:23,6,19,0,25
2024-06-12T04:47:50,6,19,0,25
2024-06-12T04:55:01,6,19,0,25
2024-06-12T05:02:11,6,19,0,25
2024-06-12T05:09:23,6,19,0,25
2024-06-12T05:16:33,6,19,0,25
2024-06-12T05:23:42,6,19,0,25
2024-06-12T05:30:51,6,19,0,25
2024-06-12T05:38:01,6,19,0,25
2024-06-12T05:45:10,6,19,0,25
2024-06-12T05:52:19,6,19,0,25
2024-06-12T05:59:28,6,19,0,25
2024-06-12T06:06:38,6,19,0,25
2024-06-12T06:13:48,6,19,0,25
2024-06-12T06:20:57,6,19,0,25
2024-06-12T06:28:09,6,19,0,25
2024-06-12T06:35:18,6,19,0,25
2024-06-12T06:42:28,6,19,0,25
2024-06-12T06:49:38,6,19,0,25
2024-06-12T06:56:51,6,19,0,25
2024-06-12T07:04:01,6,19,0,25
2024-06-12T07:11:15,6,19,0,25
2024-06-12T07:18:25,6,19,0,25
2024-06-12T07:25:35,6,19,0,25
2024-06-12T07:32:44,6,19,0,25
2024-06-12T07:39:53,6,19,0,25
2024-06-12T07:47:02,6,19,0,25
2024-06-12T07:54:11,6,19,0,25
2024-06-12T08:01:19,6,19,0,25
2024-06-12T08:08:29,6,19,0,25
2024-06-12T08:15:38,6,19,0,25
2024-06-12T08:22:48,6,19,0,25
2024-06-12T08:30:08,6,19,0,25
2024-06-12T08:37:22,6,19,0,25
2024-06-12T08:44:30,6,19,0,25
2024-06-12T08:51:39,6,19,0,25
2024-06-12T08:58:49,6,19,0,25
2024-06-12T09:05:58,6,19,0,25
2024-06-12T09:13:06,6,19,0,25
2024-06-12T09:20:16,6,19,0,25
2024-06-12T09:27:25,6,19,0,25
2024-06-12T09:34:34,6,19,0,25
2024-06-12T09:41:43,6,19,0,25
2024-06-12T09:48:52,6,19,0,25
2024-06-12T09:56:00,6,19,0,25
2024-06-12T10:03:11,6,19,0,25
2024-06-12T10:10:20,6,19,0,25
2024-06-12T10:17:29,6,19,0,25
2024-06-12T10:24:47,6,19,0,25
2024-06-12T10:31:57,6,19,0,25
2024-06-12T10:39:06,6,19,0,25
2024-06-12T10:46:14,6,19,0,25
2024-06-12T10:53:23,6,19,0,25
2024-06-12T11:00:31,6,19,0,25
2024-06-12T11:07:40,6,19,0,25
2024-06-12T11:14:49,6,19,0,25
2024-06-12T11:21:57,6,19,0,25
2024-06-12T11:29:06,6,19,0,25
2024-06-12T11:36:15,6,19,0,25
2024-06-12T11:43:24,6,19,0,25
2024-06-12T11:50:42,6,19,0,25
2024-06-12T11:57:51,6,19,0,25
2024-06-12T12:04:59,6,19,0,25
2024-06-12T12:12:08,6,19,0,25
2024-06-12T12:19:16,6,19,0,25
2024-06-12T12:26:25,6,19,0,25
2024-06-12T12:33:33,6,19,0,25
2024-06-12T12:40:42,6,19,0,25
2024-06-12T12:47:51,6,19,0,25
2024-06-12T12:54:59,6,19,0,25
2024-06-12T13:02:08,6,19,0,25
2024-06-12T13:09:28,6,19,0,25
2024-06-12T13:16:36,6,19,0,25
2024-06-12T13:23:45,6,19,0,25
2024-06-12T13:30:53,6,19,0,25
2024-06-12T13:38:02,6,19,0,25
2024-06-12T13:45:11,6,19,0,25
2024-06-12T13:52:19,6,19,0,25
2024-06-12T13:59:28,6,19,0,25
2024-06-12T14:06:36,6,19,0,25
2024-06-12T14:13:45,6,19,0,25
2024-06-12T14:20:53,6,19,0,25
2024-06-12T14:28:04,6,19,0,25
2024-06-12T14:35:12,6,19,0,25
2024-06-12T14:42:30,6,19,0,25
2024-06-12T14:49:39,6,19,0,25
2024-06-12T14:56:47,6,19,0,25
2024-06-12T15:03:56,6,19,0,25
2024-06-12T15:11:04,6,19,0,25
2024-06-12T15:18:13,6,19,0,25
2024-06-12T15:25:23,6,19,0,25
2024-06-12T15:32:33,6,19,0,25
2024-06-12T15:39:51,6,19,0,25
2024-06-12T15:47:00,6,19,0,25
2024-06-12T15:54:09,6,19,0,25
2024-06-12T16:01:17,6,19,0,25
2024-06-12T16:08:26,6,19,0,25
2024-06-12T16:15:34,6,19,0,25
2024-06-12T16:22:43,6,19,0,25
2024-06-12T16:29:52,6,19,0,25
2024-06-12T16:37:00,6,19,0,25
2024-06-12T16:44:09,6,19,0,25
2024-06-12T16:51:18,6,19,0,25
2024-06-12T16:58:36,6,19,0,25
2024-06-12T17:05:45,6,19,0,25
2024-06-12T17:12:53,6,19,0,25
2024-06-12T17:20:02,5,20,0,25
2024-06-12T17:27:10,5,20,0,25
2024-06-12T17:34:19,5,20,0,25
2024-06-12T17:41:27,5,20,0,25
2024-06-12T17:48:36,5,20,0,25
2024-06-12T17:55:44,5,20,0,25
2024-06-12T18:02:53,5,20,0,25
2024-06-12T18:10:01,5,20,0,25
2024-06-12T18:17:22,5,20,0,25
2024-06-12T18:24:30,5,20,0,25
2024-06-12T18:31:39,5,20,0,25
2024-06-12T18:38:47,5,20,0,25
2024-06-12T18:45:55,5,20,0,25
2024-06-12T18:53:04,5,20,0,25
2024-06-12T19:00:12,5,20,0,25
2024-06-12T19:07:21,5,20,0,25
2024-06-12T19:14:30,5,20,0,25
2024-06-12T19:21:38,5,20,0,25
2024-06-12T19:28:46,5,20,0,25
2024-06-12T19:35:55,5,20,0,25
2024-06-12T19:43:04,5,20,0,25
2024-06-12T19:50:23,5,20,0,25
2024-06-12T19:57:31,5,20,0,25
2024-06-12T20:04:39,5,20,0,25
2024-06-12T20:11:48,5,20,0,25
2024-06-12T20:18:56,5,20,0,25
2024-06-12T20:26:04,5,20,0,25
2024-06-12T20:33:13,5,20,0,25
2024-06-12T20:40:21,5,20,0,25
2024-06-12T20:47:30,5,20,0,25
2024-06-12T20:54:39,5,20,0,25
2024-06-12T21:01:47,5,20,0,25
2024-06-12T21:08:56,5,20,0,25
2024-06-12T21:16:05,5,20,0,25
2024-06-12T21:23:14,5,20,0,25
2024-06-12T21:30:33,5,20,0,25
2024-06-12T21:37:42,5,20,0,25
2024-06-12T21:44:51,5,20,0,25
2024-06-12T21:51:59,5,20,0,25
2024-06-12T21:59:08,5,20,0,25
2024-06-12T22:06:16,5,20,0,25
2024-06-12T22:13:25,5,20,0,25
2024-06-12T22:20:33,5,20,0,25
2024-06-12T22:27:42,5,20,0,25
2024-06-12T22:34:50,5,20,0,25
2024-06-12T22:42:00,5,20,0,25
2024-06-12T22:49:08,5,20,0,25
2024-06-12T22:56:17,5,20,0,25
2024-06-12T23:03:25,5,20,0,25
2024-06-12T23:10:34,5,20,0,25
2024-06-12T23:17:43,5,20,0,25
2024-06-12T23:25:02,5,20,0,25
2024-06-12T23:32:11,5,20,0,25
2024-06-12T23:39:19,5,20,0,25
2024-06-12T23:46:28,5,20,0,25
2024-06-12T23:53:36,5,20,0,25
2024-06-13T00:00:45,5,20,0,25
2024-06-13T00:07:54,5,20,0,25
2024-06-13T00:15:03,5,20,0,25
2024-06-13T00:22:12,5,20,0,25
2024-06-13T00:29:21,5,20,0,25
2024-06-13T00:36:31,5,20,0,25
2024-06-13T00:43:41,5,20,0,25
2024-06-13T00:50:51,5,20,0,25
2024-06-13T00:58:01,5,20,0,25
2024-06-13T01:05:11,5,20,0,25
2024-06-13T01:12:21,5,20,0,25
2024-06-13T01:19:33,5,20,0,25
2024-06-13T01:26:53,5,20,0,25
2024-06-13T01:34:04,5,20,0,25
2024-06-13T01:41:14,5,20,0,25
2024-06-13T01:48:23,5,20,0,25
2024-06-13T01:55:33,5,20,0,25
2024-06-13T02:02:47,5,20,0,25
2024-06-13T02:09:58,5,20,0,25
2024-06-13T02:17:07,5,20,0,25
2024-06-13T02:24:16,5,20,0,25
2024-06-13T02:31:25,5,20,0,25
2024-06-13T02:38:35,5,20,0,25
2024-06-13T02:45:45,5,20,0,25
2024-06-13T02:52:54,5,20,0,25
2024-06-13T03:00:03,5,20,0,25
2024-06-13T03:07:12,5,20,0,25
2024-06-13T03:14:21,5,20,0,25
2024-06-13T03:21:30,5,20,0,25
2024-06-13T03:28:40,5,20,0,25
2024-06-13T03:35:49,5,20,0,25
2024-06-13T03:42:59,5,20,0,25
2024-06-13T03:50:09,5,20,0,25
2024-06-13T03:57:19,5,20,0,25
2024-06-13T04:04:28,5,20,0,25
2024-06-13T04:11:49,5,20,0,25
2024-06-13T04:29:15,5,20,0,25
2024-06-13T04:36:24,5,20,0,25
2024-06-13T04:45:18,5,20,0,25
2024-06-13T04:52:29,5,20,0,25
2024-06-13T04:59:40,5,20,0,25
2024-06-13T05:06:50,5,20,0,25
2024-06-13T05:14:14,5,20,0,25
2024-06-13T05:21:23,5,20,0,25
2024-06-13T05:28:33,5,20,0,25
2024-06-13T05:35:42,5,20,0,25
2024-06-13T05:42:52,5,20,0,25
2024-06-13T05:50:01,5,20,0,25
2024-06-13T05:57:10,5,20,0,25
2024-06-13T06:04:23,5,20,0,25
2024-06-13T06:11:32,5,20,0,25
2024-06-13T06:18:42,5,20,0,25
2024-06-13T06:25:51,5,20,0,25
2024-06-13T06:32:59,5,20,0,25
2024-06-13T06:40:09,5,20,0,25
2024-06-13T06:47:18,5,20,0,25
2024-06-13T06:54:27,5,20,0,25
2024-06-13T07:01:39,5,20,0,25
2024-06-13T07:08:49,5,20,0,25
2024-06-13T07:15:58,5,20,0,25
2024-06-13T07:23:15,5,20,0,25
2024-06-13T07:30:24,5,20,0,25
2024-06-13T07:37:32,5,20,0,25
2024-06-13T07:44:41,5,20,0,25
2024-06-13T07:51:50,5,20,0,25
2024-06-13T07:58:59,5,20,0,25
2024-06-13T08:06:09,5,20,0,25
2024-06-13T08:13:18,5,20,0,25
2024-06-13T08:20:29,5,20,0,25
2024-06-13T08:27:38,5,20,0,25
2024-06-13T08:34:46,5,20,0,25
2024-06-13T08:41:55,5,20,0,25
2024-06-13T08:49:06,5,20,0,25
2024-06-13T08:56:15,5,20,0,25
2024-06-13T09:03:24,5,20,0,25
2024-06-13T09:10:33,5,20,0,25
2024-06-13T09:17:42,5,20,0,25
2024-06-13T09:24:51,5,20,0,25
2024-06-13T09:32:00,5,20,0,25
2024-06-13T09:39:09,5,20,0,25
2024-06-13T09:46:18,5,20,0,25
2024-06-13T09:53:38,5,20,0,25
2024-06-13T10:00:47,5,20,0,25
2024-06-13T10:07:58,5,20,0,25
2024-06-13T10:15:08,5,20,0,25
2024-06-13T10:22:18,5,20,0,25
2024-06-13T10:29:27,5,20,0,25
2024-06-13T10:36:37,5,20,0,25
2024-06-13T10:43:45,5,20,0,25
2024-06-13T10:50:55,5,20,0,25
2024-06-13T10:58:06,5,20,0,25
2024-06-13T11:05:15,5,20,0,25
2024-06-13T11:12:23,5,20,0,25
2024-06-13T11:19:32,5,20,0,25
2024-06-13T11:26:50,5,20,0,25
2024-06-13T11:33:59,5,20,0,25
2024-06-13T11:41:08,5,20,0,25
2024-06-13T11:48:16,5,20,0,25
2024-06-13T11:55:25,5,20,0,25
2024-06-13T12:02:34,5,20,0,25
2024-06-13T12:09:43,5,20,0,25
2024-06-13T12:16:54,5,20,0,25
2024-06-13T12:24:12,5,20,0,25
2024-06-13T12:31:21,5,20,0,25
2024-06-13T12:38:29,5,20,0,25
2024-06-13T12:45:38,5,20,0,25
2024-06-13T12:52:46,5,20,0,25
2024-06-13T12:59:55,5,20,0,25
2024-06-13T13:07:04,5,20,0,25
2024-06-13T13:14:13,5,20,0,25
2024-06-13T13:21:22,5,20,0,25
2024-06-13T13:28:30,5,20,0,25
2024-06-13T13:35:39,5,20,0,25
2024-06-13T13:43:04,5,20,0,25
2024-06-13T13:50:12,5,20,0,25
2024-06-13T13:57:21,5,20,0,25
2024-06-13T14:04:29,5,20,0,25
2024-06-13T14:11:38,5,20,0,25
2024-06-13T14:18:46,5,20,0,25
2024-06-13T14:25:57,5,20,0,25
2024-06-13T14:33:05,5,20,0,25
2024-06-13T14:40:13,5,20,0,25
2024-06-13T14:47:22,5,20,0,25
2024-06-13T14:54:30,5,20,0,25
2024-06-13T15:01:48,5,20,0,25
2024-06-13T15:08:57,5,20,0,25
2024-06-13T15:16:06,5,20,0,25
2024-06-13T15:23:17,5,20,0,25
2024-06-13T15:30:26,5,20,0,25
2024-06-13T15:37:35,5,20,0,25
2024-06-13T15:44:43,5,20,0,25
2024-06-13T15:51:52,5,20,0,25
2024-06-13T15:59:12,5,20,0,25
2024-06-13T16:06:21,5,20,0,25
2024-06-13T16:13:30,5,20,0,25
2024-06-13T16:20:38,5,20,0,25
2024-06-13T16:27:46,5,20,0,25
2024-06-13T16:34:57,5,20,0,25
2024-06-13T16:42:05,5,20,0,25
2024-06-13T16:49:13,5,20,0,25
2024-06-13T16:56:22,5,20,0,25
2024-06-13T17:03:31,5,20,0,25
2024-06-13T17:10:40,5,20,0,25
2024-06-13T17:17:48,5,20,0,25
2024-06-13T17:24:57,5,20,0,25
2024-06-13T17:32:05,5,20,0,25
2024-06-13T17:39:24,5,20,0,25
2024-06-13T17:46:33,5,20,0,25
2024-06-13T17:53:41,5,20,0,25
2024-06-13T18:00:50,5,20,0,25
2024-06-13T18:07:58,5,20,0,25
2024-06-13T18:15:07,5,20,0,25
2024-06-13T18:22:16,5,20,0,25
2024-06-13T18:29:25,5,20,0,25
2024-06-13T18:36:35,5,20,0,25
2024-06-13T18:43:44,5,20,0,25
2024-06-13T18:50:53,5,20,0,25
2024-06-13T18:58:01,5,20,0,25
2024-06-13T19:05:10,5,20,0,25
2024-06-13T19:12:18,5,20,0,25
2024-06-13T19:19:38,5,20,0,25
2024-06-13T19:26:46,5,20,0,25
2024-06-13T19:33:55,5,20,0,25
2024-06-13T19:41:04,5,20,0,25
2024-06-13T19:48:12,5,20,0,25
2024-06-13T19:55:21,5,20,0,25
2024-06-13T20:02:29,5,20,0,25
2024-06-13T20:09:38,5,20,0,25
2024-06-13T20:16:48,5,20,0,25
2024-06-13T20:23:57,5,20,0,25
2024-06-13T20:31:05,5,20,0,25
2024-06-13T20:38:14,5,20,0,25
2024-06-13T20:45:22,5,20,0,25
2024-06-13T20:52:30,5,20,0,25
2024-06-13T20:59:39,5,20,0,25
2024-06-13T21:06:50,5,20,0,25
2024-06-13T21:13:59,5,20,0,25
2024-06-13T21:21:18,5,20,0,25
2024-06-13T21:28:26,5,20,0,25
2024-06-13T21:35:35,5,20,0,25
2024-06-13T21:42:44,5,20,0,25
2024-06-13T21:49:53,5,20,0,25
2024-06-13T21:57:02,5,20,0,25
2024-06-13T22:04:13,5,20,0,25
2024-06-13T22:11:22,5,20,0,25
2024-06-13T22:18:30,5,20,0,25
2024-06-13T22:25:40,5,20,0,25
2024-06-13T22:32:49,5,20,0,25
2024-06-13T22:39:58,5,20,0,25
2024-06-13T22:47:06,5,20,0,25
2024-06-13T22:54:15,5,20,0,25
2024-06-13T23:01:23,5,20,0,25
2024-06-13T23:08:32,5,20,0,25
2024-06-13T23:15:41,5,20,0,25
2024-06-13T23:23:00,5,20,0,25
2024-06-13T23:30:09,5,20,0,25
2024-06-13T23:37:17,5,20,0,25
2024-06-13T23:44:26,5,20,0,25
2024-06-13T23:51:35,5,20,0,25
2024-06-13T23:58:44,5,20,0,25
2024-06-14T00:05:55,5,20,0,25
2024-06-14T00:13:05,5,20,0,25
2024-06-14T00:20:14,5,20,0,25
2024-06-14T00:27:24,5,20,0,25
2024-06-14T00:34:33,5,20,0,25
2024-06-14T00:41:45,5,20,0,25
2024-06-14T00:48:55,5,20,0,25
2024-06-14T00:56:05,5,20,0,25
2024-06-14T01:03:14,5,20,0,25
2024-06-14T01:10:24,5,20,0,25
2024-06-14T01:17:34,5,20,0,25
2024-06-14T01:24:46,5,20,0,25
2024-06-14T01:31:57,5,20,0,25
2024-06-14T01:39:16,5,20,0,25
2024-06-14T01:46:27,5,20,0,25
2024-06-14T01:53:37,5,20,0,25
2024-06-14T02:00:47,5,20,0,25
2024-06-14T02:07:58,5,20,0,25
2024-06-14T02:15:08,5,20,0,25
2024-06-14T02:22:18,5,20,0,25
2024-06-14T02:29:29,5,20,0,25
2024-06-14T02:36:39,5,20,0,25
2024-06-14T02:43:51,5,20,0,25
2024-06-14T02:51:00,5,20,0,25
2024-06-14T02:58:10,5,20,0,25
2024-06-14T03:05:20,5,20,0,25
2024-06-14T03:12:43,5,20,0,25
2024-06-14T03:19:53,5,20,0,25
2024-06-14T03:27:05,5,20,0,25
2024-06-14T03:34:15,5,20,0,25
2024-06-14T03:41:25,5,20,0,25
2024-06-14T03:48:34,5,20,0,25
2024-06-14T03:55:43,5,20,0,25
2024-06-14T04:02:54,5,20,0,25
2024-06-14T04:10:04,5,20,0,25
2024-06-14T04:17:13,5,20,0,25
2024-06-14T04:32:15,5,20,0,25
2024-06-14T04:41:02,5,20,0,25
2024-06-14T04:48:20,5,20,0,25
2024-06-14T04:55:29,5,20,0,25
2024-06-14T05:02:40,5,20,0,25
2024-06-14T05:09:50,5,20,0,25
2024-06-14T05:16:59,5,20,0,25
2024-06-14T05:24:08,5,20,0,25
2024-06-14T05:31:17,5,20,0,25
2024-06-14T05:38:26,5,20,0,25
2024-06-14T05:45:35,5,20,0,25
2024-06-14T05:52:43,5,20,0,25
2024-06-14T05:59:52,5,20,0,25
2024-06-14T06:07:01,5,20,0,25
2024-06-14T06:14:10,5,20,0,25
2024-06-14T06:21:21,5,20,0,25
2024-06-14T06:28:29,5,20,0,25
2024-06-14T06:35:37,5,20,0,25
2024-06-14T06:42:45,5,20,0,25
2024-06-14T06:49:53,5,20,0,25
2024-06-14T06:57:03,5,20,0,25
2024-06-14T07:04:11,5,20,0,25
2024-06-14T07:11:19,5,20,0,25
2024-06-14T07:18:27,5,20,0,25
2024-06-14T07:25:35,5,20,0,25
2024-06-14T07:32:43,5,20,0,25
2024-06-14T07:39:51,5,20,0,25
2024-06-14T07:47:07,5,20,0,25
2024-06-14T07:54:14,5,20,0,25
2024-06-14T08:01:23,5,20,0,25
2024-06-14T08:08:31,5,20,0,25
2024-06-14T08:15:39,5,20,0,25
2024-06-14T08:22:47,5,20,0,25
2024-06-14T08:29:55,5,20,0,25
2024-06-14T08:37:02,5,20,0,25
2024-06-14T08:44:12,5,20,0,25
2024-06-14T08:51:19,5,20,0,25
2024-06-14T08:58:27,5,20,0,25
2024-06-14T09:05:35,5,20,0,25
2024-06-14T09:12:43,5,20,0,25
2024-06-14T09:19:50,5,20,0,25
2024-06-14T09:26:57,5,20,0,25
2024-06-14T09:34:04,5,20,0,25
2024-06-14T09:41:12,5,20,0,25
2024-06-14T09:48:20,5,20,0,25
2024-06-14T09:55:27,5,20,0,25
2024-06-14T10:02:37,5,20,0,25
2024-06-14T10:09:45,5,20,0,25
2024-06-14T10:17:04,5,20,0,25
2024-06-14T10:24:11,5,20,0,25
2024-06-14T10:31:18,5,20,0,25
2024-06-14T10:38:25,5,20,0,25
2024-06-14T10:45:33,5,20,0,25
2024-06-14T10:52:40,5,20,0,25
2024-06-14T10:59:49,5,20,0,25
2024-06-14T11:06:58,5,20,0,25
2024-06-14T11:14:05,5,20,0,25
2024-06-14T11:21:13,5,20,0,25
2024-06-14T11:28:20,5,20,0,25
2024-06-14T11:35:27,5,20,0,25
2024-06-14T11:42:46,5,20,0,25
2024-06-14T11:49:53,5,20,0,25
2024-06-14T11:57:01,5,20,0,25
2024-06-14T12:04:11,5,20,0,25
2024-06-14T12:11:19,5,20,0,25
2024-06-14T12:18:28,5,20,0,25
2024-06-14T12:25:36,5,20,0,25
2024-06-14T12:32:43,5,20,0,25
2024-06-14T12:39:51,5,20,0,25
2024-06-14T12:46:58,5,20,0,25
2024-06-14T12:54:17,5,20,0,25
2024-06-14T13:01:24,5,20,0,25
2024-06-14T13:08:31,5,20,0,25
2024-06-14T13:15:39,5,20,0,25
2024-06-14T13:22:47,5,20,0,25
2024-06-14T13:29:55,5,20,0,25
2024-06-14T13:37:02,5,20,0,25
2024-06-14T13:44:09,5,20,0,25
2024-06-14T13:51:16,5,20,0,25
2024-06-14T13:58:25,5,20,0,25
2024-06-14T14:05:34,5,20,0,25
2024-06-14T14:12:42,5,20,0,25
2024-06-14T14:19:59,5,20,0,25
2024-06-14T14:27:06,5,20,0,25
2024-06-14T14:34:14,5,20,0,25
2024-06-14T14:41:21,5,20,0,25
2024-06-14T14:48:29,5,20,0,25
2024-06-14T14:55:36,5,20,0,25
2024-06-14T15:02:43,5,20,0,25
2024-06-14T15:09:51,5,20,0,25
2024-06-14T15:16:58,5,20,0,25
2024-06-14T15:24:08,5,20,0,25
2024-06-14T15:31:26,5,20,0,25
2024-06-14T15:38:33,5,20,0,25
2024-06-14T15:45:41,5,20,0,25
2024-06-14T15:52:49,4,21,0,25
2024-06-14T15:59:57,4,21,0,25
2024-06-14T16:07:04,4,21,0,25
2024-06-14T16:14:11,4,21,0,25
2024-06-14T16:21:19,4,21,0,25
2024-06-14T16:28:29,4,21,0,25
2024-06-14T16:35:36,4,21,0,25
2024-06-14T16:42:43,4,21,0,25
2024-06-14T16:49:50,4,21,0,25
2024-06-14T16:56:57,4,21,0,25
2024-06-14T17:04:04,4,21,0,25
2024-06-14T17:11:24,4,21,0,25
2024-06-14T17:18:33,4,21,0,25
2024-06-14T17:25:40,4,21,0,25
2024-06-14T17:32:48,4,21,0,25
2024-06-14T17:39:55,4,21,0,25
2024-06-14T17:47:02,4,21,0,25
2024-06-14T17:54:10,4,21,0,25
2024-06-14T18:01:20,4,21,0,25
2024-06-14T18:08:27,4,21,0,25
2024-06-14T18:15:35,4,21,0,25
2024-06-14T18:22:42,4,21,0,25
2024-06-14T18:29:49,4,21,0,25
2024-06-14T18:36:56,4,21,0,25
2024-06-14T18:44:03,4,21,0,25
2024-06-14T18:51:21,4,21,0,25
2024-06-14T18:58:29,4,21,0,25
2024-06-14T19:05:37,4,21,0,25
2024-06-14T19:12:44,4,21,0,25
2024-06-14T19:19:53,4,21,0,25
2024-06-14T19:27:00,4,21,0,25
2024-06-14T19:34:08,4,21,0,25
2024-06-14T19:41:15,4,21,0,25
2024-06-14T19:48:22,4,21,0,25
2024-06-14T19:55:29,4,21,0,25
2024-06-14T20:02:39,4,21,0,25
2024-06-14T20:09:46,4,21,0,25
2024-06-14T20:16:54,4,21,0,25
2024-06-14T20:24:01,4,21,0,25
2024-06-14T20:31:08,4,21,0,25
2024-06-14T20:38:15,4,21,0,25
2024-06-14T20:45:22,4,21,0,25
2024-06-14T20:52:30,4,21,0,25
2024-06-14T20:59:48,4,21,0,25
2024-06-14T21:06:55,4,21,0,25
2024-06-14T21:14:04,4,21,0,25
2024-06-14T21:21:11,4,21,0,25
2024-06-14T21:28:19,4,21,0,25
2024-06-14T21:35:26,4,21,0,25
2024-06-14T21:42:34,4,21,0,25
2024-06-14T21:49:41,4,21,0,25
2024-06-14T21:56:48,4,21,0,25
2024-06-14T22:03:58,4,21,0,25
2024-06-14T22:11:06,4,21,0,25
2024-06-14T22:18:13,4,21,0,25
2024-06-14T22:25:20,4,21,0,25
2024-06-14T22:32:27,4,21,0,25
2024-06-14T22:39:36,4,21,0,25
2024-06-14T22:46:44,4,21,0,25
2024-06-14T22:53:51,4,21,0,25
2024-06-14T23:00:58,4,21,0,25
2024-06-14T23:08:17,4,21,0,25
2024-06-14T23:15:25,4,21,0,25
2024-06-14T23:22:33,4,21,0,25
2024-06-14T23:29:40,4,21,0,25
2024-06-14T23:36:48,4,21,0,25
2024-06-14T23:43:56,4,21,0,25
2024-06-14T23:51:03,4,21,0,25
2024-06-14T23:58:10,4,21,0,25
2024-06-15T00:05:21,4,21,0,25
2024-06-15T00:12:29,4,21,0,25
2024-06-15T00:19:38,4,21,0,25
2024-06-15T00:26:46,4,21,0,25
2024-06-15T00:33:55,4,21,0,25
2024-06-15T00:41:03,4,21,0,25
2024-06-15T00:48:12,4,21,0,25
2024-06-15T00:55:21,4,21,0,25
2024-06-15T01:02:30,4,21,0,25
2024-06-15T01:09:39,4,21,0,25
2024-06-15T01:16:58,4,21,0,25
2024-06-15T01:24:07,4,21,0,25
2024-06-15T01:31:16,4,21,0,25
2024-06-15T01:38:25,4,21,0,25
2024-06-15T01:45:33,4,21,0,25
2024-06-15T01:52:42,4,21,0,25
2024-06-15T01:59:50,4,21,0,25
2024-06-15T02:06:59,4,21,0,25
2024-06-15T02:14:07,4,21,0,25
2024-06-15T02:21:18,4,21,0,25
2024-06-15T02:28:27,4,21,0,25
2024-06-15T02:35:35,4,21,0,25
2024-06-15T02:42:43,4,21,0,25
2024-06-15T02:49:51,4,21,0,25
2024-06-15T02:56:59,4,21,0,25
2024-06-15T03:04:08,4,21,0,25
2024-06-15T03:11:16,4,21,0,25
2024-06-15T03:18:24,4,21,0,25
2024-06-15T03:25:33,4,21,0,25
2024-06-15T03:32:41,4,21,0,25
2024-06-15T03:39:49,4,21,0,25
2024-06-15T03:46:57,4,21,0,25
2024-06-15T03:54:05,4,21,0,25
2024-06-15T04:01:13,4,21,0,25
2024-06-15T04:08:21,4,21,0,25
2024-06-15T04:24:53,4,21,0,25
2024-06-15T04:32:01,4,21,0,25
2024-06-15T04:39:56,4,21,0,25
2024-06-15T04:47:43,4,21,0,25
2024-06-15T04:55:13,4,21,0,25
2024-06-15T05:02:20,4,21,0,25
2024-06-15T05:09:28,4,21,0,25
2024-06-15T05:16:35,4,21,0,25
2024-06-15T05:23:45,4,21,0,25
2024-06-15T05:31:03,4,21,0,25
2024-06-15T05:38:40,4,21,0,25
2024-06-15T05:45:48,4,21,0,25
2024-06-15T05:52:56,4,21,0,25
2024-06-15T06:00:04,4,21,0,25
2024-06-15T06:07:12,4,21,0,25
2024-06-15T06:14:23,4,21,0,25
2024-06-15T06:21:31,4,21,0,25
2024-06-15T06:28:38,4,21,0,25
2024-06-15T06:35:47,4,21,0,25
2024-06-15T06:42:55,4,21,0,25
2024-06-15T06:50:03,4,21,0,25
2024-06-15T06:57:14,4,21,0,25
2024-06-15T07:04:25,4,21,0,25
2024-06-15T07:11:34,4,21,0,25
2024-06-15T07:18:42,4,21,0,25
2024-06-15T07:25:50,4,21,0,25
2024-06-15T07:32:59,4,21,0,25
2024-06-15T07:40:07,4,21,0,25
2024-06-15T07:47:23,4,21,0,25
2024-06-15T07:54:31,4,21,0,25
2024-06-15T08:01:39,4,21,0,25
2024-06-15T08:08:47,4,21,0,25
2024-06-15T08:15:55,4,21,0,25
2024-06-15T08:23:04,4,21,0,25
2024-06-15T08:30:12,4,21,0,25
2024-06-15T08:37:21,4,21,0,25
2024-06-15T08:44:29,4,21,0,25
2024-06-15T08:51:38,4,21,0,25
2024-06-15T08:58:46,4,21,0,25
2024-06-15T09:05:54,4,21,0,25
2024-06-15T09:13:06,4,21,0,25
2024-06-15T09:20:14,4,21,0,25
2024-06-15T09:27:23,4,21,0,25
2024-06-15T09:34:35,4,21,0,25
2024-06-15T09:41:46,4,21,0,25
2024-06-15T09:48:55,4,21,0,25
2024-06-15T09:56:05,4,21,0,25
2024-06-15T10:03:24,4,21,0,25
2024-06-15T10:10:32,4,21,0,25
2024-06-15T10:17:40,4,21,0,25
2024-06-15T10:24:48,4,21,0,25
2024-06-15T10:31:55,4,21,0,25
2024-06-15T10:39:03,4,21,0,25
2024-06-15T10:46:11,4,21,0,25
2024-06-15T10:53:18,4,21,0,25
2024-06-15T11:00:26,4,21,0,25
2024-06-15T11:07:34,4,21,0,25
2024-06-15T11:14:42,4,21,0,25
2024-06-15T11:21:52,4,21,0,25
2024-06-15T11:29:01,4,21,0,25
2024-06-15T11:36:11,4,21,0,25
2024-06-15T11:43:18,4,21,0,25
2024-06-15T11:50:29,4,21,0,25
2024-06-15T11:57:37,4,21,0,25
2024-06-15T12:04:55,4,21,0,25
2024-06-15T12:12:03,4,21,0,25
2024-06-15T12:19:11,4,21,0,25
2024-06-15T12:26:18,4,21,0,25
2024-06-15T12:33:28,4,21,0,25
2024-06-15T12:40:36,4,21,0,25
2024-06-15T12:47:43,4,21,0,25
2024-06-15T12:54:50,4,21,0,25
2024-06-15T13:01:57,4,21,0,25
2024-06-15T13:09:07,4,21,0,25
2024-06-15T13:16:14,4,21,0,25
2024-06-15T13:23:22,4,21,0,25
2024-06-15T13:30:30,4,21,0,25
2024-06-15T13:37:38,4,21,0,25
2024-06-15T13:44:55,4,21,0,25
2024-06-15T13:52:02,4,21,0,25
2024-06-15T13:59:10,4,21,0,25
2024-06-15T14:06:17,4,21,0,25
2024-06-15T14:13:24,4,21,0,25
2024-06-15T14:20:30,4,21,0,25
2024-06-15T14:27:37,4,21,0,25
2024-06-15T14:34:44,4,21,0,25
2024-06-15T14:41:52,4,21,0,25
2024-06-15T14:49:01,4,21,0,25
2024-06-15T14:56:08,4,21,0,25
2024-06-15T15:03:15,4,21,0,25
2024-06-15T15:10:22,4,21,0,25
2024-06-15T15:17:30,4,21,0,25
2024-06-15T15:24:37,4,21,0,25
2024-06-15T15:31:54,4,21,0,25
2024-06-15T15:39:01,4,21,0,25
2024-06-15T15:46:08,4,21,0,25
2024-06-15T15:53:15,4,21,0,25
2024-06-15T16:00:23,4,21,0,25
2024-06-15T16:07:30,4,21,0,25
2024-06-15T16:14:37,4,21,0,25
2024-06-15T16:21:44,4,21,0,25
2024-06-15T16:28:51,4,21,0,25
2024-06-15T16:35:59,4,21,0,25
2024-06-15T16:43:08,4,21,0,25
2024-06-15T16:50:15,4,21,0,25
2024-06-15T16:57:23,4,21,0,25
2024-06-15T17:04:30,4,21,0,25
2024-06-15T17:11:47,4,21,0,25
2024-06-15T17:18:54,4,21,0,25
2024-06-15T17:26:02,4,21,0,25
2024-06-15T17:33:09,4,21,0,25
2024-06-15T17:40:17,4,21,0,25
2024-06-15T17:47:24,4,21,0,25
2024-06-15T17:54:31,4,21,0,25
2024-06-15T18:01:40,4,21,0,25
2024-06-15T18:08:47,4,21,0,25
2024-06-15T18:15:54,4,21,0,25
2024-06-15T18:23:02,4,21,0,25
2024-06-15T18:30:08,4,21,0,25
2024-06-15T18:37:16,4,21,0,25
2024-06-15T18:44:23,4,21,0,25
2024-06-15T18:51:41,4,21,0,25
2024-06-15T18:58:47,4,21,0,25
2024-06-15T19:05:54,4,21,0,25
2024-06-15T19:13:02,4,21,0,25
2024-06-15T19:20:09,4,21,0,25
2024-06-15T19:27:17,4,21,0,25
2024-06-15T19:34:24,4,21,0,25
2024-06-15T19:41:31,4,21,0,25
2024-06-15T19:48:38,4,21,0,25
2024-06-15T19:55:45,4,21,0,25
2024-06-15T20:02:55,4,21,0,25
2024-06-15T20:10:02,4,21,0,25
2024-06-15T20:17:09,4,21,0,25
2024-06-15T20:24:17,4,21,0,25
2024-06-15T20:31:24,4,21,0,25
2024-06-15T20:38:31,4,21,0,25
2024-06-15T20:45:39,4,21,0,25
2024-06-15T20:52:46,4,21,0,25
2024-06-15T21:00:04,4,21,0,25
2024-06-15T21:07:11,4,21,0,25
2024-06-15T21:14:19,4,21,0,25
2024-06-15T21:21:27,4,21,0,25
2024-06-15T21:28:34,4,21,0,25
2024-06-15T21:35:42,4,21,0,25
2024-06-15T21:42:50,4,21,0,25
2024-06-15T21:49:58,4,21,0,25
2024-06-15T21:57:06,4,21,0,25
2024-06-15T22:04:16,4,21,0,25
2024-06-15T22:11:23,4,21,0,25
2024-06-15T22:18:30,4,21,0,25
2024-06-15T22:25:37,4,21,0,25
2024-06-15T22:32:44,4,21,0,25
2024-06-15T22:39:51,4,21,0,25
2024-06-15T22:46:59,4,21,0,25
2024-06-15T22:54:06,4,21,0,25
2024-06-15T23:01:23,4,21,0,25
2024-06-15T23:08:31,4,21,0,25
2024-06-15T23:15:38,4,21,0,25
2024-06-15T23:22:45,4,21,0,25
2024-06-15T23:29:52,4,21,0,25
2024-06-15T23:36:59,4,21,0,25
2024-06-15T23:44:07,4,21,0,25
2024-06-15T23:51:14,4,21,0,25
2024-06-15T23:58:21,4,21,0,25
2024-06-16T00:05:31,4,21,0,25
2024-06-16T00:12:38,4,21,0,25
2024-06-16T00:19:45,4,21,0,25
2024-06-16T00:26:52,4,21,0,25
2024-06-16T00:43:54,4,21,0,25
2024-06-16T00:51:01,4,21,0,25
2024-06-16T00:58:08,4,21,0,25
2024-06-16T01:05:15,4,21,0,25
2024-06-16T01:12:33,4,21,0,25
2024-06-16T01:19:40,4,21,0,25
2024-06-16T01:26:47,4,21,0,25
2024-06-16T01:33:54,4,21,0,25
2024-06-16T01:41:01,4,21,0,25
2024-06-16T01:48:08,4,21,0,25
2024-06-16T01:55:16,4,21,0,25
2024-06-16T02:02:23,4,21,0,25
2024-06-16T02:09:31,4,21,0,25
2024-06-16T02:16:39,4,21,0,25
2024-06-16T02:23:46,4,21,0,25
2024-06-16T02:30:53,4,21,0,25
2024-06-16T02:38:02,4,21,0,25
2024-06-16T02:45:09,4,21,0,25
2024-06-16T02:52:17,4,21,0,25
2024-06-16T02:59:24,4,21,0,25
2024-06-16T03:06:31,4,21,0,25
2024-06-16T03:13:38,4,21,0,25
2024-06-16T03:20:45,4,21,0,25
2024-06-16T03:27:53,4,21,0,25
2024-06-16T03:35:00,4,21,0,25
2024-06-16T03:42:07,4,21,0,25
2024-06-16T03:49:15,4,21,0,25
2024-06-16T03:56:22,4,21,0,25
2024-06-16T04:03:34,4,21,0,25
2024-06-16T04:18:58,4,21,0,25
2024-06-16T04:27:28,4,21,0,25
2024-06-16T04:34:58,4,21,0,25
2024-06-16T04:42:07,4,21,0,25
2024-06-16T04:49:17,4,21,0,25
2024-06-16T04:56:27,4,21,0,25
2024-06-16T05:03:38,4,21,0,25
2024-06-16T05:10:49,4,21,0,25
2024-06-16T05:18:03,4,21,0,25
2024-06-16T05:25:11,4,21,0,25
2024-06-16T05:32:20,4,21,0,25
2024-06-16T05:39:29,4,21,0,25
2024-06-16T05:46:39,4,21,0,25
2024-06-16T05:53:48,4,21,0,25
2024-06-16T06:00:57,4,21,0,25
2024-06-16T06:08:05,4,21,0,25
2024-06-16T06:15:14,4,21,0,25
2024-06-16T06:22:22,4,21,0,25
2024-06-16T06:29:30,4,21,0,25
2024-06-16T06:36:38,4,21,0,25
2024-06-16T06:43:46,4,21,0,25
2024-06-16T06:50:55,4,21,0,25
2024-06-16T06:58:07,4,21,0,25
2024-06-16T07:05:16,4,21,0,25
2024-06-16T07:12:25,4,21,0,25
2024-06-16T07:19:36,4,21,0,25
2024-06-16T07:26:47,4,21,0,25
2024-06-16T07:33:56,4,21,0,25
2024-06-16T07:41:06,4,21,0,25
2024-06-16T07:48:14,4,21,0,25
2024-06-16T07:55:34,4,21,0,25
2024-06-16T08:02:42,4,21,0,25
2024-06-16T08:09:50,4,21,0,25
2024-06-16T08:16:58,4,21,0,25
2024-06-16T08:24:06,4,21,0,25
2024-06-16T08:31:14,4,21,0,25
2024-06-16T08:38:22,4,21,0,25
2024-06-16T08:45:30,4,21,0,25
2024-06-16T08:52:37,4,21,0,25
2024-06-16T08:59:45,4,21,0,25
2024-06-16T09:06:52,4,21,0,25
2024-06-16T09:14:00,4,21,0,25
2024-06-16T09:21:07,4,21,0,25
2024-06-16T09:28:15,4,21,0,25
2024-06-16T09:35:25,4,21,0,25
2024-06-16T09:42:33,4,21,0,25
2024-06-16T09:49:41,4,21,0,25
2024-06-16T09:56:51,4,21,0,25
2024-06-16T10:03:59,4,21,0,25
2024-06-16T10:11:18,4,21,0,25
2024-06-16T10:18:27,4,21,0,25
2024-06-16T10:25:35,4,21,0,25
2024-06-16T10:32:43,4,21,0,25
2024-06-16T10:39:52,4,21,0,25
2024-06-16T10:47:00,4,21,0,25
2024-06-16T10:54:08,4,21,0,25
2024-06-16T11:01:16,4,21,0,25
2024-06-16T11:08:24,4,21,0,25
2024-06-16T11:15:32,4,21,0,25
2024-06-16T11:22:41,4,21,0,25
2024-06-16T11:29:49,4,21,0,25
2024-06-16T11:36:57,4,21,0,25
2024-06-16T11:44:05,4,21,0,25
2024-06-16T11:51:12,4,21,0,25
2024-06-16T11:58:30,4,21,0,25
2024-06-16T12:05:37,4,21,0,25
2024-06-16T12:12:45,4,21,0,25
2024-06-16T12:19:54,4,21,0,25
2024-06-16T12:27:01,4,21,0,25
2024-06-16T12:34:08,4,21,0,25
2024-06-16T12:41:16,4,21,0,25
2024-06-16T12:48:23,4,21,0,25
2024-06-16T12:55:30,4,21,0,25
2024-06-16T13:02:36,4,21,0,25
2024-06-16T13:09:54,4,21,0,25
2024-06-16T13:17:01,4,21,0,25
2024-06-16T13:24:07,4,21,0,25
2024-06-16T13:31:14,4,21,0,25
2024-06-16T13:38:21,4,21,0,25
2024-06-16T13:45:28,4,21,0,25
2024-06-16T13:52:35,4,21,0,25
2024-06-16T13:59:42,4,21,0,25
2024-06-16T14:06:50,4,21,0,25
2024-06-16T14:13:57,4,21,0,25
2024-06-16T14:21:04,4,21,0,25
2024-06-16T14:28:10,4,21,0,25
2024-06-16T14:35:17,4,21,0,25
2024-06-16T14:42:27,4,21,0,25
2024-06-16T14:49:34,4,21,0,25
2024-06-16T14:56:50,4,21,0,25
2024-06-16T15:03:56,4,21,0,25
2024-06-16T15:11:04,4,21,0,25
2024-06-16T15:18:10,4,21,0,25
2024-06-16T15:25:17,4,21,0,25
2024-06-16T15:32:24,4,21,0,25
2024-06-16T15:39:32,4,21,0,25
2024-06-16T15:46:39,4,21,0,25
2024-06-16T15:53:47,4,21,0,25
2024-06-16T16:00:56,4,21,0,25
2024-06-16T16:08:03,4,21,0,25
2024-06-16T16:15:10,4,21,0,25
2024-06-16T16:22:18,4,21,0,25
2024-06-16T16:29:25,4,21,0,25
2024-06-16T16:36:42,4,21,0,25
2024-06-16T16:43:49,4,21,0,25
2024-06-16T16:50:56,4,21,0,25
2024-06-16T16:58:03,4,21,0,25
2024-06-16T17:05:10,4,21,0,25
2024-06-16T17:12:18,4,21,0,25
2024-06-16T17:19:25,4,21,0,25
2024-06-16T17:26:32,4,21,0,25
2024-06-16T17:33:38,4,21,0,25
2024-06-16T17:40:45,4,21,0,25
2024-06-16T17:47:52,4,21,0,25
2024-06-16T17:54:59,4,21,0,25
2024-06-16T18:02:09,4,21,0,25
2024-06-16T18:09:17,4,21,0,25
2024-06-16T18:16:24,4,21,0,25
2024-06-16T18:23:42,4,21,0,25
2024-06-16T18:30:50,4,21,0,25
2024-06-16T18:37:57,4,21,0,25
2024-06-16T18:45:04,4,21,0,25
2024-06-16T18:52:11,4,21,0,25
2024-06-16T18:59:19,4,21,0,25
2024-06-16T19:06:26,4,21,0,25
2024-06-16T19:13:34,4,21,0,25
2024-06-16T19:20:41,4,21,0,25
2024-06-16T19:27:49,4,21,0,25
2024-06-16T19:34:56,4,21,0,25
2024-06-16T19:42:03,4,21,0,25
2024-06-16T19:49:10,4,21,0,25
2024-06-16T19:56:29,4,21,0,25
2024-06-16T20:03:36,4,21,0,25
2024-06-16T20:10:43,4,21,0,25
2024-06-16T20:17:50,4,21,0,25
2024-06-16T20:24:57,4,21,0,25
2024-06-16T20:32:05,4,21,0,25
2024-06-16T20:39:12,4,21,0,25
2024-06-16T20:46:19,4,21,0,25
2024-06-16T20:53:26,4,21,0,25
2024-06-16T21:00:36,4,21,0,25
2024-06-16T21:07:42,4,21,0,25
2024-06-16T21:14:49,4,21,0,25
2024-06-16T21:21:58,4,21,0,25
2024-06-16T21:29:05,4,21,0,25
2024-06-16T21:36:12,4,21,0,25
2024-06-16T21:43:26,4,21,0,25
2024-06-16T21:50:33,4,21,0,25
2024-06-16T21:57:40,4,21,0,25
2024-06-16T22:04:48,4,21,0,25
2024-06-16T22:11:55,4,21,0,25
2024-06-16T22:19:01,4,21,0,25
2024-06-16T22:26:08,4,21,0,25
2024-06-16T22:33:15,4,21,0,25
2024-06-16T22:40:24,4,21,0,25
2024-06-16T22:47:32,4,21,0,25
2024-06-16T22:54:39,4,21,0,25
2024-06-16T23:01:47,4,21,0,25
2024-06-16T23:08:54,4,21,0,25
2024-06-16T23:16:12,4,21,0,25
2024-06-16T23:23:19,4,21,0,25
2024-06-16T23:30:27,4,21,0,25
2024-06-16T23:37:34,4,21,0,25
2024-06-16T23:44:41,4,21,0,25
2024-06-16T23:51:48,4,21,0,25
2024-06-16T23:58:55,4,21,0,25
2024-06-17T00:06:03,4,21,0,25
2024-06-17T00:13:11,4,21,0,25
2024-06-17T00:20:20,4,21,0,25
2024-06-17T00:27:28,4,21,0,25
2024-06-17T00:34:38,4,21,0,25
2024-06-17T00:41:47,4,21,0,25
2024-06-17T00:48:55,4,21,0,25
2024-06-17T00:56:03,4,21,0,25
2024-06-17T01:03:12,4,21,0,25
2024-06-17T01:10:24,4,21,0,25
2024-06-17T01:17:45,4,21,0,25
2024-06-17T01:24:53,4,21,0,25
2024-06-17T01:32:01,4,21,0,25
2024-06-17T01:39:09,4,21,0,25
2024-06-17T01:46:17,4,21,0,25
2024-06-17T01:53:25,4,21,0,25
2024-06-17T02:00:32,4,21,0,25
2024-06-17T02:07:40,4,21,0,25
2024-06-17T02:14:49,4,21,0,25
2024-06-17T02:21:57,4,21,0,25
2024-06-17T02:29:06,4,21,0,25
2024-06-17T02:36:15,4,21,0,25
2024-06-17T02:43:23,4,21,0,25
2024-06-17T02:50:33,4,21,0,25
2024-06-17T02:57:41,4,21,0,25
2024-06-17T03:04:48,4,21,0,25
2024-06-17T03:11:57,4,21,0,25
2024-06-17T03:19:05,4,21,0,25
2024-06-17T03:26:15,4,21,0,25
2024-06-17T03:33:23,4,21,0,25
2024-06-17T03:40:31,4,21,0,25
2024-06-17T03:47:39,4,21,0,25
2024-06-17T03:54:47,4,21,0,25
2024-06-17T04:01:57,4,21,0,25
2024-06-17T04:09:05,4,21,0,25
2024-06-17T04:16:13,4,21,0,25
2024-06-17T04:29:16,4,21,0,25
2024-06-17T04:36:46,4,21,0,25
2024-06-17T04:43:54,4,21,0,25
2024-06-17T04:51:02,4,21,0,25
2024-06-17T04:58:10,4,21,0,25
2024-06-17T05:05:18,4,21,0,25
2024-06-17T05:12:27,4,21,0,25
2024-06-17T05:19:36,4,21,0,25
2024-06-17T05:26:44,4,21,0,25
2024-06-17T05:33:52,4,21,0,25
2024-06-17T05:41:00,4,21,0,25
2024-06-17T05:48:08,4,21,0,25
2024-06-17T05:55:16,4,21,0,25
2024-06-17T06:02:24,4,21,0,25
2024-06-17T06:09:32,4,21,0,25
2024-06-17T06:16:40,4,21,0,25
2024-06-17T06:23:49,4,21,0,25
2024-06-17T06:30:58,4,21,0,25
2024-06-17T06:38:05,4,21,0,25
2024-06-17T06:45:13,4,21,0,25
2024-06-17T06:52:21,4,21,0,25
2024-06-17T06:59:29,4,21,0,25
2024-06-17T07:06:37,4,21,0,25
2024-06-17T07:13:45,4,21,0,25
2024-06-17T07:20:55,4,21,0,25
2024-06-17T07:28:02,4,21,0,25
2024-06-17T07:35:11,4,21,0,25
2024-06-17T07:42:19,4,21,0,25
2024-06-17T07:49:26,4,21,0,25
2024-06-17T07:56:41,4,21,0,25
2024-06-17T08:03:49,4,21,0,25
2024-06-17T08:10:56,4,21,0,25
2024-06-17T08:18:02,4,21,0,25
2024-06-17T08:25:10,4,21,0,25
2024-06-17T08:32:17,4,21,0,25
2024-06-17T08:39:23,4,21,0,25
2024-06-17T08:46:31,4,21,0,25
2024-06-17T08:53:38,4,21,0,25
2024-06-17T09:00:46,4,21,0,25
2024-06-17T09:07:55,4,21,0,25
2024-06-17T09:15:02,4,21,0,25
2024-06-17T09:22:10,4,21,0,25
2024-06-17T09:29:18,4,21,0,25
2024-06-17T09:36:35,4,21,0,25
2024-06-17T09:43:42,4,21,0,25
2024-06-17T09:50:48,4,21,0,25
2024-06-17T09:57:56,4,21,0,25
2024-06-17T10:05:04,4,21,0,25
2024-06-17T10:12:11,4,21,0,25
2024-06-17T10:19:18,4,21,0,25
2024-06-17T10:26:25,4,21,0,25
2024-06-17T10:33:33,4,21,0,25
2024-06-17T10:40:41,4,21,0,25
2024-06-17T10:48:00,4,21,0,25
2024-06-17T10:55:08,4,21,0,25
2024-06-17T11:02:16,4,21,0,25
2024-06-17T11:09:23,4,21,0,25
2024-06-17T11:16:31,4,21,0,25
2024-06-17T11:23:39,4,21,0,25
2024-06-17T11:30:46,4,21,0,25
2024-06-17T11:37:54,4,21,0,25
2024-06-17T11:45:12,4,21,0,25
2024-06-17T11:52:20,4,21,0,25
2024-06-17T11:59:27,4,21,0,25
2024-06-17T12:06:34,4,21,0,25
2024-06-17T12:13:42,4,21,0,25
2024-06-17T12:20:51,4,21,0,25
2024-06-17T12:27:58,4,21,0,25
2024-06-17T12:35:15,4,21,0,25
2024-06-17T12:42:22,4,21,0,25
2024-06-17T12:49:29,4,21,0,25
2024-06-17T12:56:36,4,21,0,25
2024-06-17T13:03:44,4,21,0,25
2024-06-17T13:10:51,4,21,0,25
2024-06-17T13:17:58,4,21,0,25
2024-06-17T13:25:05,4,21,0,25
2024-06-17T13:32:23,4,21,0,25
2024-06-17T13:39:30,4,21,0,25
2024-06-17T13:46:38,4,21,0,25
2024-06-17T13:53:44,4,21,0,25
2024-06-17T14:00:51,4,21,0,25
2024-06-17T14:07:58,4,21,0,25
2024-06-17T14:15:06,4,21,0,25
2024-06-17T14:22:25,4,21,0,25
2024-06-17T14:29:32,4,21,0,25
2024-06-17T14:36:39,4,21,0,25
2024-06-17T14:43:47,4,21,0,25
2024-06-17T14:50:54,4,21,0,25
2024-06-17T14:58:01,4,21,0,25
2024-06-17T15:05:08,4,21,0,25
2024-06-17T15:12:16,4,21,0,25
2024-06-17T15:19:26,4,21,0,25
2024-06-17T15:26:43,4,21,0,25
2024-06-17T15:33:50,4,21,0,25
2024-06-17T15:40:57,4,21,0,25
2024-06-17T15:48:04,4,21,0,25
2024-06-17T15:55:11,4,21,0,25
2024-06-17T16:02:18,4,21,0,25
2024-06-17T16:09:26,4,21,0,25
2024-06-17T16:16:33,4,21,0,25
2024-06-17T16:23:50,4,21,0,25
2024-06-17T16:30:57,4,21,0,25
2024-06-17T16:38:04,4,21,0,25
2024-06-17T16:45:14,4,21,0,25
2024-06-17T16:52:21,4,21,0,25
2024-06-17T16:59:28,4,21,0,25
2024-06-17T17:06:36,4,21,0,25
2024-06-17T17:13:43,4,21,0,25
2024-06-17T17:20:50,4,21,0,25
2024-06-17T17:28:09,4,21,0,25
2024-06-17T17:35:16,4,21,0,25
2024-06-17T17:42:23,4,21,0,25
2024-06-17T17:49:30,4,21,0,25
2024-06-17T17:56:37,4,21,0,25
2024-06-17T18:03:44,4,21,0,25
2024-06-17T18:10:51,4,21,0,25
2024-06-17T18:17:59,4,21,0,25
2024-06-17T18:25:06,4,21,0,25
2024-06-17T18:32:24,4,21,0,25
2024-06-17T18:39:30,4,21,0,25
2024-06-17T18:46:37,4,21,0,25
2024-06-17T18:53:45,4,21,0,25
2024-06-17T19:00:52,4,21,0,25
2024-06-17T19:08:00,4,21,0,25
2024-06-17T19:15:07,4,21,0,25
2024-06-17T19:22:15,4,21,0,25
2024-06-17T19:29:22,4,21,0,25
2024-06-17T19:36:29,4,21,0,25
2024-06-17T19:43:46,4,21,0,25
2024-06-17T19:50:53,4,21,0,25
2024-06-17T19:58:00,4,21,0,25
2024-06-17T20:05:07,4,21,0,25
2024-06-17T20:12:15,4,21,0,25
2024-06-17T20:19:22,4,21,0,25
2024-06-17T20:26:29,4,21,0,25
2024-06-17T20:33:37,4,21,0,25
2024-06-17T20:40:44,4,21,0,25
2024-06-17T20:47:51,4,21,0,25
2024-06-17T20:55:10,4,21,0,25
2024-06-17T21:02:17,4,21,0,25
2024-06-17T21:09:24,4,21,0,25
2024-06-17T21:16:32,4,21,0,25
2024-06-17T21:23:39,4,21,0,25
2024-06-17T21:30:47,4,21,0,25
2024-06-17T21:37:54,4,21,0,25
2024-06-17T21:45:01,4,21,0,25
2024-06-17T21:52:08,4,21,0,25
2024-06-17T21:59:15,4,21,0,25
2024-06-17T22:06:35,4,21,0,25
2024-06-17T22:13:42,4,21,0,25
2024-06-17T22:20:50,4,21,0,25
2024-06-17T22:27:57,4,21,0,25
2024-06-17T22:35:04,4,21,0,25
2024-06-17T22:42:11,4,21,0,25
2024-06-17T22:49:19,4,21,0,25
2024-06-17T22:56:26,4,21,0,25
2024-06-17T23:03:34,4,21,0,25
2024-06-17T23:10:52,4,21,0,25
2024-06-17T23:17:59,4,21,0,25
2024-06-17T23:25:06,4,21,0,25
2024-06-17T23:32:13,4,21,0,25
2024-06-17T23:39:21,4,21,0,25
2024-06-17T23:46:28,4,21,0,25
2024-06-17T23:53:36,4,21,0,25
2024-06-18T00:00:45,4,21,0,25
2024-06-18T00:07:54,4,21,0,25
2024-06-18T00:15:02,4,21,0,25
2024-06-18T00:22:10,4,21,0,25
2024-06-18T00:29:30,4,21,0,25
2024-06-18T00:36:40,4,21,0,25
2024-06-18T00:43:49,4,21,0,25
2024-06-18T00:50:57,4,21,0,25
2024-06-18T00:58:05,4,21,0,25
2024-06-18T01:05:13,4,21,0,25
2024-06-18T01:12:21,4,21,0,25
2024-06-18T01:19:29,4,21,0,25
2024-06-18T01:26:37,4,21,0,25
2024-06-18T01:33:46,4,21,0,25
2024-06-18T01:40:54,4,21,0,25
2024-06-18T01:48:03,4,21,0,25
2024-06-18T01:55:11,4,21,0,25
2024-06-18T02:02:20,4,21,0,25
2024-06-18T02:09:39,4,21,0,25
2024-06-18T02:16:47,4,21,0,25
2024-06-18T02:23:55,4,21,0,25
2024-06-18T02:31:03,4,21,0,25
2024-06-18T02:38:12,4,21,0,25
2024-06-18T02:45:21,4,21,0,25
2024-06-18T02:52:30,4,21,0,25
2024-06-18T02:59:39,4,21,0,25
2024-06-18T03:06:48,4,21,0,25
2024-06-18T03:13:57,4,21,0,25
2024-06-18T03:21:06,4,21,0,25
2024-06-18T03:28:14,4,21,0,25
2024-06-18T03:35:22,4,21,0,25
2024-06-18T03:42:30,4,21,0,25
2024-06-18T03:49:38,4,21,0,25
2024-06-18T03:56:46,4,21,0,25
2024-06-18T04:03:54,4,21,0,25
2024-06-18T04:20:09,4,21,0,25
2024-06-18T04:27:43,4,21,0,25
2024-06-18T04:34:51,4,21,0,25
2024-06-18T04:42:00,4,21,0,25
2024-06-18T04:49:08,4,21,0,25
2024-06-18T04:56:17,4,21,0,25
2024-06-18T05:03:25,4,21,0,25
2024-06-18T05:10:35,4,21,0,25
2024-06-18T05:17:45,4,21,0,25
2024-06-18T05:24:58,4,21,0,25
2024-06-18T05:32:07,4,21,0,25
2024-06-18T05:39:16,4,21,0,25
2024-06-18T05:46:25,4,21,0,25
2024-06-18T05:53:34,4,21,0,25
2024-06-18T06:00:43,4,21,0,25
2024-06-18T06:07:53,4,21,0,25
2024-06-18T06:15:02,4,21,0,25
2024-06-18T06:22:10,4,21,0,25
2024-06-18T06:29:18,4,21,0,25
2024-06-18T06:36:27,4,21,0,25
2024-06-18T06:43:35,4,21,0,25
2024-06-18T06:50:44,4,21,0,25
2024-06-18T06:58:00,4,21,0,25
2024-06-18T07:05:10,4,21,0,25
2024-06-18T07:12:18,4,21,0,25
2024-06-18T07:19:27,4,21,0,25
2024-06-18T07:26:36,4,21,0,25
2024-06-18T07:33:44,4,21,0,25
2024-06-18T07:40:53,4,21,0,25
2024-06-18T07:48:01,4,21,0,25
2024-06-18T07:55:09,4,21,0,25
2024-06-18T08:02:17,4,21,0,25
2024-06-18T08:09:26,4,21,0,25
2024-06-18T08:16:34,4,21,0,25
2024-06-18T08:23:42,4,21,0,25
2024-06-18T08:30:52,4,21,0,25
2024-06-18T08:38:01,4,21,0,25
2024-06-18T08:45:10,4,21,0,25
2024-06-18T08:52:30,4,21,0,25
2024-06-18T08:59:38,4,21,0,25
2024-06-18T09:06:47,4,21,0,25
2024-06-18T09:13:55,4,21,0,25
2024-06-18T09:21:04,4,21,0,25
2024-06-18T09:28:12,4,21,0,25
2024-06-18T09:35:29,4,21,0,25
2024-06-18T09:42:43,4,21,0,25
2024-06-18T09:49:54,4,21,0,25
2024-06-18T09:57:12,4,21,0,25
2024-06-18T10:04:24,4,21,0,25
2024-06-18T10:11:36,4,21,0,25
2024-06-18T10:18:50,4,21,0,25
2024-06-18T10:26:03,4,21,0,25
2024-06-18T10:33:12,4,21,0,25
2024-06-18T10:40:22,4,21,0,25
2024-06-18T10:47:33,4,21,0,25
2024-06-18T10:54:52,4,21,0,25
2024-06-18T11:02:01,4,21,0,25
2024-06-18T11:09:09,4,21,0,25
2024-06-18T11:16:19,4,21,0,25
2024-06-18T11:23:28,4,21,0,25
2024-06-18T11:30:36,4,21,0,25
2024-06-18T11:37:56,4,21,0,25
2024-06-18T11:45:04,4,21,0,25
2024-06-18T11:52:12,4,21,0,25
2024-06-18T11:59:22,4,21,0,25
2024-06-18T12:06:30,4,21,0,25
2024-06-18T12:13:39,4,21,0,25
2024-06-18T12:20:49,4,21,0,25
2024-06-18T12:28:07,4,21,0,25
2024-06-18T12:35:14,4,21,0,25
2024-06-18T12:42:23,4,21,0,25
2024-06-18T12:49:30,4,21,0,25
2024-06-18T12:56:40,4,21,0,25
2024-06-18T13:03:47,4,21,0,25
2024-06-18T13:11:07,4,21,0,25
2024-06-18T13:18:15,4,21,0,25
2024-06-18T13:25:23,4,21,0,25
2024-06-18T13:32:33,4,21,0,25
2024-06-18T13:39:41,4,21,0,25
2024-06-18T13:46:49,4,21,0,25
2024-06-18T13:53:59,4,21,0,25
2024-06-18T14:01:17,4,21,0,25
2024-06-18T14:08:25,4,21,0,25
2024-06-18T14:15:33,4,21,0,25
2024-06-18T14:22:43,4,21,0,25
2024-06-18T14:29:51,4,21,0,25
2024-06-18T14:36:59,4,21,0,25
2024-06-18T14:44:09,4,21,0,25
2024-06-18T14:51:29,4,21,0,25
2024-06-18T14:58:36,4,21,0,25
2024-06-18T15:05:44,4,21,0,25
2024-06-18T15:12:54,4,21,0,25
2024-06-18T15:20:04,4,21,0,25
2024-06-18T15:27:23,4,21,0,25
2024-06-18T15:34:30,4,21,0,25
2024-06-18T15:41:38,4,21,0,25
2024-06-18T15:48:48,4,21,0,25
2024-06-18T15:55:56,4,21,0,25
2024-06-18T16:03:06,4,21,0,25
2024-06-18T16:10:25,4,21,0,25
2024-06-18T16:17:32,4,21,0,25
2024-06-18T16:24:40,4,21,0,25
2024-06-18T16:31:49,4,21,0,25
2024-06-18T16:39:00,4,21,0,25
2024-06-18T16:46:09,4,21,0,25
2024-06-18T16:53:20,4,21,0,25
2024-06-18T17:00:29,4,21,0,25
2024-06-18T17:07:48,4,21,0,25
2024-06-18T17:14:58,4,21,0,25
2024-06-18T17:22:07,4,21,0,25
2024-06-18T17:29:17,4,21,0,25
2024-06-18T17:36:26,4,21,0,25
2024-06-18T17:43:38,4,21,0,25
2024-06-18T17:50:48,4,21,0,25
2024-06-18T17:58:08,4,21,0,25
2024-06-18T18:05:16,4,21,0,25
2024-06-18T18:12:27,4,21,0,25
2024-06-18T18:19:39,4,21,0,25
2024-06-18T18:26:48,4,21,0,25
2024-06-18T18:33:56,4,21,0,25
2024-06-18T18:41:06,4,21,0,25
2024-06-18T18:48:27,4,21,0,25
2024-06-18T18:55:36,4,21,0,25
2024-06-18T19:02:47,4,21,0,25
2024-06-18T19:09:56,4,21,0,25
2024-06-18T19:17:07,4,21,0,25
2024-06-18T19:24:16,4,21,0,25
2024-06-18T19:31:24,4,21,0,25
2024-06-18T19:38:46,4,21,0,25
2024-06-18T19:45:55,4,21,0,25
2024-06-18T19:53:04,4,21,0,25
2024-06-18T20:00:12,4,21,0,25
2024-06-18T20:07:23,4,21,0,25
2024-06-18T20:14:32,4,21,0,25
2024-06-18T20:21:41,4,21,0,25
2024-06-18T20:28:53,4,21,0,25
2024-06-18T20:36:12,4,21,0,25
2024-06-18T20:43:25,4,21,0,25
2024-06-18T20:50:33,4,21,0,25
2024-06-18T20:57:44,4,21,0,25
2024-06-18T21:04:53,4,21,0,25
2024-06-18T21:12:02,4,21,0,25
2024-06-18T21:19:15,4,21,0,25
2024-06-18T21:26:24,4,21,0,25
2024-06-18T21:33:48,4,21,0,25
2024-06-18T21:40:58,4,21,0,25
2024-06-18T21:48:07,4,21,0,25
2024-06-18T21:55:18,4,21,0,25
2024-06-18T22:02:27,4,21,0,25
2024-06-18T22:09:38,4,21,0,25
2024-06-18T22:16:47,4,21,0,25
2024-06-18T22:23:56,4,21,0,25
2024-06-18T22:31:17,4,21,0,25
2024-06-18T22:38:26,4,21,0,25
2024-06-18T22:45:35,4,21,0,25
2024-06-18T22:52:47,4,21,0,25
2024-06-18T22:59:56,4,21,0,25
2024-06-18T23:07:08,4,21,0,25
2024-06-18T23:14:17,4,21,0,25
2024-06-18T23:21:26,4,21,0,25
2024-06-18T23:28:48,4,21,0,25
2024-06-18T23:35:57,4,21,0,25
2024-06-18T23:43:06,4,21,0,25
2024-06-18T23:50:17,4,21,0,25
2024-06-18T23:57:27,4,21,0,25
2024-06-19T00:04:41,4,21,0,25
2024-06-19T00:11:56,4,21,0,25
2024-06-19T00:19:07,4,21,0,25
2024-06-19T00:26:17,4,21,0,25
2024-06-19T00:33:41,4,21,0,25
2024-06-19T00:40:52,4,21,0,25
2024-06-19T00:48:03,4,21,0,25
2024-06-19T00:55:16,4,21,0,25
2024-06-19T01:02:26,4,21,0,25
2024-06-19T01:09:36,4,21,0,25
2024-06-19T01:16:46,4,21,0,25
2024-06-19T01:23:56,4,21,0,25
2024-06-19T01:31:08,4,21,0,25
2024-06-19T01:38:19,4,21,0,25
2024-06-19T01:45:29,4,21,0,25
2024-06-19T01:52:51,4,21,0,25
2024-06-19T02:00:01,4,21,0,25
2024-06-19T02:07:12,4,21,0,25
2024-06-19T02:14:22,4,21,0,25
2024-06-19T02:21:33,4,21,0,25
2024-06-19T02:28:44,4,21,0,25
2024-06-19T02:35:57,4,21,0,25
2024-06-19T02:43:07,4,21,0,25
2024-06-19T02:50:17,4,21,0,25
2024-06-19T02:57:26,4,21,0,25
2024-06-19T03:04:36,4,21,0,25
2024-06-19T03:11:48,4,21,0,25
2024-06-19T03:18:58,4,21,0,25
2024-06-19T03:26:10,4,21,0,25
2024-06-19T03:33:20,4,21,0,25
2024-06-19T03:40:30,4,21,0,25
2024-06-19T03:47:40,4,21,0,25
2024-06-19T03:54:50,4,21,0,25
2024-06-19T04:02:13,4,21,0,25
2024-06-19T04:09:23,4,21,0,25
2024-06-19T04:16:34,4,21,0,25
2024-06-19T04:29:19,4,21,0,25
2024-06-19T04:36:58,4,21,0,25
2024-06-19T04:44:08,4,21,0,25
2024-06-19T04:51:18,4,21,0,25
2024-06-19T04:58:28,4,21,0,25
2024-06-19T05:05:38,4,21,0,25
2024-06-19T05:12:50,4,21,0,25
2024-06-19T05:20:02,4,21,0,25
2024-06-19T05:27:11,4,21,0,25
2024-06-19T05:34:21,4,21,0,25
2024-06-19T05:41:31,4,21,0,25
2024-06-19T05:50:20,4,21,0,25
2024-06-19T05:57:51,4,21,0,25
2024-06-19T06:05:00,4,21,0,25
2024-06-19T06:12:12,4,21,0,25
2024-06-19T06:19:21,4,21,0,25
2024-06-19T06:26:30,4,21,0,25
2024-06-19T06:33:39,4,21,0,25
2024-06-19T06:40:49,4,21,0,25
2024-06-19T06:48:04,4,21,0,25
2024-06-19T06:55:14,4,21,0,25
2024-06-19T07:02:24,4,21,0,25
2024-06-19T07:09:42,4,21,0,25
2024-06-19T07:16:52,4,21,0,25
2024-06-19T07:24:02,4,21,0,25
2024-06-19T07:31:11,4,21,0,25
2024-06-19T07:38:21,4,21,0,25
2024-06-19T07:45:30,4,21,0,25
2024-06-19T07:52:40,4,21,0,25
2024-06-19T07:59:49,4,21,0,25
2024-06-19T08:07:01,4,21,0,25
2024-06-19T08:14:11,4,21,0,25
2024-06-19T08:21:20,4,21,0,25
2024-06-19T08:28:32,4,21,0,25
2024-06-19T08:35:44,4,21,0,25
2024-06-19T08:43:06,4,21,0,25
2024-06-19T08:50:16,4,21,0,25
2024-06-19T08:57:26,4,21,0,25
2024-06-19T09:04:41,4,21,0,25
2024-06-19T09:12:03,4,21,0,25
2024-06-19T09:19:24,4,21,0,25
2024-06-19T09:26:34,4,21,0,25
2024-06-19T09:33:46,4,21,0,25
2024-06-19T09:40:56,4,21,0,25
2024-06-19T09:48:06,4,21,0,25
2024-06-19T09:55:27,4,21,0,25
2024-06-19T10:02:37,4,21,0,25
2024-06-19T10:09:46,4,21,0,25
2024-06-19T10:16:56,4,21,0,25
2024-06-19T10:24:08,4,21,0,25
2024-06-19T10:31:17,4,21,0,25
2024-06-19T10:38:27,4,21,0,25
2024-06-19T10:45:37,4,21,0,25
2024-06-19T10:52:56,4,21,0,25
2024-06-19T11:00:06,4,21,0,25
2024-06-19T11:07:15,4,21,0,25
2024-06-19T11:14:26,4,21,0,25
2024-06-19T11:21:35,4,21,0,25
2024-06-19T11:28:44,4,21,0,25
2024-06-19T11:35:53,4,21,0,25
2024-06-19T11:43:15,4,21,0,25
2024-06-19T11:50:24,4,21,0,25
2024-06-19T11:57:33,4,21,0,25
2024-06-19T12:04:43,4,21,0,25
2024-06-19T12:11:52,4,21,0,25
2024-06-19T12:19:03,4,21,0,25
2024-06-19T12:26:12,4,21,0,25
2024-06-19T12:33:21,4,21,0,25
2024-06-19T12:40:40,4,21,0,25
2024-06-19T12:47:48,4,21,0,25
2024-06-19T12:54:57,4,21,0,25
2024-06-19T13:02:06,4,21,0,25
2024-06-19T13:09:14,4,21,0,25
2024-06-19T13:16:23,4,21,0,25
2024-06-19T13:23:34,4,21,0,25
2024-06-19T13:30:43,4,21,0,25
2024-06-19T13:37:52,4,21,0,25
2024-06-19T13:45:11,4,21,0,25
2024-06-19T13:52:20,4,21,0,25
2024-06-19T13:59:28,4,21,0,25
2024-06-19T14:06:37,4,21,0,25
2024-06-19T14:13:46,4,21,0,25
2024-06-19T14:20:56,4,21,0,25
2024-06-19T14:28:04,4,21,0,25
2024-06-19T14:35:13,4,21,0,25
2024-06-19T14:42:22,4,21,0,25
2024-06-19T14:49:31,4,21,0,25
2024-06-19T14:56:50,4,21,0,25
2024-06-19T15:03:58,4,21,0,25
2024-06-19T15:11:07,4,21,0,25
2024-06-19T15:18:16,4,21,0,25
2024-06-19T15:25:27,4,21,0,25
2024-06-19T15:32:35,4,21,0,25
2024-06-19T15:39:44,4,21,0,25
2024-06-19T15:46:53,4,21,0,25
2024-06-19T15:54:02,4,21,0,25
2024-06-19T16:01:23,4,21,0,25
2024-06-19T16:08:32,4,21,0,25
2024-06-19T16:15:40,4,21,0,25
2024-06-19T16:22:49,4,21,0,25
2024-06-19T16:29:58,4,21,0,25
2024-06-19T16:37:06,4,21,0,25
2024-06-19T16:44:15,4,21,0,25
2024-06-19T16:51:23,4,21,0,25
2024-06-19T16:58:32,4,21,0,25
2024-06-19T17:05:44,4,21,0,25
2024-06-19T17:12:53,4,21,0,25
2024-06-19T17:20:02,4,21,0,25
2024-06-19T17:27:22,4,21,0,25
2024-06-19T17:34:31,4,21,0,25
2024-06-19T17:41:40,4,21,0,25
2024-06-19T17:48:49,4,21,0,25
2024-06-19T17:55:58,4,21,0,25
2024-06-19T18:03:06,4,21,0,25
2024-06-19T18:10:15,4,21,0,25
2024-06-19T18:17:24,4,21,0,25
2024-06-19T18:24:34,4,21,0,25
2024-06-19T18:31:45,4,21,0,25
2024-06-19T18:38:53,4,21,0,25
2024-06-19T18:46:02,4,21,0,25
2024-06-19T18:53:21,4,21,0,25
2024-06-19T19:00:30,4,21,0,25
2024-06-19T19:07:39,4,21,0,25
2024-06-19T19:14:47,4,21,0,25
2024-06-19T19:21:56,4,21,0,25
2024-06-19T19:29:04,4,21,0,25
2024-06-19T19:36:13,4,21,0,25
2024-06-19T19:43:22,4,21,0,25
2024-06-19T19:50:34,4,21,0,25
2024-06-19T19:57:43,4,21,0,25
2024-06-19T20:04:51,4,21,0,25
2024-06-19T20:12:10,4,21,0,25
2024-06-19T20:19:19,4,21,0,25
2024-06-19T20:26:28,4,21,0,25
2024-06-19T20:33:37,4,21,0,25
2024-06-19T20:40:45,4,21,0,25
2024-06-19T20:47:54,4,21,0,25
2024-06-19T20:55:03,4,21,0,25
2024-06-19T21:02:13,4,21,0,25
2024-06-19T21:09:22,4,21,0,25
2024-06-19T21:16:30,4,21,0,25
2024-06-19T21:23:39,4,21,0,25
2024-06-19T21:30:48,4,21,0,25
2024-06-19T21:38:09,4,21,0,25
2024-06-19T21:45:18,4,21,0,25
2024-06-19T21:52:27,4,21,0,25
2024-06-19T21:59:36,4,21,0,25
2024-06-19T22:06:44,4,21,0,25
2024-06-19T22:13:53,4,21,0,25
2024-06-19T22:21:02,4,21,0,25
2024-06-19T22:28:11,4,21,0,25
2024-06-19T22:35:21,4,21,0,25
2024-06-19T22:42:30,4,21,0,25
2024-06-19T22:49:38,4,21,0,25
2024-06-19T22:56:47,4,21,0,25
2024-06-19T23:03:56,4,21,0,25
2024-06-19T23:11:16,4,21,0,25
2024-06-19T23:18:25,4,21,0,25
2024-06-19T23:25:34,4,21,0,25
2024-06-19T23:32:43,4,21,0,25
2024-06-19T23:39:52,4,21,0,25
2024-06-19T23:47:01,4,21,0,25
2024-06-19T23:54:10,4,21,0,25
2024-06-20T00:01:20,4,21,0,25
2024-06-20T00:08:31,4,21,0,25
2024-06-20T00:15:44,4,21,0,25
2024-06-20T00:22:54,4,21,0,25
2024-06-20T00:30:03,4,21,0,25
2024-06-20T00:37:13,4,21,0,25
2024-06-20T00:44:22,4,21,0,25
2024-06-20T00:51:32,4,21,0,25
2024-06-20T00:58:51,4,21,0,25
2024-06-20T01:06:00,4,21,0,25
2024-06-20T01:13:09,4,21,0,25
2024-06-20T01:20:18,4,21,0,25
2024-06-20T01:27:27,4,21,0,25
2024-06-20T01:34:36,4,21,0,25
2024-06-20T01:41:46,4,21,0,25
2024-06-20T01:48:55,4,21,0,25
2024-06-20T01:56:04,4,21,0,25
2024-06-20T02:03:14,4,21,0,25
2024-06-20T02:10:24,4,21,0,25
2024-06-20T02:17:33,4,21,0,25
2024-06-20T02:24:43,4,21,0,25
2024-06-20T02:32:05,4,21,0,25
2024-06-20T02:39:14,4,21,0,25
2024-06-20T02:46:24,4,21,0,25
2024-06-20T02:53:34,4,21,0,25
2024-06-20T03:00:43,4,21,0,25
2024-06-20T03:07:53,4,21,0,25
2024-06-20T03:15:02,4,21,0,25
2024-06-20T03:22:11,4,21,0,25
2024-06-20T03:29:20,4,21,0,25
2024-06-20T03:36:29,4,21,0,25
2024-06-20T03:43:39,4,21,0,25
2024-06-20T03:50:58,4,21,0,25
2024-06-20T03:58:07,4,21,0,25
2024-06-20T04:05:16,4,21,0,25
2024-06-20T04:12:26,4,21,0,25
2024-06-20T04:29:31,4,21,0,25
2024-06-20T04:37:16,4,21,0,25
2024-06-20T04:44:35,4,21,0,25
2024-06-20T04:51:45,4,21,0,25
2024-06-20T04:58:56,4,21,0,25
2024-06-20T05:06:07,4,21,0,25
2024-06-20T05:13:17,4,21,0,25
2024-06-20T05:20:27,4,21,0,25
2024-06-20T05:27:37,4,21,0,25
2024-06-20T05:34:47,4,21,0,25
2024-06-20T05:41:57,4,21,0,25
2024-06-20T05:49:06,4,21,0,25
2024-06-20T05:56:16,4,21,0,25
2024-06-20T06:03:25,4,21,0,25
2024-06-20T06:10:35,4,21,0,25
2024-06-20T06:17:44,4,21,0,25
2024-06-20T06:24:54,4,21,0,25
2024-06-20T06:32:03,4,21,0,25
2024-06-20T06:39:12,4,21,0,25
2024-06-20T06:46:22,4,21,0,25
2024-06-20T06:53:31,4,21,0,25
2024-06-20T07:00:43,4,21,0,25
2024-06-20T07:07:53,4,21,0,25
2024-06-20T07:15:02,4,21,0,25
2024-06-20T07:22:11,4,21,0,25
2024-06-20T07:29:20,4,21,0,25
2024-06-20T07:36:29,4,21,0,25
2024-06-20T07:43:38,4,21,0,25
2024-06-20T07:50:55,4,21,0,25
2024-06-20T07:58:04,4,21,0,25
2024-06-20T08:05:15,4,21,0,25
2024-06-20T08:12:24,4,21,0,25
2024-06-20T08:19:34,4,21,0,25
2024-06-20T08:26:43,4,21,0,25
2024-06-20T08:33:52,4,21,0,25
2024-06-20T08:41:02,4,21,0,25
2024-06-20T08:48:11,4,21,0,25
2024-06-20T08:55:20,4,21,0,25
2024-06-20T09:02:29,4,21,0,25
2024-06-20T09:09:39,4,21,0,25
2024-06-20T09:16:48,4,21,0,25
2024-06-20T09:23:58,4,21,0,25
2024-06-20T09:31:07,4,21,0,25
2024-06-20T09:38:16,4,21,0,25
2024-06-20T09:45:26,4,21,0,25
2024-06-20T09:52:35,4,21,0,25
2024-06-20T09:59:45,4,21,0,25
2024-06-20T10:07:08,4,21,0,25
2024-06-20T10:14:17,4,21,0,25
2024-06-20T10:21:27,4,21,0,25
2024-06-20T10:28:36,4,21,0,25
2024-06-20T10:35:45,4,21,0,25
2024-06-20T10:42:55,4,21,0,25
2024-06-20T10:50:05,4,21,0,25
2024-06-20T10:57:14,4,21,0,25
2024-06-20T11:04:24,4,21,0,25
2024-06-20T11:11:34,4,21,0,25
2024-06-20T11:18:43,4,21,0,25
2024-06-20T11:25:55,4,21,0,25
2024-06-20T11:33:15,4,21,0,25
2024-06-20T11:40:24,4,21,0,25
2024-06-20T11:47:34,4,21,0,25
2024-06-20T11:54:43,4,21,0,25
2024-06-20T12:01:52,4,21,0,25
2024-06-20T12:09:01,4,21,0,25
2024-06-20T12:16:13,4,21,0,25
2024-06-20T12:23:22,4,21,0,25
2024-06-20T12:30:42,4,21,0,25
2024-06-20T12:37:51,4,21,0,25
2024-06-20T12:45:00,4,21,0,25
2024-06-20T12:52:09,4,21,0,25
2024-06-20T12:59:18,4,21,0,25
2024-06-20T13:06:27,4,21,0,25
2024-06-20T13:13:36,4,21,0,25
2024-06-20T13:20:45,4,21,0,25
2024-06-20T13:27:54,4,21,0,25
2024-06-20T13:35:03,4,21,0,25
2024-06-20T13:42:12,4,21,0,25
2024-06-20T13:49:21,4,21,0,25
2024-06-20T13:56:42,4,21,0,25
2024-06-20T14:03:51,4,21,0,25
2024-06-20T14:11:00,4,21,0,25
2024-06-20T14:18:09,4,21,0,25
2024-06-20T14:25:18,4,21,0,25
2024-06-20T14:32:27,4,21,0,25
2024-06-20T14:39:36,4,21,0,25
2024-06-20T14:46:45,4,21,0,25
2024-06-20T14:53:54,4,21,0,25
2024-06-20T15:01:02,4,21,0,25
2024-06-20T15:08:11,4,21,0,25
2024-06-20T15:15:33,4,21,0,25
2024-06-20T15:22:43,4,21,0,25
2024-06-20T15:29:52,4,21,0,25
2024-06-20T15:37:01,4,21,0,25
2024-06-20T15:44:10,4,21,0,25
2024-06-20T15:51:19,4,21,0,25
2024-06-20T15:58:28,4,21,0,25
2024-06-20T16:05:40,4,21,0,25
2024-06-20T16:12:49,4,21,0,25
2024-06-20T16:20:08,4,21,0,25
2024-06-20T16:27:17,4,21,0,25
2024-06-20T16:34:26,4,21,0,25
2024-06-20T16:41:34,4,21,0,25
2024-06-20T16:48:43,4,21,0,25
2024-06-20T16:55:52,4,21,0,25
2024-06-20T17:03:01,4,21,0,25
2024-06-20T17:10:10,4,21,0,25
2024-06-20T17:17:20,4,21,0,25
2024-06-20T17:24:29,4,21,0,25
2024-06-20T17:31:38,4,21,0,25
2024-06-20T17:38:46,4,21,0,25
2024-06-20T17:45:55,4,21,0,25
2024-06-20T17:53:15,4,21,0,25
2024-06-20T18:00:24,4,21,0,25
2024-06-20T18:07:33,4,21,0,25
2024-06-20T18:14:42,4,21,0,25
2024-06-20T18:21:51,4,21,0,25
2024-06-20T18:29:00,4,21,0,25
2024-06-20T18:36:09,4,21,0,25
2024-06-20T18:43:18,4,21,0,25
2024-06-20T18:50:26,4,21,0,25
2024-06-20T18:57:35,4,21,0,25
2024-06-20T19:04:44,4,21,0,25
2024-06-20T19:11:53,4,21,0,25
2024-06-20T19:19:01,4,21,0,25
2024-06-20T19:26:11,4,21,0,25
2024-06-20T19:33:20,4,21,0,25
2024-06-20T19:40:40,4,21,0,25
2024-06-20T19:47:49,4,21,0,25
2024-06-20T19:54:58,4,21,0,25
2024-06-20T20:02:07,4,21,0,25
2024-06-20T20:09:16,4,21,0,25
2024-06-20T20:16:25,4,21,0,25
2024-06-20T20:23:34,4,21,0,25
2024-06-20T20:30:43,4,21,0,25
2024-06-20T20:37:51,4,21,0,25
2024-06-20T20:45:00,4,21,0,25
2024-06-20T20:52:09,4,21,0,25
2024-06-20T20:59:18,4,21,0,25
2024-06-20T21:06:27,4,21,0,25
2024-06-20T21:13:36,4,21,0,25
2024-06-20T21:20:46,4,21,0,25
2024-06-20T21:28:04,4,21,0,25
2024-06-20T21:35:13,4,21,0,25
2024-06-20T21:42:22,4,21,0,25
2024-06-20T21:49:31,4,21,0,25
2024-06-20T21:56:41,4,21,0,25
2024-06-20T22:03:50,4,21,0,25
2024-06-20T22:10:59,4,21,0,25
2024-06-20T22:18:08,4,21,0,25
2024-06-20T22:25:17,4,21,0,25
2024-06-20T22:32:26,4,21,0,25
2024-06-20T22:39:35,4,21,0,25
2024-06-20T22:46:55,4,21,0,25
2024-06-20T22:54:04,4,21,0,25
2024-06-20T23:01:13,4,21,0,25
2024-06-20T23:08:23,4,21,0,25
2024-06-20T23:15:32,4,21,0,25
2024-06-20T23:22:41,4,21,0,25
2024-06-20T23:29:50,4,21,0,25
2024-06-20T23:37:00,4,21,0,25
2024-06-20T23:44:09,4,21,0,25
2024-06-20T23:51:19,4,21,0,25
2024-06-20T23:58:29,4,21,0,25
2024-06-21T00:05:38,4,21,0,25
2024-06-21T00:12:49,4,21,0,25
2024-06-21T00:20:10,4,21,0,25
2024-06-21T00:27:19,4,21,0,25
2024-06-21T00:34:29,4,21,0,25
2024-06-21T00:41:40,4,21,0,25
2024-06-21T00:48:50,4,21,0,25
2024-06-21T00:56:00,4,21,0,25
2024-06-21T01:03:11,4,21,0,25
2024-06-21T01:10:21,4,21,0,25
2024-06-21T01:17:31,4,21,0,25
2024-06-21T01:24:41,4,21,0,25
2024-06-21T01:31:51,4,21,0,25
2024-06-21T01:39:00,4,21,0,25
2024-06-21T01:46:10,4,21,0,25
2024-06-21T01:53:20,4,21,0,25
2024-06-21T02:00:31,4,21,0,25
2024-06-21T02:07:41,4,21,0,25
2024-06-21T02:14:51,4,21,0,25
2024-06-21T02:22:01,4,21,0,25
2024-06-21T02:29:11,4,21,0,25
2024-06-21T02:36:21,4,21,0,25
2024-06-21T02:43:30,4,21,0,25
2024-06-21T02:50:40,4,21,0,25
2024-06-21T02:57:49,4,21,0,25
2024-06-21T03:04:58,4,21,0,25
2024-06-21T03:12:19,4,21,0,25
2024-06-21T03:19:28,4,21,0,25
2024-06-21T03:26:37,4,21,0,25
2024-06-21T03:33:46,4,21,0,25
2024-06-21T03:40:56,4,21,0,25
2024-06-21T03:48:06,4,21,0,25
2024-06-21T03:55:20,4,21,0,25
2024-06-21T04:02:38,4,21,0,25
2024-06-21T04:09:49,4,21,0,25
2024-06-21T04:26:38,4,21,0,25
2024-06-21T04:33:48,4,21,0,25
2024-06-21T04:42:16,4,21,0,25
2024-06-21T04:49:27,4,21,0,25
2024-06-21T04:56:54,4,21,0,25
2024-06-21T05:04:07,4,21,0,25
2024-06-21T05:11:19,4,21,0,25
2024-06-21T05:18:29,4,21,0,25
2024-06-21T05:25:39,4,21,0,25
2024-06-21T05:32:49,4,21,0,25
2024-06-21T05:39:59,4,21,0,25
2024-06-21T05:47:09,4,21,0,25
2024-06-21T05:54:19,4,21,0,25
2024-06-21T06:01:30,4,21,0,25
2024-06-21T06:08:40,4,21,0,25
2024-06-21T06:15:49,4,21,0,25
2024-06-21T06:23:02,4,21,0,25
2024-06-21T06:30:12,4,21,0,25
2024-06-21T06:37:22,4,21,0,25
2024-06-21T06:44:32,4,21,0,25
2024-06-21T06:51:42,4,21,0,25
2024-06-21T06:58:52,4,21,0,25
2024-06-21T07:06:03,4,21,0,25
2024-06-21T07:13:13,4,21,0,25
2024-06-21T07:20:22,4,21,0,25
2024-06-21T07:27:39,4,21,0,25
2024-06-21T07:34:48,4,21,0,25
2024-06-21T07:41:57,4,21,0,25
2024-06-21T07:49:07,4,21,0,25
2024-06-21T07:56:16,4,21,0,25
2024-06-21T08:03:25,4,21,0,25
2024-06-21T08:10:35,4,21,0,25
2024-06-21T08:17:44,4,21,0,25
2024-06-21T08:24:53,4,21,0,25
2024-06-21T08:32:04,4,21,0,25
2024-06-21T08:39:14,4,21,0,25
2024-06-21T08:46:24,4,21,0,25
2024-06-21T08:53:33,4,21,0,25
2024-06-21T09:00:42,4,21,0,25
2024-06-21T09:07:51,4,21,0,25
2024-06-21T09:15:01,4,21,0,25
2024-06-21T09:22:10,4,21,0,25
2024-06-21T09:29:19,4,21,0,25
2024-06-21T09:36:28,4,21,0,25
2024-06-21T09:43:37,4,21,0,25
2024-06-21T09:50:46,4,21,0,25
2024-06-21T09:58:07,4,21,0,25
2024-06-21T10:05:15,4,21,0,25
2024-06-21T10:12:24,4,21,0,25
2024-06-21T10:19:33,4,21,0,25
2024-06-21T10:26:42,4,21,0,25
2024-06-21T10:33:51,4,21,0,25
2024-06-21T10:41:01,4,21,0,25
2024-06-21T10:48:11,4,21,0,25
2024-06-21T10:55:21,4,21,0,25
2024-06-21T11:02:30,4,21,0,25
2024-06-21T11:09:39,4,21,0,25
2024-06-21T11:16:48,4,21,0,25
2024-06-21T11:23:57,4,21,0,25
2024-06-21T11:31:06,4,21,0,25
2024-06-21T11:38:14,4,21,0,25
2024-06-21T11:45:35,4,21,0,25
2024-06-21T11:52:44,4,21,0,25
2024-06-21T11:59:53,4,21,0,25
2024-06-21T12:07:02,4,21,0,25
2024-06-21T12:14:11,4,21,0,25
2024-06-21T12:21:22,4,21,0,25
2024-06-21T12:28:30,4,21,0,25
2024-06-21T12:35:39,4,21,0,25
2024-06-21T12:42:48,4,21,0,25
2024-06-21T12:49:57,4,21,0,25
2024-06-21T12:57:06,4,21,0,25
2024-06-21T13:04:15,4,21,0,25
2024-06-21T13:11:24,4,21,0,25
2024-06-21T13:18:43,4,21,0,25
2024-06-21T13:25:52,4,21,0,25
2024-06-21T13:33:01,4,21,0,25
2024-06-21T13:40:10,4,21,0,25
2024-06-21T13:47:19,4,21,0,25
2024-06-21T13:54:28,4,21,0,25
2024-06-21T14:01:37,4,21,0,25
2024-06-21T14:08:46,4,21,0,25
2024-06-21T14:15:55,4,21,0,25
2024-06-21T14:23:04,4,21,0,25
2024-06-21T14:30:13,4,21,0,25
2024-06-21T14:37:23,4,21,0,25
2024-06-21T14:44:33,4,21,0,25
2024-06-21T14:51:43,4,21,0,25
2024-06-21T14:58:53,4,21,0,25
2024-06-21T15:06:12,4,21,0,25
2024-06-21T15:13:22,4,21,0,25
2024-06-21T15:20:32,4,21,0,25
2024-06-21T15:27:42,4,21,0,25
2024-06-21T15:34:52,4,21,0,25
2024-06-21T15:42:01,4,21,0,25
2024-06-21T15:49:11,4,21,0,25
2024-06-21T15:56:21,4,21,0,25
2024-06-21T16:03:31,4,21,0,25
2024-06-21T16:10:41,4,21,0,25
2024-06-21T16:17:51,4,21,0,25
2024-06-21T16:25:01,4,21,0,25
2024-06-21T16:32:11,4,21,0,25
2024-06-21T16:39:21,4,21,0,25
2024-06-21T16:46:43,4,21,0,25
2024-06-21T16:53:52,4,21,0,25
2024-06-21T17:01:02,4,21,0,25
2024-06-21T17:08:12,4,21,0,25
2024-06-21T17:15:22,4,21,0,25
2024-06-21T17:22:32,4,21,0,25
2024-06-21T17:29:41,4,21,0,25
2024-06-21T17:36:51,4,21,0,25
2024-06-21T17:44:01,4,21,0,25
2024-06-21T17:51:11,4,21,0,25
2024-06-21T17:58:21,4,21,0,25
2024-06-21T18:05:31,4,21,0,25
2024-06-21T18:12:41,4,21,0,25
2024-06-21T18:19:51,4,21,0,25
2024-06-21T18:27:00,4,21,0,25
2024-06-21T18:34:10,4,21,0,25
2024-06-21T18:41:30,4,21,0,25
2024-06-21T18:48:40,4,21,0,25
2024-06-21T18:55:49,4,21,0,25
2024-06-21T19:02:59,4,21,0,25
2024-06-21T19:10:09,4,21,0,25
2024-06-21T19:17:19,4,21,0,25
2024-06-21T19:24:29,4,21,0,25
2024-06-21T19:31:39,4,21,0,25
2024-06-21T19:38:48,4,21,0,25
2024-06-21T19:45:58,4,21,0,25
2024-06-21T19:53:08,4,21,0,25
2024-06-21T20:00:18,4,21,0,25
2024-06-21T20:07:28,4,21,0,25
2024-06-21T20:14:38,4,21,0,25
2024-06-21T20:21:48,4,21,0,25
2024-06-21T20:29:09,4,21,0,25
2024-06-21T20:36:19,4,21,0,25
2024-06-21T20:43:29,4,21,0,25
2024-06-21T20:50:38,4,21,0,25
2024-06-21T20:57:48,4,21,0,25
2024-06-21T21:04:58,4,21,0,25
2024-06-21T21:12:08,4,21,0,25
2024-06-21T21:19:18,4,21,0,25
2024-06-21T21:26:28,4,21,0,25
2024-06-21T21:33:37,4,21,0,25
2024-06-21T21:40:48,4,21,0,25
2024-06-21T21:47:58,4,21,0,25
2024-06-21T21:55:09,4,21,0,25
2024-06-21T22:02:19,4,21,0,25
2024-06-21T22:09:30,4,21,0,25
2024-06-21T22:16:40,4,21,0,25
2024-06-21T22:23:50,4,21,0,25
2024-06-21T22:31:00,4,21,0,25
2024-06-21T22:38:21,4,21,0,25
2024-06-21T22:45:31,4,21,0,25
2024-06-21T22:52:41,4,21,0,25
2024-06-21T22:59:51,4,21,0,25
2024-06-21T23:07:01,4,21,0,25
2024-06-21T23:14:12,4,21,0,25
2024-06-21T23:21:22,4,21,0,25
2024-06-21T23:28:32,4,21,0,25
2024-06-21T23:35:42,4,21,0,25
2024-06-21T23:42:52,4,21,0,25
2024-06-21T23:50:02,4,21,0,25
2024-06-21T23:57:12,4,21,0,25
2024-06-22T00:04:22,4,21,0,25
2024-06-22T00:11:33,4,21,0,25
2024-06-22T00:18:44,4,21,0,25
2024-06-22T00:25:56,4,21,0,25
2024-06-22T00:33:06,4,21,0,25
2024-06-22T00:40:17,4,21,0,25
2024-06-22T00:47:29,4,21,0,25
2024-06-22T00:54:51,4,21,0,25
2024-06-22T01:02:02,4,21,0,25
2024-06-22T01:09:13,4,21,0,25
2024-06-22T01:16:23,4,21,0,25
2024-06-22T01:23:34,4,21,0,25
2024-06-22T01:30:45,4,21,0,25
2024-06-22T01:37:56,4,21,0,25
2024-06-22T01:45:07,4,21,0,25
2024-06-22T01:52:18,4,21,0,25
2024-06-22T01:59:29,4,21,0,25
2024-06-22T02:06:40,4,21,0,25
2024-06-22T02:13:50,4,21,0,25
2024-06-22T02:21:00,4,21,0,25
2024-06-22T02:28:10,4,21,0,25
2024-06-22T02:35:22,4,21,0,25
2024-06-22T02:42:32,4,21,0,25
2024-06-22T02:49:42,4,21,0,25
2024-06-22T02:56:52,4,21,0,25
2024-06-22T03:04:02,4,21,0,25
2024-06-22T03:11:12,4,21,0,25
2024-06-22T03:18:22,4,21,0,25
2024-06-22T03:25:33,4,21,0,25
2024-06-22T03:32:43,4,21,0,25
2024-06-22T03:39:53,4,21,0,25
2024-06-22T03:47:03,4,21,0,25
2024-06-22T03:54:13,4,21,0,25
2024-06-22T04:01:25,4,21,0,25
2024-06-22T04:08:35,4,21,0,25
2024-06-22T04:15:57,4,21,0,25
2024-06-22T04:30:53,4,21,0,25
2024-06-22T04:38:28,4,21,0,25
2024-06-22T04:45:39,4,21,0,25
2024-06-22T04:52:49,4,21,0,25
2024-06-22T05:00:01,4,21,0,25
2024-06-22T05:07:11,4,21,0,25
2024-06-22T05:14:21,4,21,0,25
2024-06-22T05:21:30,4,21,0,25
2024-06-22T05:28:40,4,21,0,25
2024-06-22T05:35:51,4,21,0,25
2024-06-22T05:43:01,4,21,0,25
2024-06-22T05:50:43,4,21,0,25
2024-06-22T05:58:13,4,21,0,25
2024-06-22T06:05:24,4,21,0,25
2024-06-22T06:12:34,4,21,0,25
2024-06-22T06:19:45,4,21,0,25
2024-06-22T06:26:58,4,21,0,25
2024-06-22T06:34:08,4,21,0,25
2024-06-22T06:41:19,4,21,0,25
2024-06-22T06:48:29,4,21,0,25
2024-06-22T06:55:40,4,21,0,25
2024-06-22T07:02:50,4,21,0,25
2024-06-22T07:10:01,4,21,0,25
2024-06-22T07:17:12,4,21,0,25
2024-06-22T07:24:22,4,21,0,25
2024-06-22T07:31:33,4,21,0,25
2024-06-22T07:38:43,4,21,0,25
2024-06-22T07:45:53,4,21,0,25
2024-06-22T07:53:04,4,21,0,25
2024-06-22T08:00:14,4,21,0,25
2024-06-22T08:07:34,4,21,0,25
2024-06-22T08:14:44,4,21,0,25
2024-06-22T08:21:55,4,21,0,25
2024-06-22T08:29:06,4,21,0,25
2024-06-22T08:36:16,4,21,0,25
2024-06-22T08:43:26,4,21,0,25
2024-06-22T08:50:37,4,21,0,25
2024-06-22T08:57:47,4,21,0,25
2024-06-22T09:04:57,4,21,0,25
2024-06-22T09:12:08,4,21,0,25
2024-06-22T09:19:18,4,21,0,25
2024-06-22T09:26:28,4,21,0,25
2024-06-22T09:33:39,4,21,0,25
2024-06-22T09:40:49,4,21,0,25
2024-06-22T09:48:00,4,21,0,25
2024-06-22T09:55:10,4,21,0,25
2024-06-22T10:02:20,4,21,0,25
2024-06-22T10:09:31,4,21,0,25
2024-06-22T10:16:41,4,21,0,25
2024-06-22T10:23:51,4,21,0,25
2024-06-22T10:31:02,4,21,0,25
2024-06-22T10:38:12,4,21,0,25
2024-06-22T10:45:22,4,21,0,25
2024-06-22T10:52:33,4,21,0,25
2024-06-22T10:59:53,4,21,0,25
2024-06-22T11:07:03,4,21,0,25
2024-06-22T11:14:13,4,21,0,25
2024-06-22T11:21:24,4,21,0,25
2024-06-22T11:28:34,4,21,0,25
2024-06-22T11:35:44,4,21,0,25
2024-06-22T11:42:54,4,21,0,25
2024-06-22T11:50:04,4,21,0,25
2024-06-22T11:57:14,4,21,0,25
2024-06-22T12:04:24,4,21,0,25
2024-06-22T12:11:35,4,21,0,25
2024-06-22T12:18:45,4,21,0,25
2024-06-22T12:25:55,4,21,0,25
2024-06-22T12:33:05,4,21,0,25
2024-06-22T12:40:15,4,21,0,25
2024-06-22T12:47:26,4,21,0,25
2024-06-22T12:54:36,4,21,0,25
2024-06-22T13:01:46,4,21,0,25
2024-06-22T13:08:56,4,21,0,25
2024-06-22T13:16:06,4,21,0,25
2024-06-22T13:23:28,4,21,0,25
2024-06-22T13:30:38,4,21,0,25
2024-06-22T13:37:47,4,21,0,25
2024-06-22T13:44:57,4,21,0,25
2024-06-22T13:52:07,4,21,0,25
2024-06-22T13:59:17,4,21,0,25
2024-06-22T14:06:27,4,21,0,25
2024-06-22T14:13:36,4,21,0,25
2024-06-22T14:20:46,4,21,0,25
2024-06-22T14:27:55,4,21,0,25
2024-06-22T14:35:05,4,21,0,25
2024-06-22T14:42:15,4,21,0,25
2024-06-22T14:49:25,4,21,0,25
2024-06-22T14:56:34,4,21,0,25
2024-06-22T15:03:44,4,21,0,25
2024-06-22T15:10:53,4,21,0,25
2024-06-22T15:18:03,4,21,0,25
2024-06-22T15:25:25,4,21,0,25
2024-06-22T15:32:35,4,21,0,25
2024-06-22T15:39:45,4,21,0,25
2024-06-22T15:46:54,4,21,0,25
2024-06-22T15:54:04,4,21,0,25
2024-06-22T16:01:14,4,21,0,25
2024-06-22T16:08:24,4,21,0,25
2024-06-22T16:15:34,4,21,0,25
2024-06-22T16:22:44,4,21,0,25
2024-06-22T16:29:54,4,21,0,25
2024-06-22T16:37:04,4,21,0,25
2024-06-22T16:44:14,4,21,0,25
2024-06-22T16:51:23,4,21,0,25
2024-06-22T16:58:33,4,21,0,25
2024-06-22T17:05:43,4,21,0,25
2024-06-22T17:12:54,4,21,0,25
2024-06-22T17:20:03,4,21,0,25
2024-06-22T17:27:13,4,21,0,25
2024-06-22T17:34:23,4,21,0,25
2024-06-22T17:41:33,4,21,0,25
2024-06-22T17:48:42,4,21,0,25
2024-06-22T17:55:52,4,21,0,25
2024-06-22T18:03:11,4,21,0,25
2024-06-22T18:10:21,4,21,0,25
2024-06-22T18:17:31,4,21,0,25
2024-06-22T18:24:40,4,21,0,25
2024-06-22T18:31:50,4,21,0,25
2024-06-22T18:39:00,4,21,0,25
2024-06-22T18:46:10,4,21,0,25
2024-06-22T18:53:20,4,21,0,25
2024-06-22T19:00:30,4,21,0,25
2024-06-22T19:07:40,4,21,0,25
2024-06-22T19:14:49,4,21,0,25
2024-06-22T19:21:59,4,21,0,25
2024-06-22T19:29:08,4,21,0,25
2024-06-22T19:36:18,4,21,0,25
2024-06-22T19:43:29,4,21,0,25
2024-06-22T19:50:39,4,21,0,25
2024-06-22T19:57:49,4,21,0,25
2024-06-22T20:04:58,4,21,0,25
2024-06-22T20:12:08,4,21,0,25
2024-06-22T20:19:18,4,21,0,25
2024-06-22T20:26:28,4,21,0,25
2024-06-22T20:33:38,4,21,0,25
2024-06-22T20:40:47,4,21,0,25
2024-06-22T20:47:57,4,21,0,25
2024-06-22T20:55:07,4,21,0,25
2024-06-22T21:02:17,4,21,0,25
2024-06-22T21:09:27,4,21,0,25
2024-06-22T21:16:46,4,21,0,25
2024-06-22T21:23:56,4,21,0,25
2024-06-22T21:31:07,4,21,0,25
2024-06-22T21:38:17,4,21,0,25
2024-06-22T21:45:28,4,21,0,25
2024-06-22T21:52:38,4,21,0,25
2024-06-22T21:59:48,4,21,0,25
2024-06-22T22:06:58,4,21,0,25
2024-06-22T22:14:07,4,21,0,25
2024-06-22T22:21:17,4,21,0,25
2024-06-22T22:28:27,4,21,0,25
2024-06-22T22:35:37,4,21,0,25
2024-06-22T22:42:47,4,21,0,25
2024-06-22T22:49:56,4,21,0,25
2024-06-22T22:57:06,4,21,0,25
2024-06-22T23:04:16,4,21,0,25
2024-06-22T23:11:26,4,21,0,25
2024-06-22T23:18:36,4,21,0,25
2024-06-22T23:25:46,4,21,0,25
2024-06-22T23:32:55,4,21,0,25
2024-06-22T23:40:05,4,21,0,25
2024-06-22T23:47:15,4,21,0,25
2024-06-22T23:54:25,4,21,0,25
2024-06-23T00:01:34,4,21,0,25
2024-06-23T00:08:45,4,21,0,25
2024-06-23T00:15:55,4,21,0,25
2024-06-23T00:23:05,4,21,0,25
2024-06-23T00:30:15,4,21,0,25
2024-06-23T00:37:25,4,21,0,25
2024-06-23T00:44:35,4,21,0,25
2024-06-23T00:51:55,4,21,0,25
2024-06-23T00:59:05,4,21,0,25
2024-06-23T01:06:14,4,21,0,25
2024-06-23T01:13:24,4,21,0,25
2024-06-23T01:20:34,4,21,0,25
2024-06-23T01:27:44,4,21,0,25
2024-06-23T01:34:54,4,21,0,25
2024-06-23T01:42:04,4,21,0,25
2024-06-23T01:49:13,4,21,0,25
2024-06-23T01:56:23,4,21,0,25
2024-06-23T02:03:32,4,21,0,25
2024-06-23T02:10:42,4,21,0,25
2024-06-23T02:17:52,4,21,0,25
2024-06-23T02:25:02,4,21,0,25
2024-06-23T02:32:14,4,21,0,25
2024-06-23T02:39:24,4,21,0,25
2024-06-23T02:46:34,4,21,0,25
2024-06-23T02:53:46,4,21,0,25
2024-06-23T03:00:57,4,21,0,25
2024-06-23T03:08:08,4,21,0,25
2024-06-23T03:15:28,4,21,0,25
2024-06-23T03:22:56,4,21,0,25
2024-06-23T03:30:51,4,21,0,25
2024-06-23T03:38:28,4,21,0,25
2024-06-23T03:45:38,4,21,0,25
2024-06-23T03:52:49,4,21,0,25
2024-06-23T04:00:00,4,21,0,25
2024-06-23T04:07:11,4,21,0,25
2024-06-23T04:21:39,4,21,0,25
2024-06-23T04:28:51,4,21,0,25
2024-06-23T04:37:35,4,21,0,25
2024-06-23T04:45:06,4,21,0,25
2024-06-23T04:52:18,4,21,0,25
2024-06-23T04:59:28,4,21,0,25
2024-06-23T05:06:39,4,21,0,25
2024-06-23T05:13:50,4,21,0,25
2024-06-23T05:21:00,4,21,0,25
2024-06-23T05:28:11,4,21,0,25
2024-06-23T05:35:22,4,21,0,25
2024-06-23T05:42:33,4,21,0,25
2024-06-23T05:49:44,4,21,0,25
2024-06-23T05:56:55,4,21,0,25
2024-06-23T06:04:05,4,21,0,25
2024-06-23T06:11:15,4,21,0,25
2024-06-23T06:18:26,4,21,0,25
2024-06-23T06:25:36,4,21,0,25
2024-06-23T06:32:47,4,21,0,25
2024-06-23T06:39:58,4,21,0,25
2024-06-23T06:47:09,4,21,0,25
2024-06-23T06:54:19,4,21,0,25
2024-06-23T07:01:29,4,21,0,25
2024-06-23T07:08:40,4,21,0,25
2024-06-23T07:15:51,4,21,0,25
2024-06-23T07:23:01,4,21,0,25
2024-06-23T07:30:13,4,21,0,25
2024-06-23T07:37:24,4,21,0,25
2024-06-23T07:44:34,4,21,0,25
2024-06-23T07:51:45,4,21,0,25
2024-06-23T07:58:56,4,21,0,25
2024-06-23T08:06:06,4,21,0,25
2024-06-23T08:13:17,4,21,0,25
2024-06-23T08:20:27,4,21,0,25
2024-06-23T08:27:37,4,21,0,25
2024-06-23T08:34:48,4,21,0,25
2024-06-23T08:41:58,4,21,0,25
2024-06-23T08:49:08,4,21,0,25
2024-06-23T08:56:29,4,21,0,25
2024-06-23T09:03:39,4,21,0,25
2024-06-23T09:10:49,4,21,0,25
2024-06-23T09:17:59,4,21,0,25
2024-06-23T09:25:09,4,21,0,25
2024-06-23T09:32:19,4,21,0,25
2024-06-23T09:39:30,4,21,0,25
2024-06-23T09:46:40,4,21,0,25
2024-06-23T09:53:50,4,21,0,25
2024-06-23T10:00:59,4,21,0,25
2024-06-23T10:08:09,4,21,0,25
2024-06-23T10:15:19,4,21,0,25
2024-06-23T10:22:31,4,21,0,25
2024-06-23T10:29:42,4,21,0,25
2024-06-23T10:36:54,4,21,0,25
2024-06-23T10:44:05,4,21,0,25
2024-06-23T10:51:16,4,21,0,25
2024-06-23T10:58:28,4,21,0,25
2024-06-23T11:05:40,4,21,0,25
2024-06-23T11:12:50,4,21,0,25
2024-06-23T11:20:01,4,21,0,25
2024-06-23T11:27:12,4,21,0,25
2024-06-23T11:34:24,4,21,0,25
2024-06-23T11:41:36,4,21,0,25
2024-06-23T11:48:46,4,21,0,25
2024-06-23T11:56:08,4,21,0,25
2024-06-23T12:03:19,4,21,0,25
2024-06-23T12:10:29,4,21,0,25
2024-06-23T12:17:39,4,21,0,25
2024-06-23T12:24:50,4,21,0,25
2024-06-23T12:32:00,4,21,0,25
2024-06-23T12:39:10,4,21,0,25
2024-06-23T12:46:20,4,21,0,25
2024-06-23T12:53:30,4,21,0,25
2024-06-23T13:00:39,4,21,0,25
2024-06-23T13:07:49,4,21,0,25
2024-06-23T13:14:59,4,21,0,25
2024-06-23T13:22:09,4,21,0,25
2024-06-23T13:29:18,4,21,0,25
2024-06-23T13:36:30,4,21,0,25
2024-06-23T13:43:40,4,21,0,25
2024-06-23T13:50:59,4,21,0,25
2024-06-23T13:58:13,4,21,0,25
2024-06-23T14:05:23,4,21,0,25
2024-06-23T14:12:33,4,21,0,25
2024-06-23T14:19:42,4,21,0,25
2024-06-23T14:26:53,4,21,0,25
2024-06-23T14:34:03,4,21,0,25
2024-06-23T14:41:13,4,21,0,25
2024-06-23T14:48:23,4,21,0,25
2024-06-23T14:55:33,4,21,0,25
2024-06-23T15:02:43,4,21,0,25
2024-06-23T15:09:53,4,21,0,25
2024-06-23T15:17:03,4,21,0,25
2024-06-23T15:24:13,4,21,0,25
2024-06-23T15:31:23,4,21,0,25
2024-06-23T15:38:33,4,21,0,25
2024-06-23T15:45:43,4,21,0,25
2024-06-23T15:52:52,4,21,0,25
2024-06-23T16:00:13,4,21,0,25
2024-06-23T16:07:24,4,21,0,25
2024-06-23T16:14:34,4,21,0,25
2024-06-23T16:21:44,4,21,0,25
2024-06-23T16:28:54,4,21,0,25
2024-06-23T16:36:04,4,21,0,25
2024-06-23T16:43:14,4,21,0,25
2024-06-23T16:50:24,4,21,0,25
2024-06-23T16:57:34,4,21,0,25
2024-06-23T17:04:44,4,21,0,25
2024-06-23T17:11:54,4,21,0,25
2024-06-23T17:19:04,4,21,0,25
2024-06-23T17:26:13,4,21,0,25
2024-06-23T17:33:23,4,21,0,25
2024-06-23T17:40:33,4,21,0,25
2024-06-23T17:47:43,4,21,0,25
2024-06-23T17:54:52,4,21,0,25
2024-06-23T18:02:02,4,21,0,25
2024-06-23T18:09:12,4,21,0,25
2024-06-23T18:16:22,4,21,0,25
2024-06-23T18:23:32,4,21,0,25
2024-06-23T18:30:52,4,21,0,25
2024-06-23T18:38:02,4,21,0,25
2024-06-23T18:45:12,4,21,0,25
2024-06-23T18:52:25,4,21,0,25
2024-06-23T18:59:35,4,21,0,25
2024-06-23T19:06:46,4,21,0,25
2024-06-23T19:13:55,4,21,0,25
2024-06-23T19:21:05,4,21,0,25
2024-06-23T19:28:15,4,21,0,25
2024-06-23T19:35:25,4,21,0,25
2024-06-23T19:42:35,4,21,0,25
2024-06-23T19:49:45,4,21,0,25
2024-06-23T19:56:55,4,21,0,25
2024-06-23T20:04:04,4,21,0,25
2024-06-23T20:11:14,4,21,0,25
2024-06-23T20:18:24,4,21,0,25
2024-06-23T20:25:34,4,21,0,25
2024-06-23T20:32:44,4,21,0,25
2024-06-23T20:39:54,4,21,0,25
2024-06-23T20:47:04,4,21,0,25
2024-06-23T20:54:14,4,21,0,25
2024-06-23T21:01:23,4,21,0,25
2024-06-23T21:08:43,4,21,0,25
2024-06-23T21:15:55,4,21,0,25
2024-06-23T21:23:06,4,21,0,25
2024-06-23T21:30:16,4,21,0,25
2024-06-23T21:37:27,4,21,0,25
2024-06-23T21:44:37,4,21,0,25
2024-06-23T21:51:48,4,21,0,25
2024-06-23T21:58:58,4,21,0,25
2024-06-23T22:06:08,4,21,0,25
2024-06-23T22:13:18,4,21,0,25
2024-06-23T22:20:28,5,20,0,25
2024-06-23T22:27:38,5,20,0,25
2024-06-23T22:34:48,5,20,0,25
2024-06-23T22:41:58,5,20,0,25
2024-06-23T22:49:08,5,20,0,25
2024-06-23T22:56:18,5,20,0,25
2024-06-23T23:03:27,5,20,0,25
2024-06-23T23:10:38,5,20,0,25
2024-06-23T23:17:51,5,20,0,25
2024-06-23T23:25:12,5,20,0,25
2024-06-23T23:32:22,5,20,0,25
2024-06-23T23:39:33,5,20,0,25
2024-06-23T23:46:43,5,20,0,25
2024-06-23T23:53:53,5,20,0,25
2024-06-24T00:01:03,5,20,0,25
2024-06-24T00:08:14,5,20,0,25
2024-06-24T00:15:27,5,20,0,25
2024-06-24T00:22:38,5,20,0,25
2024-06-24T00:29:50,5,20,0,25
2024-06-24T00:37:01,5,20,0,25
2024-06-24T00:44:12,5,20,0,25
2024-06-24T00:51:22,5,20,0,25
2024-06-24T00:58:32,5,20,0,25
2024-06-24T01:05:44,5,20,0,25
2024-06-24T01:12:59,5,20,0,25
2024-06-24T01:20:11,5,20,0,25
2024-06-24T01:27:22,5,20,0,25
2024-06-24T01:34:32,5,20,0,25
2024-06-24T01:41:43,5,20,0,25
2024-06-24T01:48:54,5,20,0,25
2024-06-24T01:56:04,5,20,0,25
2024-06-24T02:03:15,5,20,0,25
2024-06-24T02:10:25,5,20,0,25
2024-06-24T02:17:36,5,20,0,25
2024-06-24T02:25:02,5,20,0,25
2024-06-24T02:32:13,5,20,0,25
2024-06-24T02:39:23,5,20,0,25
2024-06-24T02:46:33,5,20,0,25
2024-06-24T02:53:43,5,20,0,25
2024-06-24T03:01:03,5,20,0,25
2024-06-24T03:08:14,5,20,0,25
2024-06-24T03:15:25,5,20,0,25
2024-06-24T03:22:36,5,20,0,25
2024-06-24T03:29:47,5,20,0,25
2024-06-24T03:36:57,5,20,0,25
2024-06-24T03:44:07,5,20,0,25
2024-06-24T03:51:17,5,20,0,25
2024-06-24T03:58:28,5,20,0,25
2024-06-24T04:05:39,5,20,0,25
2024-06-24T04:19:35,5,20,0,25
2024-06-24T04:26:46,5,20,0,25
2024-06-24T04:35:07,5,20,0,25
2024-06-24T04:42:57,5,20,0,25
2024-06-24T04:50:08,5,20,0,25
2024-06-24T04:57:19,5,20,0,25
2024-06-24T05:04:31,5,20,0,25
2024-06-24T05:11:43,5,20,0,25
2024-06-24T05:18:53,5,20,0,25
2024-06-24T05:26:03,5,20,0,25
2024-06-24T05:33:14,5,20,0,25
2024-06-24T05:40:25,5,20,0,25
2024-06-24T05:47:36,5,20,0,25
2024-06-24T05:54:47,5,20,0,25
2024-06-24T06:01:58,5,20,0,25
2024-06-24T06:09:09,5,20,0,25
2024-06-24T06:16:19,5,20,0,25
2024-06-24T06:23:34,5,20,0,25
2024-06-24T06:30:44,5,20,0,25
2024-06-24T06:37:54,5,20,0,25
2024-06-24T06:45:05,5,20,0,25
2024-06-24T06:52:15,5,20,0,25
2024-06-24T06:59:26,5,20,0,25
2024-06-24T07:06:36,5,20,0,25
2024-06-24T07:13:48,5,20,0,25
2024-06-24T07:20:58,5,20,0,25
2024-06-24T07:28:07,5,20,0,25
2024-06-24T07:35:17,5,20,0,25
2024-06-24T07:42:37,5,20,0,25
2024-06-24T07:49:47,5,20,0,25
2024-06-24T07:56:56,5,20,0,25
2024-06-24T08:04:06,5,20,0,25
2024-06-24T08:11:17,5,20,0,25
2024-06-24T08:18:28,5,20,0,25
2024-06-24T08:25:38,5,20,0,25
2024-06-24T08:32:49,5,20,0,25
2024-06-24T08:40:00,5,20,0,25
2024-06-24T08:47:10,5,20,0,25
2024-06-24T08:54:20,5,20,0,25
2024-06-24T09:01:30,5,20,0,25
2024-06-24T09:08:41,5,20,0,25
2024-06-24T09:15:51,5,20,0,25
2024-06-24T09:23:01,5,20,0,25
2024-06-24T09:30:11,5,20,0,25
2024-06-24T09:37:21,5,20,0,25
2024-06-24T09:44:31,5,20,0,25
2024-06-24T09:51:43,5,20,0,25
2024-06-24T09:58:55,5,20,0,25
2024-06-24T10:06:06,5,20,0,25
2024-06-24T10:13:30,5,20,0,25
2024-06-24T10:20:41,5,20,0,25
2024-06-24T10:27:52,5,20,0,25
2024-06-24T10:35:02,5,20,0,25
2024-06-24T10:42:12,5,20,0,25
2024-06-24T10:49:22,5,20,0,25
2024-06-24T10:56:32,5,20,0,25
2024-06-24T11:03:43,5,20,0,25
2024-06-24T11:10:53,5,20,0,25
2024-06-24T11:18:03,5,20,0,25
2024-06-24T11:25:13,5,20,0,25
2024-06-24T11:32:23,5,20,0,25
2024-06-24T11:39:33,5,20,0,25
2024-06-24T11:46:42,5,20,0,25
2024-06-24T11:54:03,5,20,0,25
2024-06-24T12:01:12,5,20,0,25
2024-06-24T12:08:22,5,20,0,25
2024-06-24T12:15:32,5,20,0,25
2024-06-24T12:22:44,5,20,0,25
2024-06-24T12:29:55,5,20,0,25
2024-06-24T12:37:04,5,20,0,25
2024-06-24T12:44:14,5,20,0,25
2024-06-24T12:51:24,5,20,0,25
2024-06-24T12:58:34,5,20,0,25
2024-06-24T13:05:44,5,20,0,25
2024-06-24T13:12:54,5,20,0,25
2024-06-24T13:20:15,5,20,0,25
2024-06-24T13:27:25,5,20,0,25
2024-06-24T13:34:35,5,20,0,25
2024-06-24T13:41:45,5,20,0,25
2024-06-24T13:48:55,5,20,0,25
2024-06-24T13:56:06,5,20,0,25
2024-06-24T14:03:16,5,20,0,25
2024-06-24T14:10:26,5,20,0,25
2024-06-24T14:17:36,5,20,0,25
2024-06-24T14:24:47,5,20,0,25
2024-06-24T14:32:01,5,20,0,25
2024-06-24T14:39:11,5,20,0,25
2024-06-24T14:46:21,5,20,0,25
2024-06-24T14:53:31,5,20,0,25
2024-06-24T15:00:52,5,20,0,25
2024-06-24T15:08:02,5,20,0,25
2024-06-24T15:15:12,5,20,0,25
2024-06-24T15:22:22,5,20,0,25
2024-06-24T15:29:32,5,20,0,25
2024-06-24T15:36:42,5,20,0,25
2024-06-24T15:43:53,5,20,0,25
2024-06-24T15:51:03,5,20,0,25
2024-06-24T15:58:13,5,20,0,25
2024-06-24T16:05:22,5,20,0,25
2024-06-24T16:12:32,5,20,0,25
2024-06-24T16:19:42,5,20,0,25
2024-06-24T16:26:53,5,20,0,25
2024-06-24T16:34:13,5,20,0,25
2024-06-24T16:41:23,5,20,0,25
2024-06-24T16:48:32,5,20,0,25
2024-06-24T16:55:42,5,20,0,25
2024-06-24T17:02:52,5,20,0,25
2024-06-24T17:10:02,5,20,0,25
2024-06-24T17:17:12,5,20,0,25
2024-06-24T17:24:23,5,20,0,25
2024-06-24T17:31:33,5,20,0,25
2024-06-24T17:38:43,5,20,0,25
2024-06-24T17:45:54,5,20,0,25
2024-06-24T17:53:03,5,20,0,25
2024-06-24T18:00:13,5,20,0,25
2024-06-24T18:07:24,5,20,0,25
2024-06-24T18:14:34,5,20,0,25
2024-06-24T18:21:44,5,20,0,25
2024-06-24T18:28:53,5,20,0,25
2024-06-24T18:36:14,5,20,0,25
2024-06-24T18:43:24,5,20,0,25
2024-06-24T18:50:34,5,20,0,25
2024-06-24T18:57:44,5,20,0,25
2024-06-24T19:04:54,5,20,0,25
2024-06-24T19:12:04,5,20,0,25
2024-06-24T19:19:14,5,20,0,25
2024-06-24T19:26:23,4,21,0,25
2024-06-24T19:33:33,4,21,0,25
2024-06-24T19:40:43,4,21,0,25
2024-06-24T19:47:53,4,21,0,25
2024-06-24T19:55:02,4,21,0,25
2024-06-24T20:02:12,4,21,0,25
2024-06-24T20:09:22,4,21,0,25
2024-06-24T20:16:43,4,21,0,25
2024-06-24T20:23:54,4,21,0,25
2024-06-24T20:31:04,4,21,0,25
2024-06-24T20:38:15,4,21,0,25
2024-06-24T20:45:25,4,21,0,25
2024-06-24T20:52:34,4,21,0,25
2024-06-24T20:59:44,4,21,0,25
2024-06-24T21:06:55,4,21,0,25
2024-06-24T21:14:05,4,21,0,25
2024-06-24T21:21:16,4,21,0,25
2024-06-24T21:28:26,4,21,0,25
2024-06-24T21:35:36,4,21,0,25
2024-06-24T21:42:46,4,21,0,25
2024-06-24T21:49:55,3,22,0,25
2024-06-24T21:57:09,3,22,0,25
2024-06-24T22:04:19,3,22,0,25
2024-06-24T22:11:31,3,22,0,25
2024-06-24T22:18:41,3,22,0,25
2024-06-24T22:25:51,3,22,0,25
2024-06-24T22:33:13,3,22,0,25
2024-06-24T22:40:22,3,22,0,25
2024-06-24T22:47:32,3,22,0,25
2024-06-24T22:54:42,3,22,0,25
2024-06-24T23:01:52,3,22,0,25
2024-06-24T23:09:01,3,22,0,25
2024-06-24T23:16:11,3,22,0,25
2024-06-24T23:23:21,3,22,0,25
2024-06-24T23:30:32,3,22,0,25
2024-06-24T23:37:41,3,22,0,25
2024-06-24T23:44:52,3,22,0,25
2024-06-24T23:52:01,3,22,0,25
2024-06-24T23:59:11,3,22,0,25
2024-06-25T00:06:22,3,22,0,25
2024-06-25T00:13:33,3,22,0,25
2024-06-25T00:20:44,3,22,0,25
2024-06-25T00:28:08,3,22,0,25
2024-06-25T00:35:20,3,22,0,25
2024-06-25T00:42:31,3,22,0,25
2024-06-25T00:49:42,3,22,0,25
2024-06-25T00:56:52,3,22,0,25
2024-06-25T01:04:03,3,22,0,25
2024-06-25T01:11:13,3,22,0,25
2024-06-25T01:18:23,3,22,0,25
2024-06-25T01:25:34,3,22,0,25
2024-06-25T01:32:45,3,22,0,25
2024-06-25T01:39:55,3,22,0,25
2024-06-25T01:47:06,3,22,0,25
2024-06-25T01:54:17,3,22,0,25
2024-06-25T02:01:28,3,22,0,25
2024-06-25T02:08:39,3,22,0,25
2024-06-25T02:15:49,3,22,0,25
2024-06-25T02:23:00,3,22,0,25
2024-06-25T02:30:09,3,22,0,25
2024-06-25T02:37:20,3,22,0,25
2024-06-25T02:44:30,3,22,0,25
2024-06-25T02:51:40,3,22,0,25
2024-06-25T02:58:50,3,22,0,25
2024-06-25T03:06:00,3,22,0,25
2024-06-25T03:13:11,3,22,0,25
2024-06-25T03:20:21,3,22,0,25
2024-06-25T03:27:32,3,22,0,25
2024-06-25T03:34:43,3,22,0,25
2024-06-25T03:41:55,3,22,0,25
2024-06-25T03:49:05,3,22,0,25
2024-06-25T03:56:16,3,22,0,25
2024-06-25T04:03:27,3,22,0,25
2024-06-25T04:10:39,3,22,0,25
2024-06-25T04:28:53,3,22,0,25
2024-06-25T04:36:05,3,22,0,25
2024-06-25T04:44:37,3,22,0,25
2024-06-25T04:51:50,3,22,0,25
2024-06-25T04:59:23,3,22,0,25
2024-06-25T05:06:35,3,22,0,25
2024-06-25T05:13:46,3,22,0,25
2024-06-25T05:21:02,3,22,0,25
2024-06-25T05:28:13,3,22,0,25
2024-06-25T05:35:24,3,22,0,25
2024-06-25T05:42:34,3,22,0,25
2024-06-25T05:49:45,3,22,0,25
2024-06-25T05:56:56,3,22,0,25
2024-06-25T06:04:07,3,22,0,25
2024-06-25T06:11:17,3,22,0,25
2024-06-25T06:18:27,3,22,0,25
2024-06-25T06:25:38,3,22,0,25
2024-06-25T06:32:52,3,22,0,25
2024-06-25T06:40:04,3,22,0,25
2024-06-25T06:47:14,3,22,0,25
2024-06-25T06:54:25,3,22,0,25
2024-06-25T07:01:36,3,22,0,25
2024-06-25T07:08:47,3,22,0,25
2024-06-25T07:15:58,3,22,0,25
2024-06-25T07:23:08,3,22,0,25
2024-06-25T07:30:19,3,22,0,25
2024-06-25T07:37:29,3,22,0,25
2024-06-25T07:44:40,3,22,0,25
2024-06-25T07:51:50,3,22,0,25
2024-06-25T07:59:01,3,22,0,25
2024-06-25T08:06:11,3,22,0,25
2024-06-25T08:13:22,3,22,0,25
2024-06-25T08:20:40,3,22,0,25
2024-06-25T08:27:50,3,22,0,25
2024-06-25T08:35:01,3,22,0,25
2024-06-25T08:42:11,3,22,0,25
2024-06-25T08:49:22,3,22,0,25
2024-06-25T08:56:35,3,22,0,25
2024-06-25T09:03:46,3,22,0,25
2024-06-25T09:10:56,3,22,0,25
2024-06-25T09:18:06,3,22,0,25
2024-06-25T09:25:17,3,22,0,25
2024-06-25T09:32:27,3,22,0,25
2024-06-25T09:39:38,3,22,0,25
2024-06-25T09:46:49,3,22,0,25
2024-06-25T09:53:59,3,22,0,25
2024-06-25T10:01:10,3,22,0,25
2024-06-25T10:08:20,3,22,0,25
2024-06-25T10:15:31,3,22,0,25
2024-06-25T10:22:41,3,22,0,25
2024-06-25T10:30:01,3,22,0,25
2024-06-25T10:37:10,3,22,0,25
2024-06-25T10:44:20,3,22,0,25
2024-06-25T10:51:30,3,22,0,25
2024-06-25T10:58:40,3,22,0,25
2024-06-25T11:05:50,3,22,0,25
2024-06-25T11:13:00,3,22,0,25
2024-06-25T11:20:10,3,22,0,25
2024-06-25T11:27:20,3,22,0,25
2024-06-25T11:34:30,3,22,0,25
2024-06-25T11:41:41,3,22,0,25
2024-06-25T11:48:51,3,22,0,25
2024-06-25T11:56:01,3,22,0,25
2024-06-25T12:03:11,3,22,0,25
2024-06-25T12:10:20,3,22,0,25
2024-06-25T12:17:42,3,22,0,25
2024-06-25T12:24:52,3,22,0,25
2024-06-25T12:32:05,3,22,0,25
2024-06-25T12:39:15,3,22,0,25
2024-06-25T12:46:24,3,22,0,25
2024-06-25T12:53:34,3,22,0,25
2024-06-25T13:00:44,3,22,0,25
2024-06-25T13:07:54,3,22,0,25
2024-06-25T13:15:11,3,22,0,25
2024-06-25T13:22:21,3,22,0,25
2024-06-25T13:29:43,3,22,0,25
2024-06-25T13:36:53,3,22,0,25
2024-06-25T13:44:03,3,22,0,25
2024-06-25T13:51:13,3,22,0,25
2024-06-25T13:58:23,3,22,0,25
2024-06-25T14:05:33,3,22,0,25
2024-06-25T14:12:42,3,22,0,25
2024-06-25T14:19:52,3,22,0,25
2024-06-25T14:27:02,3,22,0,25
2024-06-25T14:34:12,3,22,0,25
2024-06-25T14:41:21,3,22,0,25
2024-06-25T14:48:32,3,22,0,25
2024-06-25T14:55:41,3,22,0,25
2024-06-25T15:02:51,3,22,0,25
2024-06-25T15:10:01,3,22,0,25
2024-06-25T15:17:21,3,22,0,25
2024-06-25T15:24:31,3,22,0,25
2024-06-25T15:31:40,3,22,0,25
2024-06-25T15:38:50,3,22,0,25
2024-06-25T15:46:00,3,22,0,25
2024-06-25T15:53:10,3,22,0,25
2024-06-25T16:00:19,3,22,0,25
2024-06-25T16:07:29,3,22,0,25
2024-06-25T16:14:39,3,22,0,25
2024-06-25T16:21:48,3,22,0,25
2024-06-25T16:28:58,3,22,0,25
2024-06-25T16:36:08,3,22,0,25
2024-06-25T16:43:18,3,22,0,25
2024-06-25T16:50:40,3,22,0,25
2024-06-25T16:57:50,3,22,0,25
2024-06-25T17:05:00,3,22,0,25
2024-06-25T17:12:10,3,22,0,25
2024-06-25T17:19:20,3,22,0,25
2024-06-25T17:26:30,3,22,0,25
2024-06-25T17:33:40,3,22,0,25
2024-06-25T17:40:50,3,22,0,25
2024-06-25T17:48:00,3,22,0,25
2024-06-25T17:55:09,3,22,0,25
2024-06-25T18:02:19,3,22,0,25
2024-06-25T18:09:28,3,22,0,25
2024-06-25T18:16:38,3,22,0,25
2024-06-25T18:23:48,3,22,0,25
2024-06-25T18:30:58,3,22,0,25
2024-06-25T18:38:08,3,22,0,25
2024-06-25T18:45:17,3,22,0,25
2024-06-25T18:52:27,3,22,0,25
2024-06-25T18:59:38,3,22,0,25
2024-06-25T19:06:58,3,22,0,25
2024-06-25T19:14:07,3,22,0,25
2024-06-25T19:21:17,3,22,0,25
2024-06-25T19:28:27,3,22,0,25
2024-06-25T19:35:38,3,22,0,25
2024-06-25T19:42:48,3,22,0,25
2024-06-25T19:49:57,3,22,0,25
2024-06-25T19:57:08,3,22,0,25
2024-06-25T20:04:17,3,22,0,25
2024-06-25T20:11:28,3,22,0,25
2024-06-25T20:18:37,3,22,0,25
2024-06-25T20:25:47,3,22,0,25
2024-06-25T20:32:57,3,22,0,25
2024-06-25T20:40:08,3,22,0,25
2024-06-25T20:47:18,3,22,0,25
2024-06-25T20:54:28,3,22,0,25
2024-06-25T21:01:38,3,22,0,25
2024-06-25T21:08:48,3,22,0,25
2024-06-25T21:15:58,3,22,0,25
2024-06-25T21:23:08,3,22,0,25
2024-06-25T21:30:18,3,22,0,25
2024-06-25T21:37:28,3,22,0,25
2024-06-25T21:44:48,3,22,0,25
2024-06-25T21:51:59,3,22,0,25
2024-06-25T21:59:09,3,22,0,25
2024-06-25T22:06:19,3,22,0,25
2024-06-25T22:13:28,3,22,0,25
2024-06-25T22:20:38,3,22,0,25
2024-06-25T22:27:49,3,22,0,25
2024-06-25T22:35:00,3,22,0,25
2024-06-25T22:42:10,3,22,0,25
2024-06-25T22:49:21,3,22,0,25
2024-06-25T22:56:31,3,22,0,25
2024-06-25T23:03:42,3,22,0,25
2024-06-25T23:10:55,3,22,0,25
2024-06-25T23:18:07,3,22,0,25
2024-06-25T23:25:19,3,22,0,25
2024-06-25T23:32:30,3,22,0,25
2024-06-25T23:39:41,3,22,0,25
2024-06-25T23:46:52,3,22,0,25
2024-06-25T23:54:02,3,22,0,25
2024-06-26T00:01:13,3,22,0,25
2024-06-26T00:08:25,3,22,0,25
2024-06-26T00:15:37,3,22,0,25
2024-06-26T00:22:51,3,22,0,25
2024-06-26T00:30:04,3,22,0,25
2024-06-26T00:37:26,3,22,0,25
2024-06-26T00:44:38,3,22,0,25
2024-06-26T00:51:50,3,22,0,25
2024-06-26T00:59:02,3,22,0,25
2024-06-26T01:06:14,3,22,0,25
2024-06-26T01:13:26,3,22,0,25
2024-06-26T01:20:38,3,22,0,25
2024-06-26T01:27:50,3,22,0,25
2024-06-26T01:35:01,3,22,0,25
2024-06-26T01:42:13,3,22,0,25
2024-06-26T01:49:25,3,22,0,25
2024-06-26T01:56:37,3,22,0,25
2024-06-26T02:03:49,3,22,0,25
2024-06-26T02:11:00,3,22,0,25
2024-06-26T02:18:12,3,22,0,25
2024-06-26T02:25:24,3,22,0,25
2024-06-26T02:32:36,3,22,0,25
2024-06-26T02:39:47,3,22,0,25
2024-06-26T02:46:59,3,22,0,25
2024-06-26T02:54:10,3,22,0,25
2024-06-26T03:01:21,3,22,0,25
2024-06-26T03:08:32,3,22,0,25
2024-06-26T03:15:43,3,22,0,25
2024-06-26T03:22:55,3,22,0,25
2024-06-26T03:30:07,3,22,0,25
2024-06-26T03:37:18,3,22,0,25
2024-06-26T03:44:48,3,22,0,25
2024-06-26T03:52:00,3,22,0,25
2024-06-26T03:59:11,3,22,0,25
2024-06-26T04:06:23,3,22,0,25
2024-06-26T04:21:57,3,22,0,25
2024-06-26T04:29:09,3,22,0,25
2024-06-26T04:36:21,3,22,0,25
2024-06-26T04:43:33,3,22,0,25
2024-06-26T04:52:09,3,22,0,25
2024-06-26T04:59:40,3,22,0,25
2024-06-26T05:06:53,3,22,0,25
2024-06-26T05:14:09,3,22,0,25
2024-06-26T05:21:21,3,22,0,25
2024-06-26T05:28:33,3,22,0,25
2024-06-26T05:35:45,3,22,0,25
2024-06-26T05:42:56,3,22,0,25
2024-06-26T05:50:09,3,22,0,25
2024-06-26T05:57:20,3,22,0,25
2024-06-26T06:04:32,3,22,0,25
2024-06-26T06:11:43,3,22,0,25
2024-06-26T06:18:55,3,22,0,25
2024-06-26T06:26:07,3,22,0,25
2024-06-26T06:33:19,3,22,0,25
2024-06-26T06:40:30,3,22,0,25
2024-06-26T06:47:41,3,22,0,25
2024-06-26T06:54:53,3,22,0,25
2024-06-26T07:02:05,3,22,0,25
2024-06-26T07:09:17,3,22,0,25
2024-06-26T07:16:28,3,22,0,25
2024-06-26T07:23:40,3,22,0,25
2024-06-26T07:30:52,3,22,0,25
2024-06-26T07:38:02,3,22,0,25
2024-06-26T07:45:13,3,22,0,25
2024-06-26T07:52:24,3,22,0,25
2024-06-26T07:59:36,3,22,0,25
2024-06-26T08:06:48,3,22,0,25
2024-06-26T08:13:59,3,22,0,25
2024-06-26T08:21:18,3,22,0,25
2024-06-26T08:28:30,3,22,0,25
2024-06-26T08:35:41,3,22,0,25
2024-06-26T08:42:52,3,22,0,25
2024-06-26T08:50:03,3,22,0,25
2024-06-26T08:57:14,3,22,0,25
2024-06-26T09:04:25,3,22,0,25
2024-06-26T09:11:36,3,22,0,25
2024-06-26T09:18:47,3,22,0,25
2024-06-26T09:25:58,3,22,0,25
2024-06-26T09:33:09,3,22,0,25
2024-06-26T09:40:20,3,22,0,25
2024-06-26T09:47:31,3,22,0,25
2024-06-26T09:54:42,3,22,0,25
2024-06-26T10:01:54,3,22,0,25
2024-06-26T10:09:04,3,22,0,25
2024-06-26T10:16:15,3,22,0,25
2024-06-26T10:23:26,3,22,0,25
2024-06-26T10:30:37,3,22,0,25
2024-06-26T10:37:48,3,22,0,25
2024-06-26T10:44:59,3,22,0,25
2024-06-26T10:52:11,3,22,0,25
2024-06-26T10:59:22,3,22,0,25
2024-06-26T11:06:42,3,22,0,25
2024-06-26T11:13:53,3,22,0,25
2024-06-26T11:21:03,3,22,0,25
2024-06-26T11:28:14,3,22,0,25
2024-06-26T11:35:25,3,22,0,25
2024-06-26T11:42:36,3,22,0,25
2024-06-26T11:49:48,3,22,0,25
2024-06-26T11:56:58,3,22,0,25
2024-06-26T12:04:09,3,22,0,25
2024-06-26T12:11:20,3,22,0,25
2024-06-26T12:18:31,3,22,0,25
2024-06-26T12:25:42,3,22,0,25
2024-06-26T12:32:52,3,22,0,25
2024-06-26T12:40:13,3,22,0,25
2024-06-26T12:47:24,3,22,0,25
2024-06-26T12:54:34,3,22,0,25
2024-06-26T13:01:45,3,22,0,25
2024-06-26T13:08:55,3,22,0,25
2024-06-26T13:16:06,3,22,0,25
2024-06-26T13:23:17,3,22,0,25
2024-06-26T13:30:27,3,22,0,25
2024-06-26T13:37:38,3,22,0,25
2024-06-26T13:44:49,3,22,0,25
2024-06-26T13:51:59,3,22,0,25
2024-06-26T13:59:10,3,22,0,25
2024-06-26T14:06:21,3,22,0,25
2024-06-26T14:13:31,3,22,0,25
2024-06-26T14:20:51,3,22,0,25
2024-06-26T14:28:02,3,22,0,25
2024-06-26T14:35:12,3,22,0,25
2024-06-26T14:42:23,3,22,0,25
2024-06-26T14:49:34,3,22,0,25
2024-06-26T14:56:44,3,22,0,25
2024-06-26T15:03:55,3,22,0,25
2024-06-26T15:11:06,3,22,0,25
2024-06-26T15:18:16,3,22,0,25
2024-06-26T15:25:28,3,22,0,25
2024-06-26T15:32:38,3,22,0,25
2024-06-26T15:39:49,3,22,0,25
2024-06-26T15:47:00,3,22,0,25
2024-06-26T15:54:10,3,22,0,25
2024-06-26T16:01:29,3,22,0,25
2024-06-26T16:08:40,3,22,0,25
2024-06-26T16:15:51,3,22,0,25
2024-06-26T16:23:01,3,22,0,25
2024-06-26T16:30:12,3,22,0,25
2024-06-26T16:37:23,3,22,0,25
2024-06-26T16:44:33,3,22,0,25
2024-06-26T16:51:43,3,22,0,25
2024-06-26T16:58:54,3,22,0,25
2024-06-26T17:06:05,3,22,0,25
2024-06-26T17:13:16,3,22,0,25
2024-06-26T17:20:27,3,22,0,25
2024-06-26T17:27:38,3,22,0,25
2024-06-26T17:34:49,3,22,0,25
2024-06-26T17:42:00,3,22,0,25
2024-06-26T17:49:11,3,22,0,25
2024-06-26T17:56:21,3,22,0,25
2024-06-26T18:03:41,3,22,0,25
2024-06-26T18:10:52,3,22,0,25
2024-06-26T18:18:02,3,22,0,25
2024-06-26T18:25:13,3,22,0,25
2024-06-26T18:32:24,3,22,0,25
2024-06-26T18:39:34,3,22,0,25
2024-06-26T18:46:46,3,22,0,25
2024-06-26T18:53:56,3,22,0,25
2024-06-26T19:01:07,3,22,0,25
2024-06-26T19:08:18,3,22,0,25
2024-06-26T19:15:29,3,22,0,25
2024-06-26T19:22:40,3,22,0,25
2024-06-26T19:29:50,3,22,0,25
2024-06-26T19:37:01,3,22,0,25
2024-06-26T19:44:12,3,22,0,25
2024-06-26T19:51:22,3,22,0,25
2024-06-26T19:58:33,3,22,0,25
2024-06-26T20:05:44,3,22,0,25
2024-06-26T20:12:55,3,22,0,25
2024-06-26T20:20:06,3,22,0,25
2024-06-26T20:27:17,3,22,0,25
2024-06-26T20:34:27,3,22,0,25
2024-06-26T20:41:46,3,22,0,25
2024-06-26T20:48:57,3,22,0,25
2024-06-26T20:56:07,3,22,0,25
2024-06-26T21:03:18,3,22,0,25
2024-06-26T21:10:29,3,22,0,25
2024-06-26T21:17:40,3,22,0,25
2024-06-26T21:24:51,3,22,0,25
2024-06-26T21:32:01,3,22,0,25
2024-06-26T21:39:12,3,22,0,25
2024-06-26T21:46:23,3,22,0,25
2024-06-26T21:53:34,3,22,0,25
2024-06-26T22:00:44,3,22,0,25
2024-06-26T22:07:56,3,22,0,25
2024-06-26T22:15:06,3,22,0,25
2024-06-26T22:22:17,3,22,0,25
2024-06-26T22:29:29,3,22,0,25
2024-06-26T22:36:39,3,22,0,25
2024-06-26T22:43:51,3,22,0,25
2024-06-26T22:51:03,3,22,0,25
2024-06-26T22:58:14,3,22,0,25
2024-06-26T23:05:25,3,22,0,25
2024-06-26T23:12:45,3,22,0,25
2024-06-26T23:19:56,3,22,0,25
2024-06-26T23:27:06,3,22,0,25
2024-06-26T23:34:17,3,22,0,25
2024-06-26T23:41:28,3,22,0,25
2024-06-26T23:48:39,3,22,0,25
2024-06-26T23:55:49,3,22,0,25
2024-06-27T00:03:00,3,22,0,25
2024-06-27T00:10:11,3,22,0,25
2024-06-27T00:17:25,3,22,0,25
2024-06-27T00:24:37,3,22,0,25
2024-06-27T00:31:49,3,22,0,25
2024-06-27T00:39:01,3,22,0,25
2024-06-27T00:46:13,3,22,0,25
2024-06-27T00:53:25,3,22,0,25
2024-06-27T01:00:37,3,22,0,25
2024-06-27T01:07:50,3,22,0,25
2024-06-27T01:15:02,3,22,0,25
2024-06-27T01:22:14,3,22,0,25
2024-06-27T01:29:25,3,22,0,25
2024-06-27T01:36:37,3,22,0,25
2024-06-27T01:43:49,3,22,0,25
2024-06-27T01:51:01,3,22,0,25
2024-06-27T01:58:13,3,22,0,25
2024-06-27T02:05:25,3,22,0,25
2024-06-27T02:12:45,3,22,0,25
2024-06-27T02:19:56,3,22,0,25
2024-06-27T02:27:08,3,22,0,25
2024-06-27T02:34:19,3,22,0,25
2024-06-27T02:41:30,3,22,0,25
2024-06-27T02:48:41,3,22,0,25
2024-06-27T02:55:52,3,22,0,25
2024-06-27T03:03:03,3,22,0,25
2024-06-27T03:10:14,3,22,0,25
2024-06-27T03:17:25,3,22,0,25
2024-06-27T03:24:36,3,22,0,25
2024-06-27T03:31:47,3,22,0,25
2024-06-27T03:38:57,3,22,0,25
2024-06-27T03:46:08,3,22,0,25
2024-06-27T03:53:18,3,22,0,25
2024-06-27T04:00:30,3,22,0,25
2024-06-27T04:07:41,3,22,0,25
2024-06-27T04:22:39,3,22,0,25
2024-06-27T04:30:12,3,22,0,25
2024-06-27T04:37:23,3,22,0,25
2024-06-27T04:44:36,3,22,0,25
2024-06-27T04:51:49,3,22,0,25
2024-06-27T04:59:04,3,22,0,25
2024-06-27T05:06:16,3,22,0,25
2024-06-27T05:13:29,3,22,0,25
2024-06-27T05:20:41,3,22,0,25
2024-06-27T05:27:53,3,22,0,25
2024-06-27T05:35:12,3,22,0,25
2024-06-27T05:42:24,3,22,0,25
2024-06-27T05:49:36,3,22,0,25
2024-06-27T05:56:48,3,22,0,25
2024-06-27T06:03:59,3,22,0,25
2024-06-27T06:11:11,3,22,0,25
2024-06-27T06:18:22,3,22,0,25
2024-06-27T06:25:34,3,22,0,25
2024-06-27T06:32:45,3,22,0,25
2024-06-27T06:39:58,3,22,0,25
2024-06-27T06:47:12,3,22,0,25
2024-06-27T06:54:36,3,22,0,25
2024-06-27T07:01:56,3,22,0,25
2024-06-27T07:09:08,3,22,0,25
2024-06-27T07:16:19,3,22,0,25
2024-06-27T07:23:30,3,22,0,25
2024-06-27T07:30:41,3,22,0,25
2024-06-27T07:37:52,3,22,0,25
2024-06-27T07:45:04,3,22,0,25
2024-06-27T07:52:15,3,22,0,25
2024-06-27T07:59:27,3,22,0,25
2024-06-27T08:06:38,3,22,0,25
2024-06-27T08:13:49,3,22,0,25
2024-06-27T08:21:01,3,22,0,25
2024-06-27T08:28:22,3,22,0,25
2024-06-27T08:35:33,3,22,0,25
2024-06-27T08:42:45,3,22,0,25
2024-06-27T08:49:55,3,22,0,25
2024-06-27T08:57:07,3,22,0,25
2024-06-27T09:04:18,3,22,0,25
2024-06-27T09:11:30,3,22,0,25
2024-06-27T09:18:41,3,22,0,25
2024-06-27T09:25:52,3,22,0,25
2024-06-27T09:33:03,3,22,0,25
2024-06-27T09:40:14,3,22,0,25
2024-06-27T09:47:26,3,22,0,25
2024-06-27T09:54:37,3,22,0,25
2024-06-27T10:01:48,3,22,0,25
2024-06-27T10:08:59,3,22,0,25
2024-06-27T10:16:10,3,22,0,25
2024-06-27T10:23:22,3,22,0,25
2024-06-27T10:30:33,3,22,0,25
2024-06-27T10:37:44,3,22,0,25
2024-06-27T10:44:55,3,22,0,25
2024-06-27T10:52:05,3,22,0,25
2024-06-27T10:59:17,3,22,0,25
2024-06-27T11:06:28,3,22,0,25
2024-06-27T11:13:47,3,22,0,25
2024-06-27T11:20:59,3,22,0,25
2024-06-27T11:28:10,3,22,0,25
2024-06-27T11:35:21,3,22,0,25
2024-06-27T11:42:32,3,22,0,25
2024-06-27T11:49:42,3,22,0,25
2024-06-27T11:56:53,3,22,0,25
2024-06-27T12:04:04,2,23,0,25
2024-06-27T12:11:15,2,23,0,25
2024-06-27T12:18:26,2,23,0,25
2024-06-27T12:25:39,2,23,0,25
2024-06-27T12:32:50,2,23,0,25
2024-06-27T12:40:12,2,23,0,25
2024-06-27T12:47:23,2,23,0,25
2024-06-27T12:54:36,2,23,0,25
2024-06-27T13:01:47,2,23,0,25
2024-06-27T13:08:58,2,23,0,25
2024-06-27T13:16:09,2,23,0,25
2024-06-27T13:23:20,2,23,0,25
2024-06-27T13:30:31,2,23,0,25
2024-06-27T13:37:42,2,23,0,25
2024-06-27T13:44:53,2,23,0,25
2024-06-27T13:52:04,2,23,0,25
2024-06-27T13:59:15,2,23,0,25
2024-06-27T14:06:25,2,23,0,25
2024-06-27T14:13:37,2,23,0,25
2024-06-27T14:20:58,2,23,0,25
2024-06-27T14:28:10,2,23,0,25
2024-06-27T14:35:21,2,23,0,25
2024-06-27T14:42:32,2,23,0,25
2024-06-27T14:49:43,2,23,0,25
2024-06-27T14:56:53,2,23,0,25
2024-06-27T15:04:04,2,23,0,25
2024-06-27T15:11:15,2,23,0,25
2024-06-27T15:18:25,2,23,0,25
2024-06-27T15:25:37,2,23,0,25
2024-06-27T15:32:59,2,23,0,25
2024-06-27T15:40:10,2,23,0,25
2024-06-27T15:47:21,2,23,0,25
2024-06-27T15:54:31,2,23,0,25
2024-06-27T16:01:42,2,23,0,25
2024-06-27T16:08:53,2,23,0,25
2024-06-27T16:16:04,2,23,0,25
2024-06-27T16:23:15,2,23,0,25
2024-06-27T16:30:26,2,23,0,25
2024-06-27T16:37:36,2,23,0,25
2024-06-27T16:44:47,2,23,0,25
2024-06-27T16:52:08,2,23,0,25
2024-06-27T16:59:19,2,23,0,25
2024-06-27T17:06:29,2,23,0,25
2024-06-27T17:13:40,2,23,0,25
2024-06-27T17:20:51,2,23,0,25
2024-06-27T17:28:02,2,23,0,25
2024-06-27T17:35:12,2,23,0,25
2024-06-27T17:42:23,2,23,0,25
2024-06-27T17:49:33,2,23,0,25
2024-06-27T17:56:44,2,23,0,25
2024-06-27T18:03:55,2,23,0,25
2024-06-27T18:11:05,2,23,0,25
2024-06-27T18:18:16,2,23,0,25
2024-06-27T18:25:36,2,23,0,25
2024-06-27T18:32:47,2,23,0,25
2024-06-27T18:39:57,2,23,0,25
2024-06-27T18:47:09,2,23,0,25
2024-06-27T18:54:19,2,23,0,25
2024-06-27T19:01:30,2,23,0,25
2024-06-27T19:08:40,2,23,0,25
2024-06-27T19:15:51,2,23,0,25
2024-06-27T19:23:02,2,23,0,25
2024-06-27T19:30:12,2,23,0,25
2024-06-27T19:37:23,2,23,0,25
2024-06-27T19:44:34,2,23,0,25
2024-06-27T19:51:45,2,23,0,25
2024-06-27T19:58:56,2,23,0,25
2024-06-27T20:06:06,2,23,0,25
2024-06-27T20:13:17,2,23,0,25
2024-06-27T20:20:28,2,23,0,25
2024-06-27T20:27:39,2,23,0,25
2024-06-27T20:34:50,2,23,0,25
2024-06-27T20:42:01,2,23,0,25
2024-06-27T20:49:11,2,23,0,25
2024-06-27T20:56:31,2,23,0,25
2024-06-27T21:03:42,2,23,0,25
2024-06-27T21:10:52,2,23,0,25
2024-06-27T21:18:04,2,23,0,25
2024-06-27T21:25:14,2,23,0,25
2024-06-27T21:32:25,2,23,0,25
2024-06-27T21:39:36,2,23,0,25
2024-06-27T21:46:47,2,23,0,25
2024-06-27T21:53:58,2,23,0,25
2024-06-27T22:01:09,2,23,0,25
2024-06-27T22:08:20,2,23,0,25
2024-06-27T22:15:30,2,23,0,25
2024-06-27T22:22:41,2,23,0,25
2024-06-27T22:29:52,2,23,0,25
2024-06-27T22:37:03,2,23,0,25
2024-06-27T22:44:14,2,23,0,25
2024-06-27T22:51:24,2,23,0,25
2024-06-27T22:58:36,2,23,0,25
2024-06-27T23:05:46,2,23,0,25
2024-06-27T23:13:07,2,23,0,25
2024-06-27T23:20:17,2,23,0,25
2024-06-27T23:27:28,2,23,0,25
2024-06-27T23:34:39,2,23,0,25
2024-06-27T23:41:50,2,23,0,25
2024-06-27T23:49:01,2,23,0,25
2024-06-27T23:56:12,2,23,0,25
2024-06-28T00:03:23,2,23,0,25
2024-06-28T00:10:35,2,23,0,25
2024-06-28T00:17:47,2,23,0,25
2024-06-28T00:24:59,2,23,0,25
2024-06-28T00:32:11,2,23,0,25
2024-06-28T00:39:23,2,23,0,25
2024-06-28T00:46:35,2,23,0,25
2024-06-28T00:53:47,2,23,0,25
2024-06-28T01:00:59,2,23,0,25
2024-06-28T01:08:11,2,23,0,25
2024-06-28T01:15:32,2,23,0,25
2024-06-28T01:22:44,2,23,0,25
2024-06-28T01:29:55,2,23,0,25
2024-06-28T01:37:07,2,23,0,25
2024-06-28T01:44:19,2,23,0,25
2024-06-28T01:51:31,2,23,0,25
2024-06-28T01:58:43,2,23,0,25
2024-06-28T02:05:55,2,23,0,25
2024-06-28T02:13:06,2,23,0,25
2024-06-28T02:20:18,2,23,0,25
2024-06-28T02:27:29,2,23,0,25
2024-06-28T02:34:40,2,23,0,25
2024-06-28T02:41:51,2,23,0,25
2024-06-28T02:49:03,2,23,0,25
2024-06-28T02:56:14,2,23,0,25
2024-06-28T03:03:25,2,23,0,25
2024-06-28T03:10:36,2,23,0,25
2024-06-28T03:17:46,2,23,0,25
2024-06-28T03:24:57,2,23,0,25
2024-06-28T03:32:08,2,23,0,25
2024-06-28T03:39:18,2,23,0,25
2024-06-28T03:46:29,2,23,0,25
2024-06-28T03:53:40,2,23,0,25
2024-06-28T04:00:50,2,23,0,25
2024-06-28T04:08:01,2,23,0,25
2024-06-28T04:15:12,2,23,0,25
2024-06-28T04:27:10,2,23,0,25
2024-06-28T04:34:38,2,23,0,25
2024-06-28T04:41:49,2,23,0,25
2024-06-28T04:49:01,2,23,0,25
2024-06-28T04:56:13,2,23,0,25
2024-06-28T05:03:25,2,23,0,25
2024-06-28T05:10:37,2,23,0,25
2024-06-28T05:17:49,2,23,0,25
2024-06-28T05:25:11,2,23,0,25
2024-06-28T05:32:23,2,23,0,25
2024-06-28T05:39:35,2,23,0,25
2024-06-28T05:46:47,2,23,0,25
2024-06-28T05:53:59,2,23,0,25
2024-06-28T06:01:11,2,23,0,25
2024-06-28T06:08:25,2,23,0,25
2024-06-28T06:15:38,2,23,0,25
2024-06-28T06:22:49,2,23,0,25
2024-06-28T06:30:02,2,23,0,25
2024-06-28T06:37:14,2,23,0,25
2024-06-28T06:44:25,2,23,0,25
2024-06-28T06:51:36,2,23,0,25
2024-06-28T06:58:48,2,23,0,25
2024-06-28T07:06:00,2,23,0,25
2024-06-28T07:13:12,2,23,0,25
2024-06-28T07:20:23,2,23,0,25
2024-06-28T07:27:36,2,23,0,25
2024-06-28T07:34:47,2,23,0,25
2024-06-28T07:41:59,2,23,0,25
2024-06-28T07:49:10,2,23,0,25
2024-06-28T07:56:21,2,23,0,25
2024-06-28T08:03:32,2,23,0,25
2024-06-28T08:10:43,2,23,0,25
2024-06-28T08:17:54,2,23,0,25
2024-06-28T08:25:06,2,23,0,25
2024-06-28T08:32:18,2,23,0,25
2024-06-28T08:39:29,2,23,0,25
2024-06-28T08:46:41,2,23,0,25
2024-06-28T08:54:00,2,23,0,25
2024-06-28T09:01:11,2,23,0,25
2024-06-28T09:08:23,2,23,0,25
2024-06-28T09:15:34,2,23,0,25
2024-06-28T09:22:45,2,23,0,25
2024-06-28T09:29:57,2,23,0,25
2024-06-28T09:37:08,2,23,0,25
2024-06-28T09:44:20,2,23,0,25
2024-06-28T09:51:31,2,23,0,25
2024-06-28T09:58:42,2,23,0,25
2024-06-28T10:05:54,2,23,0,25
2024-06-28T10:13:06,2,23,0,25
2024-06-28T10:20:17,2,23,0,25
2024-06-28T10:27:29,2,23,0,25
2024-06-28T10:34:40,2,23,0,25
2024-06-28T10:41:51,2,23,0,25
2024-06-28T10:49:02,2,23,0,25
2024-06-28T10:56:12,2,23,0,25
2024-06-28T11:03:23,2,23,0,25
2024-06-28T11:10:46,2,23,0,25
2024-06-28T11:17:57,2,23,0,25
2024-06-28T11:25:08,2,23,0,25
2024-06-28T11:32:18,2,23,0,25
2024-06-28T11:39:29,2,23,0,25
2024-06-28T11:46:40,2,23,0,25
2024-06-28T11:53:50,2,23,0,25
2024-06-28T12:01:01,2,23,0,25
2024-06-28T12:08:12,2,23,0,25
2024-06-28T12:15:22,2,23,0,25
2024-06-28T12:22:33,2,23,0,25
2024-06-28T12:29:43,2,23,0,25
2024-06-28T12:36:54,2,23,0,25
2024-06-28T12:44:16,2,23,0,25
2024-06-28T12:51:27,2,23,0,25
2024-06-28T12:58:37,2,23,0,25
2024-06-28T13:05:48,2,23,0,25
2024-06-28T13:12:58,2,23,0,25
2024-06-28T13:20:09,2,23,0,25
2024-06-28T13:27:20,2,23,0,25
2024-06-28T13:34:30,2,23,0,25
2024-06-28T13:41:41,2,23,0,25
2024-06-28T13:48:52,2,23,0,25
2024-06-28T13:56:03,2,23,0,25
2024-06-28T14:03:14,2,23,0,25
2024-06-28T14:10:26,2,23,0,25
2024-06-28T14:17:37,2,23,0,25
2024-06-28T14:24:48,2,23,0,25
2024-06-28T14:32:07,2,23,0,25
2024-06-28T14:39:18,2,23,0,25
2024-06-28T14:46:29,2,23,0,25
2024-06-28T14:53:40,2,23,0,25
2024-06-28T15:00:50,2,23,0,25
2024-06-28T15:08:01,2,23,0,25
2024-06-28T15:15:12,2,23,0,25
2024-06-28T15:22:23,2,23,0,25
2024-06-28T15:29:34,2,23,0,25
2024-06-28T15:36:44,2,23,0,25
2024-06-28T15:43:55,2,23,0,25
2024-06-28T15:51:06,2,23,0,25
2024-06-28T15:58:30,2,23,0,25
2024-06-28T16:05:41,2,23,0,25
2024-06-28T16:12:51,2,23,0,25
2024-06-28T16:20:02,2,23,0,25
2024-06-28T16:27:13,2,23,0,25
2024-06-28T16:34:24,2,23,0,25
2024-06-28T16:41:35,2,23,0,25
2024-06-28T16:48:45,2,23,0,25
2024-06-28T16:55:56,2,23,0,25
2024-06-28T17:03:06,2,23,0,25
2024-06-28T17:10:17,2,23,0,25
2024-06-28T17:17:28,2,23,0,25
2024-06-28T17:24:39,2,23,0,25
2024-06-28T17:31:49,2,23,0,25
2024-06-28T17:39:00,2,23,0,25
2024-06-28T17:46:11,2,23,0,25
2024-06-28T17:53:21,2,23,0,25
2024-06-28T18:00:32,2,23,0,25
2024-06-28T18:07:43,2,23,0,25
2024-06-28T18:15:04,2,23,0,25
2024-06-28T18:22:15,2,23,0,25
2024-06-28T18:29:25,2,23,0,25
2024-06-28T18:36:36,2,23,0,25
2024-06-28T18:43:48,2,23,0,25
2024-06-28T18:50:58,2,23,0,25
2024-06-28T18:58:09,2,23,0,25
2024-06-28T19:05:20,2,23,0,25
2024-06-28T19:12:32,2,23,0,25
2024-06-28T19:19:42,2,23,0,25
2024-06-28T19:26:53,2,23,0,25
2024-06-28T19:34:04,2,23,0,25
2024-06-28T19:41:14,2,23,0,25
2024-06-28T19:48:25,2,23,0,25
2024-06-28T19:55:36,2,23,0,25
2024-06-28T20:02:47,2,23,0,25
2024-06-28T20:09:58,2,23,0,25
2024-06-28T20:17:09,2,23,0,25
2024-06-28T20:24:19,2,23,0,25
2024-06-28T20:31:30,2,23,0,25
2024-06-28T20:38:40,2,23,0,25
2024-06-28T20:45:51,2,23,0,25
2024-06-28T20:53:02,2,23,0,25
2024-06-28T21:00:13,2,23,0,25
2024-06-28T21:07:33,2,23,0,25
2024-06-28T21:14:44,2,23,0,25
2024-06-28T21:21:55,2,23,0,25
2024-06-28T21:29:06,2,23,0,25
2024-06-28T21:36:16,2,23,0,25
2024-06-28T21:43:27,2,23,0,25
2024-06-28T21:50:38,2,23,0,25
2024-06-28T21:57:49,2,23,0,25
2024-06-28T22:05:00,2,23,0,25
2024-06-28T22:12:11,2,23,0,25
2024-06-28T22:19:21,2,23,0,25
2024-06-28T22:26:32,2,23,0,25
2024-06-28T22:33:43,2,23,0,25
2024-06-28T22:40:54,2,23,0,25
2024-06-28T22:48:05,2,23,0,25
2024-06-28T22:55:18,2,23,0,25
2024-06-28T23:02:29,2,23,0,25
2024-06-28T23:09:40,2,23,0,25
2024-06-28T23:16:51,2,23,0,25
2024-06-28T23:24:02,2,23,0,25
2024-06-28T23:31:13,2,23,0,25
2024-06-28T23:38:23,2,23,0,25
2024-06-28T23:45:35,2,23,0,25
2024-06-28T23:52:46,2,23,0,25
2024-06-28T23:59:57,2,23,0,25
2024-06-29T00:07:08,2,23,0,25
2024-06-29T00:14:20,2,23,0,25
2024-06-29T00:21:33,2,23,0,25
2024-06-29T00:28:55,2,23,0,25
2024-06-29T00:36:08,2,23,0,25
2024-06-29T00:43:19,2,23,0,25
2024-06-29T00:50:31,2,23,0,25
2024-06-29T00:57:43,2,23,0,25
2024-06-29T01:04:54,2,23,0,25
2024-06-29T01:12:06,2,23,0,25
2024-06-29T01:19:17,2,23,0,25
2024-06-29T01:26:28,2,23,0,25
2024-06-29T01:33:40,2,23,0,25
2024-06-29T01:40:52,2,23,0,25
2024-06-29T01:48:05,2,23,0,25
2024-06-29T01:55:17,2,23,0,25
2024-06-29T02:02:29,2,23,0,25
2024-06-29T02:09:41,2,23,0,25
2024-06-29T02:16:53,2,23,0,25
2024-06-29T02:24:04,2,23,0,25
2024-06-29T02:31:15,2,23,0,25
2024-06-29T02:38:26,2,23,0,25
2024-06-29T02:45:38,2,23,0,25
2024-06-29T02:52:49,2,23,0,25
2024-06-29T02:59:59,2,23,0,25
2024-06-29T03:07:10,2,23,0,25
2024-06-29T03:14:22,2,23,0,25
2024-06-29T03:21:33,2,23,0,25
2024-06-29T03:28:44,2,23,0,25
2024-06-29T03:35:55,2,23,0,25
2024-06-29T03:43:06,2,23,0,25
2024-06-29T03:50:17,2,23,0,25
2024-06-29T03:57:28,2,23,0,25
2024-06-29T04:04:39,2,23,0,25
2024-06-29T04:11:50,2,23,0,25
2024-06-29T04:29:31,2,23,0,25
2024-06-29T04:38:06,2,23,0,25
2024-06-29T04:45:23,2,23,0,25
2024-06-29T04:52:35,2,23,0,25
2024-06-29T04:59:47,2,23,0,25
2024-06-29T05:06:57,2,23,0,25
2024-06-29T05:14:08,2,23,0,25
2024-06-29T05:21:21,2,23,0,25
2024-06-29T05:28:33,2,23,0,25
2024-06-29T05:35:59,2,23,0,25
2024-06-29T05:43:10,2,23,0,25
2024-06-29T05:50:22,2,23,0,25
2024-06-29T05:57:33,2,23,0,25
2024-06-29T06:04:47,2,23,0,25
2024-06-29T06:11:58,2,23,0,25
2024-06-29T06:19:10,2,23,0,25
2024-06-29T06:26:21,2,23,0,25
2024-06-29T06:33:33,2,23,0,25
2024-06-29T06:40:44,2,23,0,25
2024-06-29T06:47:55,2,23,0,25
2024-06-29T06:55:07,2,23,0,25
2024-06-29T07:02:19,2,23,0,25
2024-06-29T07:09:30,2,23,0,25
2024-06-29T07:16:42,2,23,0,25
2024-06-29T07:23:53,2,23,0,25
2024-06-29T07:31:05,2,23,0,25
2024-06-29T07:38:16,2,23,0,25
2024-06-29T07:45:27,2,23,0,25
2024-06-29T07:52:39,2,23,0,25
2024-06-29T07:59:50,2,23,0,25
2024-06-29T08:07:02,2,23,0,25
2024-06-29T08:14:13,2,23,0,25
2024-06-29T08:21:25,2,23,0,25
2024-06-29T08:28:36,2,23,0,25
2024-06-29T08:35:56,2,23,0,25
2024-06-29T08:43:07,2,23,0,25
2024-06-29T08:50:18,2,23,0,25
2024-06-29T08:57:30,2,23,0,25
2024-06-29T09:04:41,2,23,0,25
2024-06-29T09:11:52,2,23,0,25
2024-06-29T09:19:04,2,23,0,25
2024-06-29T09:26:15,2,23,0,25
2024-06-29T09:33:27,2,23,0,25
2024-06-29T09:40:39,2,23,0,25
2024-06-29T09:47:50,2,23,0,25
2024-06-29T09:55:01,2,23,0,25
2024-06-29T10:02:13,2,23,0,25
2024-06-29T10:09:24,2,23,0,25
2024-06-29T10:16:35,2,23,0,25
2024-06-29T10:23:46,2,23,0,25
2024-06-29T10:30:58,2,23,0,25
2024-06-29T10:38:10,2,23,0,25
2024-06-29T10:45:21,2,23,0,25
2024-06-29T10:52:31,2,23,0,25
2024-06-29T10:59:43,2,23,0,25
2024-06-29T11:06:54,2,23,0,25
2024-06-29T11:14:05,2,23,0,25
2024-06-29T11:21:16,2,23,0,25
2024-06-29T11:28:27,2,23,0,25
2024-06-29T11:35:48,2,23,0,25
2024-06-29T11:43:00,2,23,0,25
2024-06-29T11:50:11,2,23,0,25
2024-06-29T11:57:22,2,23,0,25
2024-06-29T12:04:33,2,23,0,25
2024-06-29T12:11:44,2,23,0,25
2024-06-29T12:18:55,2,23,0,25
2024-06-29T12:26:06,2,23,0,25
2024-06-29T12:33:18,2,23,0,25
2024-06-29T12:40:29,2,23,0,25
2024-06-29T12:47:40,2,23,0,25
2024-06-29T12:54:51,2,23,0,25
2024-06-29T13:02:02,2,23,0,25
2024-06-29T13:09:13,2,23,0,25
2024-06-29T13:16:23,2,23,0,25
2024-06-29T13:23:34,2,23,0,25
2024-06-29T13:30:45,2,23,0,25
2024-06-29T13:37:55,2,23,0,25
2024-06-29T13:45:06,2,23,0,25
2024-06-29T13:52:16,2,23,0,25
2024-06-29T13:59:27,2,23,0,25
2024-06-29T14:06:37,2,23,0,25
2024-06-29T14:13:48,2,23,0,25
2024-06-29T14:21:08,2,23,0,25
2024-06-29T14:28:18,2,23,0,25
2024-06-29T14:35:29,2,23,0,25
2024-06-29T14:42:40,2,23,0,25
2024-06-29T14:49:50,2,23,0,25
2024-06-29T14:57:01,2,23,0,25
2024-06-29T15:04:11,2,23,0,25
2024-06-29T15:11:22,2,23,0,25
2024-06-29T15:18:32,2,23,0,25
2024-06-29T15:25:43,2,23,0,25
2024-06-29T15:32:55,2,23,0,25
2024-06-29T15:40:05,2,23,0,25
2024-06-29T15:47:16,2,23,0,25
2024-06-29T15:54:27,2,23,0,25
2024-06-29T16:01:37,2,23,0,25
2024-06-29T16:08:48,2,23,0,25
2024-06-29T16:15:59,2,23,0,25
2024-06-29T16:23:09,2,23,0,25
2024-06-29T16:30:20,2,23,0,25
2024-06-29T16:37:31,2,23,0,25
2024-06-29T16:44:42,2,23,0,25
2024-06-29T16:51:52,2,23,0,25
2024-06-29T16:59:03,2,23,0,25
2024-06-29T17:06:13,2,23,0,25
2024-06-29T17:13:34,2,23,0,25
2024-06-29T17:20:46,2,23,0,25
2024-06-29T17:27:56,2,23,0,25
2024-06-29T17:35:07,2,23,0,25
2024-06-29T17:42:18,2,23,0,25
2024-06-29T17:49:28,2,23,0,25
2024-06-29T17:56:39,2,23,0,25
2024-06-29T18:03:49,2,23,0,25
2024-06-29T18:11:01,2,23,0,25
2024-06-29T18:18:11,2,23,0,25
2024-06-29T18:25:22,2,23,0,25
2024-06-29T18:32:32,2,23,0,25
2024-06-29T18:39:43,2,23,0,25
2024-06-29T18:46:53,2,23,0,25
2024-06-29T18:54:04,2,23,0,25
2024-06-29T19:01:14,2,23,0,25
2024-06-29T19:08:25,2,23,0,25
2024-06-29T19:15:35,2,23,0,25
2024-06-29T19:22:46,2,23,0,25
2024-06-29T19:29:56,2,23,0,25
2024-06-29T19:37:07,2,23,0,25
2024-06-29T19:44:17,2,23,0,25
2024-06-29T19:51:28,2,23,0,25
2024-06-29T19:58:47,2,23,0,25
2024-06-29T20:05:57,2,23,0,25
2024-06-29T20:13:08,2,23,0,25
2024-06-29T20:20:19,2,23,0,25
2024-06-29T20:27:29,2,23,0,25
2024-06-29T20:34:40,2,23,0,25
2024-06-29T20:41:50,2,23,0,25
2024-06-29T20:49:01,2,23,0,25
2024-06-29T20:56:12,2,23,0,25
2024-06-29T21:03:22,2,23,0,25
2024-06-29T21:10:33,2,23,0,25
2024-06-29T21:17:44,2,23,0,25
2024-06-29T21:24:55,2,23,0,25
2024-06-29T21:32:06,2,23,0,25
2024-06-29T21:39:17,2,23,0,25
2024-06-29T21:46:29,2,23,0,25
2024-06-29T21:53:40,2,23,0,25
2024-06-29T22:00:50,2,23,0,25
2024-06-29T22:08:01,2,23,0,25
2024-06-29T22:15:12,2,23,0,25
2024-06-29T22:22:23,2,23,0,25
2024-06-29T22:29:33,2,23,0,25
2024-06-29T22:36:44,2,23,0,25
2024-06-29T22:43:55,2,23,0,25
2024-06-29T22:51:16,2,23,0,25
2024-06-29T22:58:28,2,23,0,25
2024-06-29T23:05:39,2,23,0,25
2024-06-29T23:12:50,2,23,0,25
2024-06-29T23:20:00,2,23,0,25
2024-06-29T23:27:11,2,23,0,25
2024-06-29T23:34:22,2,23,0,25
2024-06-29T23:41:32,2,23,0,25
2024-06-29T23:48:43,2,23,0,25
2024-06-29T23:55:53,2,23,0,25
2024-06-30T00:03:05,2,23,0,25
2024-06-30T00:10:16,2,23,0,25
2024-06-30T00:17:29,2,23,0,25
2024-06-30T00:24:40,2,23,0,25
2024-06-30T00:31:52,2,23,0,25
2024-06-30T00:39:03,2,23,0,25
2024-06-30T00:46:14,2,23,0,25
2024-06-30T00:53:25,2,23,0,25
2024-06-30T01:00:36,2,23,0,25
2024-06-30T01:07:47,2,23,0,25
2024-06-30T01:14:57,2,23,0,25
2024-06-30T01:22:08,2,23,0,25
2024-06-30T01:29:18,2,23,0,25
2024-06-30T01:36:29,2,23,0,25
2024-06-30T01:43:40,2,23,0,25
2024-06-30T01:50:50,2,23,0,25
2024-06-30T01:58:01,2,23,0,25
2024-06-30T02:05:12,2,23,0,25
2024-06-30T02:12:22,2,23,0,25
2024-06-30T02:19:33,2,23,0,25
2024-06-30T02:26:44,2,23,0,25
2024-06-30T02:33:55,2,23,0,25
2024-06-30T02:41:14,2,23,0,25
2024-06-30T02:48:25,2,23,0,25
2024-06-30T02:55:35,2,23,0,25
2024-06-30T03:02:46,2,23,0,25
2024-06-30T03:09:57,2,23,0,25
2024-06-30T03:17:08,2,23,0,25
2024-06-30T03:24:18,2,23,0,25
2024-06-30T03:31:30,2,23,0,25
2024-06-30T03:38:41,2,23,0,25
2024-06-30T03:45:54,2,23,0,25
2024-06-30T03:53:06,2,23,0,25
2024-06-30T04:00:18,2,23,0,25
2024-06-30T04:07:30,2,23,0,25
2024-06-30T04:14:42,2,23,0,25
2024-06-30T04:28:34,2,23,0,25
2024-06-30T04:36:53,2,23,0,25
2024-06-30T04:44:32,2,23,0,25
2024-06-30T04:52:16,2,23,0,25
2024-06-30T04:59:40,2,23,0,25
2024-06-30T05:07:12,2,23,0,25
2024-06-30T05:14:38,2,23,0,25
2024-06-30T05:21:49,2,23,0,25
2024-06-30T05:29:01,2,23,0,25
2024-06-30T05:36:13,2,23,0,25
2024-06-30T05:43:25,2,23,0,25
2024-06-30T05:50:37,2,23,0,25
2024-06-30T05:57:49,2,23,0,25
2024-06-30T06:05:02,2,23,0,25
2024-06-30T06:12:14,2,23,0,25
2024-06-30T06:19:27,2,23,0,25
2024-06-30T06:26:40,2,23,0,25
2024-06-30T06:33:52,2,23,0,25
2024-06-30T06:41:04,2,23,0,25
2024-06-30T06:48:16,2,23,0,25
2024-06-30T06:55:27,2,23,0,25
2024-06-30T07:02:38,2,23,0,25
2024-06-30T07:09:50,2,23,0,25
2024-06-30T07:17:02,2,23,0,25
2024-06-30T07:24:14,2,23,0,25
2024-06-30T07:31:26,2,23,0,25
2024-06-30T07:38:37,2,23,0,25
2024-06-30T07:45:49,2,23,0,25
2024-06-30T07:53:01,2,23,0,25
2024-06-30T08:00:13,2,23,0,25
2024-06-30T08:07:25,2,23,0,25
2024-06-30T08:14:36,2,23,0,25
2024-06-30T08:21:47,2,23,0,25
2024-06-30T08:28:59,2,23,0,25
2024-06-30T08:36:12,2,23,0,25
2024-06-30T08:43:24,2,23,0,25
2024-06-30T08:50:36,2,23,0,25
2024-06-30T08:57:47,2,23,0,25
2024-06-30T09:05:00,2,23,0,25
2024-06-30T09:12:19,2,23,0,25
2024-06-30T09:19:30,2,23,0,25
2024-06-30T09:26:41,2,23,0,25
2024-06-30T09:33:53,2,23,0,25
2024-06-30T09:41:05,2,23,0,25
2024-06-30T09:48:17,2,23,0,25
2024-06-30T09:55:28,2,23,0,25
2024-06-30T10:02:39,2,23,0,25
2024-06-30T10:09:50,2,23,0,25
2024-06-30T10:17:01,2,23,0,25
2024-06-30T10:24:12,2,23,0,25
2024-06-30T10:31:23,2,23,0,25
2024-06-30T10:38:34,2,23,0,25
2024-06-30T10:45:45,2,23,0,25
2024-06-30T10:52:56,2,23,0,25
2024-06-30T11:00:06,2,23,0,25
2024-06-30T11:07:17,2,23,0,25
2024-06-30T11:14:27,2,23,0,25
2024-06-30T11:21:38,2,23,0,25
2024-06-30T11:28:49,2,23,0,25
2024-06-30T11:35:59,2,23,0,25
2024-06-30T11:43:10,2,23,0,25
2024-06-30T11:50:20,2,23,0,25
2024-06-30T11:57:31,2,23,0,25
2024-06-30T12:04:53,2,23,0,25
2024-06-30T12:12:04,2,23,0,25
2024-06-30T12:19:14,2,23,0,25
2024-06-30T12:26:25,2,23,0,25
2024-06-30T12:33:35,2,23,0,25
2024-06-30T12:40:46,2,23,0,25
2024-06-30T12:47:56,2,23,0,25
2024-06-30T12:55:07,2,23,0,25
2024-06-30T13:02:18,2,23,0,25
2024-06-30T13:09:29,2,23,0,25
2024-06-30T13:16:39,2,23,0,25
2024-06-30T13:23:50,2,23,0,25
2024-06-30T13:31:01,2,23,0,25
2024-06-30T13:38:11,2,23,0,25
2024-06-30T13:45:22,2,23,0,25
2024-06-30T13:52:32,2,23,0,25
2024-06-30T13:59:43,2,23,0,25
2024-06-30T14:06:54,2,23,0,25
2024-06-30T14:14:05,2,23,0,25
2024-06-30T14:21:16,2,23,0,25
2024-06-30T14:28:34,2,23,0,25
2024-06-30T14:35:45,2,23,0,25
2024-06-30T14:42:55,2,23,0,25
2024-06-30T14:50:06,2,23,0,25
2024-06-30T14:57:17,2,23,0,25
2024-06-30T15:04:27,2,23,0,25
2024-06-30T15:11:38,2,23,0,25
2024-06-30T15:18:49,2,23,0,25
2024-06-30T15:25:59,2,23,0,25
2024-06-30T15:33:10,2,23,0,25
2024-06-30T15:40:20,2,23,0,25
2024-06-30T15:47:31,2,23,0,25
2024-06-30T15:54:41,2,23,0,25
2024-06-30T16:01:52,2,23,0,25
2024-06-30T16:09:03,2,23,0,25
2024-06-30T16:16:13,2,23,0,25
2024-06-30T16:23:24,2,23,0,25
2024-06-30T16:30:35,2,23,0,25
2024-06-30T16:37:45,2,23,0,25
2024-06-30T16:45:05,2,23,0,25
2024-06-30T16:52:16,2,23,0,25
2024-06-30T16:59:26,2,23,0,25
2024-06-30T17:06:37,2,23,0,25
2024-06-30T17:13:48,2,23,0,25
2024-06-30T17:20:58,2,23,0,25
2024-06-30T17:28:09,2,23,0,25
2024-06-30T17:35:20,2,23,0,25
2024-06-30T17:42:30,2,23,0,25
2024-06-30T17:49:41,2,23,0,25
2024-06-30T17:56:51,2,23,0,25
2024-06-30T18:04:02,2,23,0,25
2024-06-30T18:11:13,2,23,0,25
2024-06-30T18:18:23,2,23,0,25
2024-06-30T18:25:34,2,23,0,25
2024-06-30T18:32:45,2,23,0,25
2024-06-30T18:39:56,2,23,0,25
2024-06-30T18:47:06,2,23,0,25
2024-06-30T18:54:17,2,23,0,25
2024-06-30T19:01:28,2,23,0,25
2024-06-30T19:08:39,2,23,0,25
2024-06-30T19:15:50,2,23,0,25
2024-06-30T19:23:01,2,23,0,25
2024-06-30T19:30:21,2,23,0,25
2024-06-30T19:37:31,2,23,0,25
2024-06-30T19:44:42,2,23,0,25
2024-06-30T19:51:53,2,23,0,25
2024-06-30T19:59:03,2,23,0,25
2024-06-30T20:06:14,2,23,0,25
2024-06-30T20:13:24,2,23,0,25
2024-06-30T20:20:35,2,23,0,25
2024-06-30T20:27:46,2,23,0,25
2024-06-30T20:34:57,2,23,0,25
2024-06-30T20:42:07,2,23,0,25
2024-06-30T20:49:18,2,23,0,25
2024-06-30T20:56:29,2,23,0,25
2024-06-30T21:03:39,2,23,0,25
2024-06-30T21:10:50,2,23,0,25
2024-06-30T21:18:00,2,23,0,25
2024-06-30T21:25:11,2,23,0,25
2024-06-30T21:32:33,2,23,0,25
2024-06-30T21:39:44,2,23,0,25
2024-06-30T21:46:55,2,23,0,25
2024-06-30T21:54:07,2,23,0,25
2024-06-30T22:01:17,2,23,0,25
2024-06-30T22:08:28,2,23,0,25
2024-06-30T22:15:39,2,23,0,25
2024-06-30T22:22:49,2,23,0,25
2024-06-30T22:30:00,2,23,0,25
2024-06-30T22:37:11,2,23,0,25
2024-06-30T22:44:22,2,23,0,25
2024-06-30T22:51:33,2,23,0,25
2024-06-30T22:58:44,2,23,0,25
2024-06-30T23:05:55,2,23,0,25
2024-06-30T23:13:05,2,23,0,25
2024-06-30T23:20:16,2,23,0,25
2024-06-30T23:27:36,2,23,0,25
2024-06-30T23:34:47,2,23,0,25
2024-06-30T23:41:58,2,23,0,25
2024-06-30T23:49:09,2,23,0,25
2024-06-30T23:56:20,2,23,0,25
2024-07-01T00:03:31,2,23,0,25
2024-07-01T00:10:42,2,23,0,25
2024-07-01T00:17:55,2,23,0,25
2024-07-01T00:25:08,2,23,0,25
2024-07-01T00:32:23,2,23,0,25
2024-07-01T00:39:34,2,23,0,25
2024-07-01T00:46:46,2,23,0,25
2024-07-01T00:53:58,2,23,0,25
2024-07-01T01:01:09,2,23,0,25
2024-07-01T01:08:22,2,23,0,25
2024-07-01T01:15:34,2,23,0,25
2024-07-01T01:22:46,2,23,0,25
2024-07-01T01:29:57,2,23,0,25
2024-07-01T01:37:08,2,23,0,25
2024-07-01T01:44:19,2,23,0,25
2024-07-01T01:51:30,2,23,0,25
2024-07-01T01:58:41,2,23,0,25
2024-07-01T02:05:52,2,23,0,25
2024-07-01T02:13:03,2,23,0,25
2024-07-01T02:20:15,2,23,0,25
2024-07-01T02:27:26,2,23,0,25
2024-07-01T02:34:37,2,23,0,25
2024-07-01T02:41:49,2,23,0,25
2024-07-01T02:49:01,2,23,0,25
2024-07-01T02:56:21,2,23,0,25
2024-07-01T03:03:33,2,23,0,25
2024-07-01T03:10:45,2,23,0,25
2024-07-01T03:17:57,2,23,0,25
2024-07-01T03:25:08,2,23,0,25
2024-07-01T03:32:33,2,23,0,25
2024-07-01T03:39:44,2,23,0,25
2024-07-01T03:46:55,2,23,0,25
2024-07-01T03:54:07,2,23,0,25
2024-07-01T04:01:18,2,23,0,25
2024-07-01T04:08:29,2,23,0,25
2024-07-01T04:24:17,2,23,0,25
2024-07-01T04:31:51,2,23,0,25
2024-07-01T04:39:05,2,23,0,25
2024-07-01T04:46:19,2,23,0,25
2024-07-01T04:53:30,2,23,0,25
2024-07-01T05:00:42,2,23,0,25
2024-07-01T05:07:54,2,23,0,25
2024-07-01T05:15:06,2,23,0,25
2024-07-01T05:22:18,2,23,0,25
2024-07-01T05:29:30,2,23,0,25
2024-07-01T05:36:41,2,23,0,25
2024-07-01T05:43:53,2,23,0,25
2024-07-01T05:51:06,2,23,0,25
2024-07-01T05:58:18,2,23,0,25
2024-07-01T06:05:30,2,23,0,25
2024-07-01T06:12:42,2,23,0,25
2024-07-01T06:19:54,2,23,0,25
2024-07-01T06:27:08,2,23,0,25
2024-07-01T06:34:20,2,23,0,25
2024-07-01T06:41:31,2,23,0,25
2024-07-01T06:48:43,2,23,0,25
2024-07-01T06:55:54,2,23,0,25
2024-07-01T07:03:06,2,23,0,25
2024-07-01T07:10:18,2,23,0,25
2024-07-01T07:17:29,2,23,0,25
2024-07-01T07:24:41,2,23,0,25
2024-07-01T07:31:52,2,23,0,25
2024-07-01T07:39:03,2,23,0,25
2024-07-01T07:46:14,2,23,0,25
2024-07-01T07:53:26,2,23,0,25
2024-07-01T08:00:37,2,23,0,25
2024-07-01T08:07:49,2,23,0,25
2024-07-01T08:15:09,2,23,0,25
2024-07-01T08:22:20,2,23,0,25
2024-07-01T08:29:32,2,23,0,25
2024-07-01T08:36:43,2,23,0,25
2024-07-01T08:43:53,2,23,0,25
2024-07-01T08:51:04,2,23,0,25
2024-07-01T08:58:15,2,23,0,25
2024-07-01T09:05:26,2,23,0,25
2024-07-01T09:12:36,2,23,0,25
2024-07-01T09:19:47,2,23,0,25
2024-07-01T09:26:58,2,23,0,25
2024-07-01T09:34:09,2,23,0,25
2024-07-01T09:41:20,2,23,0,25
2024-07-01T09:48:31,2,23,0,25
2024-07-01T09:55:43,2,23,0,25
2024-07-01T10:02:53,2,23,0,25
2024-07-01T10:10:14,2,23,0,25
2024-07-01T10:17:25,2,23,0,25
2024-07-01T10:24:35,2,23,0,25
2024-07-01T10:31:46,2,23,0,25
2024-07-01T10:38:58,2,23,0,25
2024-07-01T10:46:09,2,23,0,25
2024-07-01T10:53:20,2,23,0,25
2024-07-01T11:00:31,2,23,0,25
2024-07-01T11:07:42,2,23,0,25
2024-07-01T11:14:53,2,23,0,25
2024-07-01T11:22:04,2,23,0,25
2024-07-01T11:29:27,2,23,0,25
2024-07-01T11:36:38,2,23,0,25
2024-07-01T11:43:49,2,23,0,25
2024-07-01T11:51:00,2,23,0,25
2024-07-01T11:58:10,2,23,0,25
2024-07-01T12:05:21,2,23,0,25
2024-07-01T12:12:32,2,23,0,25
2024-07-01T12:19:43,2,23,0,25
2024-07-01T12:26:53,2,23,0,25
2024-07-01T12:34:04,2,23,0,25
2024-07-01T12:41:15,2,23,0,25
2024-07-01T12:48:35,2,23,0,25
2024-07-01T12:55:46,2,23,0,25
2024-07-01T13:02:57,2,23,0,25
2024-07-01T13:10:08,2,23,0,25
2024-07-01T13:17:19,2,23,0,25
2024-07-01T13:24:30,2,23,0,25
2024-07-01T13:31:41,2,23,0,25
2024-07-01T13:38:51,2,23,0,25
2024-07-01T13:46:02,2,23,0,25
2024-07-01T13:53:13,2,23,0,25
2024-07-01T14:00:24,2,23,0,25
2024-07-01T14:07:45,2,23,0,25
2024-07-01T14:14:56,2,23,0,25
2024-07-01T14:22:08,2,23,0,25
2024-07-01T14:29:19,2,23,0,25
2024-07-01T14:36:30,2,23,0,25
2024-07-01T14:43:41,2,23,0,25
2024-07-01T14:50:52,2,23,0,25
2024-07-01T14:58:03,2,23,0,25
2024-07-01T15:05:16,2,23,0,25
2024-07-01T15:12:27,2,23,0,25
2024-07-01T15:19:38,2,23,0,25
2024-07-01T15:26:49,2,23,0,25
2024-07-01T15:34:10,2,23,0,25
2024-07-01T15:41:21,2,23,0,25
2024-07-01T15:48:31,2,23,0,25
2024-07-01T15:55:42,2,23,0,25
2024-07-01T16:02:53,2,23,0,25
2024-07-01T16:10:03,2,23,0,25
2024-07-01T16:17:14,2,23,0,25
2024-07-01T16:24:25,2,23,0,25
2024-07-01T16:31:35,2,23,0,25
2024-07-01T16:38:46,2,23,0,25
2024-07-01T16:45:57,2,23,0,25
2024-07-01T16:53:08,2,23,0,25
2024-07-01T17:00:18,2,23,0,25
2024-07-01T17:07:29,2,23,0,25
2024-07-01T17:14:40,2,23,0,25
2024-07-01T17:21:51,2,23,0,25
2024-07-01T17:29:12,2,23,0,25
2024-07-01T17:36:22,2,23,0,25
2024-07-01T17:43:32,2,23,0,25
2024-07-01T17:50:43,2,23,0,25
2024-07-01T17:57:54,2,23,0,25
2024-07-01T18:05:05,2,23,0,25
2024-07-01T18:12:15,2,23,0,25
2024-07-01T18:19:26,2,23,0,25
2024-07-01T18:26:37,2,23,0,25
2024-07-01T18:33:47,2,23,0,25
2024-07-01T18:40:58,2,23,0,25
2024-07-01T18:48:08,2,23,0,25
2024-07-01T18:55:19,2,23,0,25
2024-07-01T19:02:30,2,23,0,25
2024-07-01T19:09:41,2,23,0,25
2024-07-01T19:16:52,2,23,0,25
2024-07-01T19:24:03,2,23,0,25
2024-07-01T19:31:14,2,23,0,25
2024-07-01T19:38:33,2,23,0,25
2024-07-01T19:45:44,2,23,0,25
2024-07-01T19:52:55,2,23,0,25
2024-07-01T20:00:06,2,23,0,25
2024-07-01T20:07:16,2,23,0,25
2024-07-01T20:14:27,2,23,0,25
2024-07-01T20:21:38,2,23,0,25
2024-07-01T20:28:48,2,23,0,25
2024-07-01T20:35:59,2,23,0,25
2024-07-01T20:43:10,2,23,0,25
2024-07-01T20:50:21,2,23,0,25
2024-07-01T20:57:31,2,23,0,25
2024-07-01T21:04:42,2,23,0,25
2024-07-01T21:11:52,2,23,0,25
2024-07-01T21:19:04,2,23,0,25
2024-07-01T21:26:16,2,23,0,25
2024-07-01T21:33:37,2,23,0,25
2024-07-01T21:40:47,2,23,0,25
2024-07-01T21:47:58,2,23,0,25
2024-07-01T21:55:09,2,23,0,25
2024-07-01T22:02:20,2,23,0,25
2024-07-01T22:09:31,2,23,0,25
2024-07-01T22:16:42,2,23,0,25
2024-07-01T22:23:52,2,23,0,25
2024-07-01T22:31:03,2,23,0,25
2024-07-01T22:38:14,2,23,0,25
2024-07-01T22:45:24,2,23,0,25
2024-07-01T22:52:35,2,23,0,25
2024-07-01T22:59:46,2,23,0,25
2024-07-01T23:06:57,2,23,0,25
2024-07-01T23:14:08,2,23,0,25
2024-07-01T23:21:19,2,23,0,25
2024-07-01T23:28:30,2,23,0,25
2024-07-01T23:35:41,2,23,0,25
2024-07-01T23:42:52,2,23,0,25
2024-07-01T23:50:03,2,23,0,25
2024-07-01T23:57:14,2,23,0,25
2024-07-02T00:04:35,2,23,0,25
2024-07-02T00:11:49,2,23,0,25
2024-07-02T00:19:01,2,23,0,25
2024-07-02T00:26:15,2,23,0,25
2024-07-02T00:33:28,2,23,0,25
2024-07-02T00:40:40,2,23,0,25
2024-07-02T00:47:52,2,23,0,25
2024-07-02T00:55:06,2,23,0,25
2024-07-02T01:02:18,2,23,0,25
2024-07-02T01:09:30,2,23,0,25
2024-07-02T01:16:41,2,23,0,25
2024-07-02T01:23:52,2,23,0,25
2024-07-02T01:31:04,2,23,0,25
2024-07-02T01:38:16,2,23,0,25
2024-07-02T01:45:27,2,23,0,25
2024-07-02T01:52:39,2,23,0,25
2024-07-02T01:59:59,2,23,0,25
2024-07-02T02:07:13,2,23,0,25
2024-07-02T02:14:25,2,23,0,25
2024-07-02T02:21:37,2,23,0,25
2024-07-02T02:28:48,2,23,0,25
2024-07-02T02:36:00,2,23,0,25
2024-07-02T02:43:11,2,23,0,25
2024-07-02T02:50:22,2,23,0,25
2024-07-02T02:57:33,2,23,0,25
2024-07-02T03:04:44,2,23,0,25
2024-07-02T03:11:56,2,23,0,25
2024-07-02T03:19:07,2,23,0,25
2024-07-02T03:26:18,2,23,0,25
2024-07-02T03:33:29,2,23,0,25
2024-07-02T03:40:40,2,23,0,25
2024-07-02T03:47:51,2,23,0,25
2024-07-02T03:55:02,2,23,0,25
2024-07-02T04:02:14,2,23,0,25
2024-07-02T04:09:25,2,23,0,25
2024-07-02T04:24:31,2,23,0,25
2024-07-02T04:31:44,2,23,0,25
2024-07-02T04:38:56,2,23,0,25
2024-07-02T04:46:07,2,23,0,25
2024-07-02T04:53:20,2,23,0,25
2024-07-02T05:00:33,2,23,0,25
2024-07-02T05:07:56,2,23,0,25
2024-07-02T05:16:17,2,23,0,25
2024-07-02T05:23:50,2,23,0,25
2024-07-02T05:31:02,2,23,0,25
2024-07-02T05:38:17,2,23,0,25
2024-07-02T05:45:29,2,23,0,25
2024-07-02T05:52:41,2,23,0,25
2024-07-02T05:59:52,2,23,0,25
2024-07-02T06:07:04,2,23,0,25
2024-07-02T06:14:16,2,23,0,25
2024-07-02T06:21:27,2,23,0,25
2024-07-02T06:28:38,2,23,0,25
2024-07-02T06:35:49,2,23,0,25
2024-07-02T06:43:01,2,23,0,25
2024-07-02T06:50:12,2,23,0,25
2024-07-02T06:57:24,2,23,0,25
2024-07-02T07:04:36,2,23,0,25
2024-07-02T07:11:47,2,23,0,25
2024-07-02T07:18:59,2,23,0,25
2024-07-02T07:26:10,2,23,0,25
2024-07-02T07:33:22,2,23,0,25
2024-07-02T07:40:33,2,23,0,25
2024-07-02T07:47:44,2,23,0,25
2024-07-02T07:54:55,2,23,0,25
2024-07-02T08:02:06,2,23,0,25
2024-07-02T08:09:31,2,23,0,25
2024-07-02T08:16:42,2,23,0,25
2024-07-02T08:23:57,2,23,0,25
2024-07-02T08:31:08,2,23,0,25
2024-07-02T08:38:21,2,23,0,25
2024-07-02T08:45:35,2,23,0,25
2024-07-02T08:52:48,2,23,0,25
2024-07-02T09:00:01,2,23,0,25
2024-07-02T09:07:13,2,23,0,25
2024-07-02T09:14:24,2,23,0,25
2024-07-02T09:21:37,2,23,0,25
2024-07-02T09:28:49,2,23,0,25
2024-07-02T09:36:01,2,23,0,25
2024-07-02T09:43:12,2,23,0,25
2024-07-02T09:50:24,2,23,0,25
2024-07-02T09:57:35,2,23,0,25
2024-07-02T10:04:46,2,23,0,25
2024-07-02T10:11:58,2,23,0,25
2024-07-02T10:19:09,2,23,0,25
2024-07-02T10:26:20,2,23,0,25
2024-07-02T10:33:44,2,23,0,25
2024-07-02T10:40:55,2,23,0,25
2024-07-02T10:48:07,2,23,0,25
2024-07-02T10:55:18,2,23,0,25
2024-07-02T11:02:29,2,23,0,25
2024-07-02T11:09:41,2,23,0,25
2024-07-02T11:16:52,2,23,0,25
2024-07-02T11:24:04,2,23,0,25
2024-07-02T11:31:15,2,23,0,25
2024-07-02T11:38:27,2,23,0,25
2024-07-02T11:45:39,2,23,0,25
2024-07-02T11:52:50,2,23,0,25
2024-07-02T12:00:01,2,23,0,25
2024-07-02T12:07:30,2,23,0,25
2024-07-02T12:14:41,2,23,0,25
2024-07-02T12:21:52,2,23,0,25
2024-07-02T12:29:02,2,23,0,25
2024-07-02T12:36:13,2,23,0,25
2024-07-02T12:43:24,2,23,0,25
2024-07-02T12:50:35,2,23,0,25
2024-07-02T12:57:46,2,23,0,25
2024-07-02T13:04:57,2,23,0,25
2024-07-02T13:12:08,2,23,0,25
2024-07-02T13:19:19,2,23,0,25
2024-07-02T13:26:30,2,23,0,25
2024-07-02T13:33:41,2,23,0,25
2024-07-02T13:41:02,2,23,0,25
2024-07-02T13:48:13,2,23,0,25
2024-07-02T13:55:24,2,23,0,25
2024-07-02T14:02:35,2,23,0,25
2024-07-02T14:09:47,2,23,0,25
2024-07-02T14:16:57,2,23,0,25
2024-07-02T14:24:08,2,23,0,25
2024-07-02T14:31:19,2,23,0,25
2024-07-02T14:38:30,2,23,0,25
2024-07-02T14:45:41,2,23,0,25
2024-07-02T14:53:03,2,23,0,25
2024-07-02T15:00:14,2,23,0,25
2024-07-02T15:07:24,2,23,0,25
2024-07-02T15:14:35,2,23,0,25
2024-07-02T15:21:46,2,23,0,25
2024-07-02T15:28:56,2,23,0,25
2024-07-02T15:36:07,2,23,0,25
2024-07-02T15:43:18,2,23,0,25
2024-07-02T15:50:31,2,23,0,25
2024-07-02T15:57:41,2,23,0,25
2024-07-02T16:04:52,2,23,0,25
2024-07-02T16:12:03,2,23,0,25
2024-07-02T16:19:23,2,23,0,25
2024-07-02T16:26:34,2,23,0,25
2024-07-02T16:33:45,2,23,0,25
2024-07-02T16:40:56,2,23,0,25
2024-07-02T16:48:07,2,23,0,25
2024-07-02T16:55:17,2,23,0,25
2024-07-02T17:02:29,2,23,0,25
2024-07-02T17:09:40,2,23,0,25
2024-07-02T17:16:51,2,23,0,25
2024-07-02T17:24:02,2,23,0,25
2024-07-02T17:31:12,2,23,0,25
2024-07-02T17:38:23,2,23,0,25
2024-07-02T17:45:34,2,23,0,25
2024-07-02T17:52:45,2,23,0,25
2024-07-02T17:59:55,2,23,0,25
2024-07-02T18:07:26,2,23,0,25
2024-07-02T18:14:37,2,23,0,25
2024-07-02T18:21:48,2,23,0,25
2024-07-02T18:28:59,2,23,0,25
2024-07-02T18:36:09,2,23,0,25
2024-07-02T18:43:20,2,23,0,25
2024-07-02T18:50:31,2,23,0,25
2024-07-02T18:57:42,2,23,0,25
2024-07-02T19:04:52,2,23,0,25
2024-07-02T19:12:03,2,23,0,25
2024-07-02T19:19:14,2,23,0,25
2024-07-02T19:26:25,2,23,0,25
2024-07-02T19:33:36,2,23,0,25
2024-07-02T19:40:46,2,23,0,25
2024-07-02T19:47:57,2,23,0,25
2024-07-02T19:55:08,2,23,0,25
2024-07-02T20:02:29,2,23,0,25
2024-07-02T20:09:39,2,23,0,25
2024-07-02T20:16:50,2,23,0,25
2024-07-02T20:24:01,2,23,0,25
2024-07-02T20:31:11,2,23,0,25
2024-07-02T20:38:22,2,23,0,25
2024-07-02T20:45:33,2,23,0,25
2024-07-02T20:52:43,2,23,0,25
2024-07-02T20:59:54,2,23,0,25
2024-07-02T21:07:05,2,23,0,25
2024-07-02T21:14:16,2,23,0,25
2024-07-02T21:21:27,2,23,0,25
2024-07-02T21:28:39,2,23,0,25
2024-07-02T21:35:49,2,23,0,25
2024-07-02T21:43:00,2,23,0,25
2024-07-02T21:50:12,2,23,0,25
2024-07-02T21:57:23,2,23,0,25
2024-07-02T22:04:34,2,23,0,25
2024-07-02T22:11:45,2,23,0,25
2024-07-02T22:18:55,2,23,0,25
2024-07-02T22:26:16,2,23,0,25
2024-07-02T22:33:27,2,23,0,25
2024-07-02T22:40:38,2,23,0,25
2024-07-02T22:47:49,2,23,0,25
2024-07-02T22:55:00,2,23,0,25
2024-07-02T23:02:11,2,23,0,25
2024-07-02T23:09:22,2,23,0,25
2024-07-02T23:16:32,2,23,0,25
2024-07-02T23:23:44,2,23,0,25
2024-07-02T23:30:55,2,23,0,25
2024-07-02T23:38:05,2,23,0,25
2024-07-02T23:45:17,2,23,0,25
2024-07-02T23:52:28,2,23,0,25
2024-07-02T23:59:39,2,23,0,25
2024-07-03T00:06:51,2,23,0,25
2024-07-03T00:14:03,2,23,0,25
2024-07-03T00:21:15,2,23,0,25
2024-07-03T00:28:27,2,23,0,25
2024-07-03T00:35:39,2,23,0,25
2024-07-03T00:43:01,2,23,0,25
2024-07-03T00:50:12,2,23,0,25
2024-07-03T00:57:25,2,23,0,25
2024-07-03T01:04:36,2,23,0,25
2024-07-03T01:11:48,2,23,0,25
2024-07-03T01:19:00,2,23,0,25
2024-07-03T01:26:12,2,23,0,25
2024-07-03T01:33:24,2,23,0,25
2024-07-03T01:40:36,2,23,0,25
2024-07-03T01:47:47,2,23,0,25
2024-07-03T01:54:59,2,23,0,25
2024-07-03T02:02:11,2,23,0,25
2024-07-03T02:09:23,2,23,0,25
2024-07-03T02:16:35,2,23,0,25
2024-07-03T02:23:46,2,23,0,25
2024-07-03T02:30:58,2,23,0,25
2024-07-03T02:38:10,2,23,0,25
2024-07-03T02:45:21,2,23,0,25
2024-07-03T02:52:32,2,23,0,25
2024-07-03T02:59:43,2,23,0,25
2024-07-03T03:06:54,2,23,0,25
2024-07-03T03:14:05,2,23,0,25
2024-07-03T03:21:16,2,23,0,25
2024-07-03T03:28:27,2,23,0,25
2024-07-03T03:35:55,2,23,0,25
2024-07-03T03:43:16,2,23,0,25
2024-07-03T03:50:28,2,23,0,25
2024-07-03T03:57:39,2,23,0,25
2024-07-03T04:04:51,2,23,0,25
2024-07-03T04:12:02,2,23,0,25
2024-07-03T04:28:54,2,23,0,25
2024-07-03T04:36:34,2,23,0,25
2024-07-03T04:43:46,2,23,0,25
2024-07-03T04:50:57,2,23,0,25
2024-07-03T04:58:10,2,23,0,25
2024-07-03T05:05:21,2,23,0,25
2024-07-03T05:12:37,2,23,0,25
2024-07-03T05:19:50,2,23,0,25
2024-07-03T05:27:01,2,23,0,25
2024-07-03T05:34:13,2,23,0,25
2024-07-03T05:41:25,2,23,0,25
2024-07-03T05:48:38,2,23,0,25
2024-07-03T05:55:49,2,23,0,25
2024-07-03T06:03:00,2,23,0,25
2024-07-03T06:10:12,2,23,0,25
2024-07-03T06:17:23,2,23,0,25
2024-07-03T06:24:35,2,23,0,25
2024-07-03T06:31:50,2,23,0,25
2024-07-03T06:39:02,2,23,0,25
2024-07-03T06:46:13,2,23,0,25
2024-07-03T06:53:24,2,23,0,25
2024-07-03T07:00:36,2,23,0,25
2024-07-03T07:07:48,2,23,0,25
2024-07-03T07:15:00,2,23,0,25
2024-07-03T07:22:11,2,23,0,25
2024-07-03T07:29:22,2,23,0,25
2024-07-03T07:36:33,2,23,0,25
2024-07-03T07:43:44,2,23,0,25
2024-07-03T07:50:55,2,23,0,25
2024-07-03T07:58:06,2,23,0,25
2024-07-03T08:05:17,2,23,0,25
2024-07-03T08:12:29,2,23,0,25
2024-07-03T08:19:40,2,23,0,25
2024-07-03T08:26:52,2,23,0,25
2024-07-03T08:34:03,2,23,0,25
2024-07-03T08:41:25,2,23,0,25
2024-07-03T08:48:36,2,23,0,25
2024-07-03T08:55:46,2,23,0,25
2024-07-03T09:02:57,2,23,0,25
2024-07-03T09:10:08,2,23,0,25
2024-07-03T09:17:19,2,23,0,25
2024-07-03T09:24:30,2,23,0,25
2024-07-03T09:31:41,2,23,0,25
2024-07-03T09:38:52,2,23,0,25
2024-07-03T09:46:03,2,23,0,25
2024-07-03T09:53:13,2,23,0,25
2024-07-03T10:00:24,2,23,0,25
2024-07-03T10:07:35,2,23,0,25
2024-07-03T10:14:46,2,23,0,25
